tradedate,tradetime,ticker,pr_open,pr_high,pr_low,pr_close,pr_std,vol,val,trades,pr_vwap,pr_change,trades_b,trades_s,val_b_obstat,val_s_obstat,vol_b_obstat,vol_s_obstat,disb,pr_vwap_b,pr_vwap_s,sec_pr_open,sec_pr_high,sec_pr_low,sec_pr_close,put_orders_b,put_orders_s,put_val_b,put_val_s,put_vol_b,put_vol_s,put_vwap_b,put_vwap_s,put_vol,put_val,put_orders,cancel_orders_b,cancel_orders_s,cancel_val_b,cancel_val_s,cancel_vol_b,cancel_vol_s,cancel_vwap_b,cancel_vwap_s,cancel_vol,cancel_val,cancel_orders,spread_bbo,spread_lv10,spread_1mio,levels_b,levels_s,vol_b_order,vol_s_order,val_b_order,val_s_order,imbalance_vol_bbo,imbalance_val_bbo,imbalance_vol,imbalance_val,vwap_b,vwap_s,vwap_b_1mio,vwap_s_1mio
2025-01-03,10:05:00,SBER,279.99,280.41,279.2,279.54,0.0001,241287,675113092,3856,279.8,-0.1607,2051,1805,291721151,383391941,104248,137039,-0.14,279.83,279.77,1,159,102,300,48196,60474,22049299795,27752961761,7918008,9947001,278.47,279.01,17865009,49802261556,108670,46089,58405,21434894764,27071918391,7664438,9668789,279.67,279.99,17333227,48506813155,104494,1.0,9.6,1.7,755,471,210977,224125,575184410,644588519,0.08,0.08,-0.03,-0.06,272.57,287.64,279.79,279.84
2025-01-03,10:10:00,SBER,279.54,279.56,278.11,278.4,0.0001,228933,638680676,2776,278.98,-0.4078,1073,1703,217852082,420828593,78102,150831,-0.32,278.93,279.01,1,1,232,300,76351,85962,36424763559,42167280623,13103738,15194216,277.97,277.52,28297954,78592044183,162313,74802,84595,36033349987,41788054262,12931057,14981542,278.66,278.93,27912599,77821404249,159397,1.4,11.6,2.5,743,527,185877,265719,504177610,761898120,-0.07,-0.07,-0.18,-0.2,271.22,286.73,278.89,278.96
2025-01-03,10:15:00,SBER,278.53,279.21,278.14,278.4,0.0001,101954,284080626,1916,278.64,-0.0467,1070,846,126564339,157516287,45401,56553,-0.11,278.77,278.53,2,139,9,300,83635,73550,44448961308,39290402946,15966275,14122142,278.39,278.22,30088417,83739364255,157185,82204,72710,44081210119,39096797762,15823471,14022901,278.58,278.81,29846372,83178007881,154914,0.9,9.5,2.2,768,553,228826,272020,622592289,779656611,-0.15,-0.15,-0.09,-0.11,272.06,286.62,278.64,278.7
2025-01-03,10:20:00,SBER,278.42,279.01,278.3,278.32,0.0,61568,171522940,1532,278.59,-0.0359,812,720,82880821,88642118,29745,31823,-0.03,278.64,278.55,1,167,289,300,32169,32886,16448827155,14938847306,5914709,5364795,278.1,278.46,11279504,31387674462,65055,31222,32062,16225824374,14800182586,5824827,5309202,278.56,278.76,11134029,31026006961,63284,0.5,8.1,1.6,795,568,270775,274809,738578389,787593926,0.14,0.14,-0.01,-0.03,272.75,286.6,278.56,278.6
2025-01-03,10:25:00,SBER,278.32,278.44,277.77,277.8,0.0,117768,327574944,2027,278.15,-0.1868,693,1334,77488290,250086654,27861,89907,-0.53,278.12,278.16,1,41,274,300,10854,26015,5968457534,13006868831,2155491,4701740,276.9,276.64,6857231,18975326365,36869,9935,24944,5792588440,12755965881,2084430,4584570,277.9,278.24,6669000,18548554321,34879,0.5,7.6,0.8,787,583,266628,282412,726194889,808573819,0.22,0.22,-0.03,-0.05,272.33,286.31,278.21,278.23
2025-01-03,10:30:00,SBER,277.8,277.81,276.53,276.89,0.0001,206111,571014082,2818,277.04,-0.3276,1068,1750,174779508,396234574,63092,143019,-0.39,277.02,277.05,1,1,214,300,32853,42467,18389691982,22073043843,6663732,8042246,275.97,274.46,14705978,40462735825,75320,31229,41100,17929303505,21733921066,6476102,7837915,276.85,277.29,14314017,39663224572,72329,0.6,8.0,1.2,752,633,213638,298366,578449341,852481199,0.0,0.0,-0.17,-0.19,270.75,285.72,277.0,277.04
2025-01-03,10:35:00,SBER,276.89,277.62,276.76,277.47,0.0,68099,188742123,1256,277.16,0.2095,897,359,138697349,50044774,50035,18064,0.47,277.2,277.04,1,291,22,300,7654,13489,4478732773,7137578988,1644591,2579831,272.33,276.67,4224422,11616311762,21143,6692,12921,4316318550,6964525736,1558757,2511310,276.91,277.33,4070067,11280844287,19613,0.4,7.9,0.9,792,652,251248,300928,681578790,859535560,-0.01,-0.01,-0.09,-0.12,271.27,285.63,277.07,277.1
2025-01-03,10:40:00,SBER,277.45,277.73,277.34,277.48,0.0,43119,119659230,740,277.51,0.0108,435,305,72990343,46668886,26300,16819,0.22,277.53,277.48,1,206,61,299,40694,24001,22740103518,12118344572,8216553,4370727,276.76,277.26,12587280,34858448091,64695,40155,23625,22658694360,12017097315,8170219,4328626,277.33,277.62,12498845,34675791675,63780,0.5,8.1,1.2,846,654,260922,307847,708480677,879003320,0.06,0.06,-0.08,-0.11,271.53,285.53,277.46,277.5
2025-01-03,10:45:00,SBER,277.5,277.5,276.6,276.87,0.0,79726,220820913,1300,276.97,-0.227,457,843,58153715,162667198,21006,58720,-0.47,276.84,277.02,1,1,225,299,12265,28361,6670233224,16126533977,2414560,5853310,276.25,275.51,8267870,22796767202,40626,11624,27716,6526694650,16034743125,2356789,5785480,276.93,277.15,8142269,22561437776,39340,0.6,8.0,1.2,815,685,250296,302285,678695305,863623880,0.17,0.17,-0.09,-0.12,271.15,285.7,276.93,276.96
2025-01-03,10:50:00,SBER,276.87,276.87,275.65,276.07,0.0001,105235,290487743,2288,276.04,-0.2889,718,1570,108744691,181743052,39406,65829,-0.25,275.96,276.08,1,1,196,300,31002,64826,15352987044,30571031165,5583240,11099563,274.98,275.43,16682803,45924018209,95828,29897,63624,15103690383,30394045485,5475010,11001900,275.87,276.26,16476910,45497735868,93521,1.1,8.6,2.1,760,719,232831,307571,629198846,878018319,-0.15,-0.15,-0.14,-0.17,270.23,285.47,276.02,276.08
2025-01-03,10:55:00,SBER,276.0,276.14,275.2,275.52,0.0001,124103,341955696,1548,275.54,-0.1739,633,915,165987119,175968577,60242,63861,-0.03,275.53,275.55,3,233,93,300,28343,42585,13892924939,20846182228,5060231,7595104,274.55,274.47,12655335,34739107168,70928,27394,41762,13682236837,20559548386,4967109,7456247,275.46,275.74,12423356,34241785223,69156,0.7,8.4,1.5,757,748,246994,325845,665857268,928234919,0.07,0.07,-0.14,-0.16,269.58,284.89,275.58,275.62
2025-01-03,11:00:00,SBER,275.52,276.0,275.52,275.8,0.0001,41692,114954775,797,275.72,0.1016,434,363,72802382,42152393,26401,15291,0.27,275.76,275.67,1,222,1,300,26383,41476,19241550656,19892966698,6988043,7214603,275.35,275.73,14202646,39134517354,67859,25799,41027,19126341892,19769045612,6940607,7166473,275.57,275.85,14107080,38895387504,66826,0.8,8.5,1.6,793,750,266077,332508,717960768,946850195,-0.12,-0.12,-0.11,-0.14,269.83,284.76,275.69,275.73
2025-01-03,11:05:00,SBER,275.8,275.8,275.11,275.11,0.0,75181,207022374,1210,275.37,-0.2502,429,781,78379529,128642845,28458,46723,-0.24,275.42,275.33,1,1,252,300,26599,47758,18515830353,21585013731,6732990,7844196,275.0,275.17,14577186,40100844084,74357,25833,47278,18257943321,21481228679,6630855,7794249,275.35,275.6,14425104,39739172000,73111,0.7,8.4,1.3,785,767,294056,338560,794449452,963509359,-0.04,-0.04,-0.07,-0.1,270.17,284.59,275.37,275.41
2025-01-03,11:10:00,SBER,275.11,275.2,274.63,274.68,0.0,91728,252207449,1793,274.95,-0.1563,606,1187,58269705,193937744,21190,70538,-0.54,274.99,274.94,1,109,245,300,21010,34280,10610452878,17178149009,3869547,6267865,274.2,274.07,10137412,27788601887,55290,20241,33389,10516992629,17026115095,3825997,6188018,274.88,275.15,10014015,27543107724,53630,0.7,8.3,1.5,771,786,263834,342401,710870534,973836308,0.14,0.14,-0.13,-0.16,269.43,284.41,274.93,274.98
2025-01-03,11:15:00,SBER,274.69,275.08,274.5,275.02,0.0001,62811,172572050,1223,274.75,0.1201,665,558,80052751,92519299,29125,33686,-0.07,274.86,274.65,1,56,89,300,49940,33033,23437272544,26214065146,8543348,9560825,274.33,274.18,18104173,49651337691,82973,49120,32467,23259076806,26157726691,8466832,9512670,274.71,274.98,17979502,49416803498,81587,0.8,8.6,2.4,773,800,266324,342036,716763365,972230430,-0.31,-0.31,-0.12,-0.15,269.13,284.25,274.78,274.84
2025-01-03,11:20:00,SBER,275.02,275.32,274.9,275.15,0.0001,51931,142845000,1133,275.07,0.0473,763,370,97318937,45526063,35379,16552,0.36,275.08,275.05,1,236,25,300,23114,12457,10805966856,6860299724,3943910,2498405,273.99,274.59,6442315,17666266580,35571,22367,11908,10737291035,6730776548,3905882,2445078,274.9,275.28,6350960,17468067584,34275,0.6,8.5,2.0,804,791,261637,340486,703543903,967453594,0.01,0.01,-0.13,-0.16,268.9,284.14,275.02,275.08
2025-01-03,11:25:00,SBER,275.15,275.46,274.97,275.27,0.0,78145,215086307,1113,275.24,0.0436,596,517,94954369,120131939,34496,43649,-0.12,275.26,275.22,2,111,177,299,26746,70244,15792596883,33921978221,5764531,12325636,273.96,275.21,18090167,49714575105,96990,26178,69561,15688387043,33753233626,5703751,12253097,275.05,275.47,17956848,49441620670,95739,0.5,8.6,1.6,823,788,272870,345380,734413850,980986767,0.03,0.03,-0.12,-0.14,269.13,284.03,275.2,275.24
2025-01-03,11:30:00,SBER,275.27,275.28,274.92,275.22,0.0001,23694,65188047,550,275.12,-0.0182,291,259,34725602,30462446,12622,11072,0.07,275.12,275.13,1,1,73,299,23636,9341,22985355102,5016290230,8369237,1824343,274.64,274.96,10193580,28001645332,32977,23219,9118,22924966212,4947699205,8339288,1797031,274.9,275.33,10136319,27872665417,32337,1.0,8.8,2.3,826,792,269993,347380,726357243,986575630,-0.36,-0.36,-0.13,-0.15,269.03,284.0,275.14,275.2
2025-01-03,11:35:00,SBER,275.22,275.22,274.3,274.9,0.0,49372,135600480,3371,274.65,-0.1163,433,2938,33334006,102266474,12132,37240,-0.51,274.76,274.61,1,1,121,293,56092,79619,38637310615,35949727673,14074616,13093585,274.52,274.56,27168201,74587038289,135711,55455,76863,38513768947,35865521035,14024032,13052290,274.63,274.78,27076322,74379289983,132318,1.1,8.6,2.6,797,809,267934,349441,720320476,992129153,-0.12,-0.12,-0.13,-0.16,268.84,283.92,274.7,274.77
2025-01-03,11:40:00,SBER,274.96,275.75,274.94,275.75,0.0001,40979,112840134,780,275.36,0.2873,572,208,94353658,18486476,34265,6714,0.67,275.36,275.34,1,292,1,300,12931,27621,6677866497,12942322532,2439164,4702626,273.78,275.21,7141790,19620189029,40552,12350,27307,6582859865,12859361753,2393355,4671060,275.05,275.3,7064415,19442221618,39657,0.9,8.4,1.6,837,793,278171,348930,748321875,990781189,-0.22,-0.22,-0.11,-0.14,269.01,283.95,275.2,275.25
2025-01-03,11:45:00,SBER,275.75,275.82,275.38,275.4,0.0,37278,102750842,686,275.63,-0.1269,329,357,32628918,70121924,11837,25441,-0.36,275.65,275.63,1,16,96,298,36584,8761,16585129963,5113512138,6027284,1855628,275.17,275.57,7882912,21698642102,45345,36129,8304,16530612583,4720491031,6002948,1711833,275.37,275.76,7714781,21251103615,44433,0.7,8.2,1.8,867,785,280444,448215,754683228,1264973637,-0.19,-0.19,-0.23,-0.25,269.1,282.24,275.54,275.59
2025-01-03,11:50:00,SBER,275.39,275.75,274.85,275.52,0.0001,49879,137316778,827,275.3,0.0472,406,421,48818063,88498715,17736,32143,-0.29,275.25,275.33,2,209,271,300,22984,16327,9760800289,7587504967,3552207,2760227,274.78,274.89,6312434,17348305257,39311,22415,16073,9661605004,7455085092,3511278,2705790,275.16,275.52,6217068,17116690097,38488,0.7,8.7,1.6,860,802,284378,455935,765404630,1286333155,-0.29,-0.29,-0.23,-0.25,269.15,282.13,275.38,275.43
2025-01-03,11:55:00,SBER,275.55,275.62,275.1,275.32,0.0001,13859,38162077,404,275.36,-0.0835,219,185,15686669,22475408,5697,8162,-0.18,275.35,275.37,7,41,211,296,19015,29244,8401385640,17345630680,3054780,6299906,275.02,275.33,9354686,25747016321,48259,18674,29037,8323792486,17315504906,3024263,6286846,275.23,275.42,9311109,25639297393,47711,1.0,8.7,2.0,853,813,279027,462970,750563446,1305864013,-0.18,-0.18,-0.25,-0.27,268.99,282.06,275.27,275.32
2025-01-03,12:00:00,SBER,275.39,275.47,274.85,275.04,0.0001,16011,44041686,488,275.07,-0.1271,208,280,23810268,20231418,8655,7356,0.08,275.1,275.03,1,10,119,299,9514,23309,4741053766,13004396328,1727865,4726095,274.39,275.16,6453960,17745450094,32823,9194,23043,4740578629,12979587910,1724210,4714266,274.94,275.33,6438476,17720166540,32237,0.8,8.6,1.9,846,821,283828,465551,763635104,1312949710,-0.18,-0.18,-0.24,-0.26,269.05,282.02,275.07,275.13
2025-01-03,12:05:00,SBER,275.11,275.29,274.38,274.38,0.0001,41093,112934433,761,274.83,-0.2653,222,539,18110540,94823893,6583,34510,-0.68,275.11,274.77,1,130,300,300,35261,17498,12330306899,10306819688,4491345,3768543,274.53,273.5,8259888,22637126587,52759,34879,17154,12257984099,10246375333,4459484,3723705,274.87,275.17,8183189,22504359433,52033,1.2,8.9,2.7,840,833,287635,466618,774254573,1315968354,-0.2,-0.21,-0.24,-0.26,269.18,282.02,275.03,275.1
2025-01-03,12:10:00,SBER,274.41,274.92,274.31,274.46,0.0001,25639,70381602,883,274.51,0.0182,375,508,33068422,37313180,12044,13595,-0.06,274.56,274.46,1,75,3,300,46623,64172,21578639648,35330464906,7865551,12865263,274.34,274.62,20730814,56909104554,110795,46130,63635,21441708361,35210504113,7809732,12817269,274.55,274.71,20627001,56652212474,109765,1.0,8.6,2.6,799,859,291715,467952,784130105,1320428872,0.06,0.06,-0.23,-0.25,268.8,282.21,274.48,274.55
2025-01-03,12:15:00,SBER,274.46,274.81,274.31,274.61,0.0,19761,54241963,1523,274.49,0.0547,458,1065,25846118,28395846,9415,10346,-0.05,274.52,274.46,1,186,134,300,19641,57153,9833581881,31823472625,3589485,11590614,273.96,274.56,15180099,41657054507,76794,19238,55906,9731078987,31771525244,3545858,11567854,274.44,274.65,15113712,41502604231,75144,1.2,8.7,2.2,804,866,318097,497036,855487091,1402442479,-0.3,-0.3,-0.22,-0.24,268.93,282.16,274.48,274.54
2025-01-03,12:20:00,SBER,274.61,274.92,274.6,274.8,0.0,19692,54096760,1416,274.71,0.0692,214,1202,24544458,29552302,8934,10758,-0.09,274.73,274.7,1,163,90,296,21584,55535,9520978579,35338115288,3470362,12861019,274.35,274.77,16331381,44859093868,77119,21252,54252,9470737997,35306636150,3448265,12845334,274.65,274.86,16293599,44777374148,75504,1.4,9.0,2.7,824,876,335141,497002,902212633,1402277483,0.3,0.3,-0.19,-0.22,269.2,282.15,274.69,274.77
2025-01-03,12:25:00,SBER,274.8,274.93,274.7,274.71,0.0001,13775,37859911,369,274.85,-0.0328,200,169,17541230,20318681,6382,7393,-0.07,274.85,274.84,3,225,295,300,3101,22338,1568839459,12660269342,574072,4607043,273.28,274.8,5181115,14229108802,25439,2851,22103,1529559547,12648695321,556909,4600573,274.65,274.94,5157482,14178254868,24954,0.9,8.0,2.2,838,883,343143,494519,923473658,1395391881,0.08,0.08,-0.18,-0.2,269.12,282.17,274.82,274.88
2025-01-03,12:30:00,SBER,274.71,274.72,273.88,273.91,0.0,76872,210834466,1653,274.27,-0.2912,232,1421,23207526,187626940,8463,68409,-0.78,274.22,274.27,2,2,299,300,4366,44029,2638972781,20536033201,966833,7504202,272.95,273.66,8471035,23175005982,48395,3863,43315,2575311347,20430164837,939553,7439856,274.1,274.6,8379409,23005476185,47178,0.6,7.8,1.5,808,908,324554,494324,872132150,1394663539,0.32,0.32,-0.21,-0.23,268.7,282.14,274.38,274.42
2025-01-03,12:35:00,SBER,273.9,274.36,273.71,273.88,0.0001,77587,212569214,1201,273.98,-0.0073,564,637,87196862,125372352,31825,45762,-0.18,273.99,273.97,1,247,258,300,24981,28646,11992678750,19255252939,4391276,7038092,273.1,273.59,11429368,31247931689,53627,24159,28128,11814750919,19197439073,4312858,7002036,273.94,274.17,11314894,31012189992,52287,0.8,8.1,1.8,779,923,300363,479650,805562920,1354158834,-0.24,-0.24,-0.23,-0.25,268.19,282.33,273.94,273.99
2025-01-03,12:40:00,SBER,273.94,274.33,273.89,274.01,0.0,93269,255584349,1017,274.03,0.0256,637,380,139711826,115872523,50987,42282,0.09,274.01,274.05,2,145,29,300,30683,23989,15524142520,14043228618,5674789,5124311,273.56,274.05,10799100,29567371138,54672,29894,23571,15208099867,13943746103,5551359,5085228,273.95,274.2,10636587,29151845971,53465,0.8,8.3,1.5,788,929,315156,442618,845907383,1252267314,0.05,0.05,-0.17,-0.19,268.4,282.94,274.0,274.04
2025-01-03,12:45:00,SBER,274.02,274.04,273.36,273.61,0.0001,122004,333901726,1535,273.68,-0.1496,464,1071,61006636,272895090,22300,99704,-0.63,273.57,273.71,3,9,190,298,14209,23772,6857752752,15688561819,2514302,5756831,272.75,272.52,8271133,22546314571,37981,13593,22940,6752953910,15507025056,2469866,5662902,273.41,273.84,8132768,22259978967,36533,0.7,8.0,1.4,751,960,294862,409234,790203970,1160706026,0.07,0.07,-0.16,-0.19,267.96,283.63,273.64,273.68
2025-01-03,12:50:00,SBER,273.43,273.95,273.38,273.64,0.0001,22877,62616005,721,273.71,0.0768,403,318,42722114,19893891,15607,7270,0.36,273.74,273.64,1,179,46,300,15403,55677,8215519654,52542439588,3008980,19185060,273.03,273.87,22194040,60757959243,71080,14897,55256,8137671095,52481611613,2975643,19160719,273.48,273.9,22136362,60619282709,70153,1.0,8.3,2.4,755,966,278903,401507,746382788,1138956547,-0.07,-0.07,-0.18,-0.21,267.61,283.67,273.63,273.7
2025-01-03,12:55:00,SBER,273.65,274.38,273.04,274.32,0.0,83699,228845160,3392,273.41,0.2448,2632,760,96564447,132280713,35286,48413,-0.16,273.66,273.23,1,300,168,300,44684,115652,24618847353,63175192376,9018858,23107721,272.97,273.39,32126579,87794039730,160336,42079,114979,24491228745,63064143854,8953404,23054706,273.54,273.54,32008110,87555372600,157058,1.1,8.8,2.3,732,985,272756,401907,729335341,1139862764,-0.19,-0.19,-0.19,-0.22,267.39,283.62,273.42,273.48
2025-01-03,13:00:00,SBER,274.37,274.42,273.84,273.88,0.0001,18845,51653841,550,274.1,-0.1786,317,233,30600774,21053067,11164,7681,0.18,274.1,274.09,1,12,293,299,65258,46507,50328259926,21916673746,18386079,7995821,273.73,274.1,26381900,72244933673,111765,64892,46147,50250205903,21839651002,18354155,7965735,273.78,274.17,26319890,72089856906,111039,0.9,8.5,2.0,766,950,277021,400168,740970604,1135283660,-0.12,-0.12,-0.18,-0.21,267.47,283.7,273.98,274.03
2025-01-03,13:05:00,SBER,273.88,273.97,273.53,273.65,0.0,23697,64866990,692,273.74,-0.084,272,420,23800886,41066104,8693,15004,-0.27,273.79,273.7,2,177,28,297,90883,29073,58331176708,17376851958,21317285,6354867,273.63,273.44,27672152,75708028667,119956,90328,28760,58284180256,17259665016,21298931,6302420,273.65,273.86,27601351,75543845272,119088,0.8,8.6,2.0,763,966,287287,428300,768854950,1212495969,-0.05,-0.05,-0.2,-0.22,267.63,283.1,273.72,273.77
2025-01-03,13:10:00,SBER,273.7,273.78,273.31,273.31,0.0,34417,94135860,558,273.52,-0.1425,175,383,14474187,79661673,5291,29126,-0.69,273.56,273.51,4,6,296,297,7288,11002,4584191131,6409106483,1680315,2350154,272.82,272.71,4030469,10993297615,18290,6968,10771,4536691279,6318979847,1658783,2308561,273.5,273.72,3967344,10855671127,17739,0.8,8.2,1.4,762,979,288652,447190,772177777,1264344716,-0.07,-0.07,-0.22,-0.24,267.51,282.73,273.52,273.56
2025-01-03,13:15:00,SBER,273.31,273.98,273.31,273.88,0.0001,19560,53534208,485,273.69,0.2086,374,111,46919188,6615021,17143,2417,0.75,273.69,273.69,1,141,1,300,43332,6177,18989571463,3284883114,6945305,1200897,273.42,273.54,8146202,22274454577,49509,42957,5816,18918091352,3253512971,6912079,1187688,273.7,273.94,8099767,22171604324,48773,1.0,8.3,2.2,785,967,281481,444900,752064297,1258070765,-0.14,-0.14,-0.23,-0.25,267.18,282.78,273.73,273.79
2025-01-03,13:20:00,SBER,273.88,274.0,273.83,273.99,0.0,24556,67275502,717,273.97,0.0402,442,275,54061706,13213796,19732,4824,0.61,273.98,273.92,2,140,11,300,38376,2925,16826750131,1553030129,6148634,567463,273.67,273.68,6716097,18379780261,41301,38056,2631,16781220117,1514455628,6128028,552443,273.84,274.14,6680471,18295675746,40687,0.6,8.4,1.8,802,956,290278,439141,775110322,1242433032,-0.1,-0.1,-0.2,-0.23,267.02,282.92,273.94,273.99
2025-01-03,13:25:00,SBER,273.98,274.2,273.85,274.11,0.0,13496,36987592,1096,274.06,0.0474,812,284,21883244,15104348,7984,5512,0.18,274.09,274.03,1,264,28,300,37156,9851,17574227620,4439234596,6423183,1620523,273.61,273.94,8043706,22013462217,47007,36824,8929,17548176178,4402276152,6408264,1605570,273.84,274.19,8013834,21950452330,45753,0.6,8.1,1.8,807,956,291899,436851,779537389,1236176126,0.02,0.02,-0.2,-0.23,267.06,282.97,274.01,274.06
2025-01-03,13:30:00,SBER,274.13,274.2,273.99,273.99,0.0,11458,31403668,626,274.08,-0.0511,410,216,10448359,20955309,3812,7646,-0.33,274.09,274.07,1,61,285,299,52374,3586,24239621718,2081958883,8847397,760806,273.97,273.65,9608203,26321580601,55960,51909,3370,24209745751,2070428700,8835264,754821,274.01,274.29,9590085,26280174451,55279,0.8,8.1,1.9,819,955,290914,438661,776888467,1241063926,-0.18,-0.18,-0.2,-0.23,267.05,282.92,274.06,274.11
2025-01-03,13:35:00,SBER,273.99,274.0,273.57,273.9,0.0001,13175,36067775,508,273.76,-0.0328,215,293,11022188,25045587,4026,9149,-0.39,273.78,273.75,2,234,24,299,53678,26949,24575971291,12186244483,8982153,4451791,273.61,273.74,13433944,36762215775,80627,53336,26683,24544524103,12154759780,8969448,4438638,273.65,273.84,13408086,36699283883,80019,0.9,8.7,2.3,797,977,291636,438890,778730116,1241531704,-0.18,-0.18,-0.2,-0.23,267.02,282.88,273.74,273.8
2025-01-03,13:40:00,SBER,273.86,274.23,273.79,274.19,0.0,26377,72297227,687,274.09,0.1205,410,277,44328509,27968717,16173,10204,0.23,274.09,274.1,2,139,29,300,31727,9295,15033060721,4739500218,5489273,1734183,273.86,273.3,7223456,19772560939,41022,31275,8999,14896016305,4700141639,5437405,1713828,273.95,274.25,7151233,19596157944,40274,0.9,8.1,2.1,821,953,303127,434756,809991794,1230304879,-0.13,-0.13,-0.18,-0.21,267.2,282.99,274.09,274.14
2025-01-03,13:45:00,SBER,274.18,274.32,274.12,274.32,0.0,16557,45406110,415,274.24,0.0511,276,139,36872951,8533159,13445,3112,0.62,274.25,274.2,1,296,33,300,12120,1779,6005682071,1021336041,2197667,372909,273.28,273.88,2570576,7027018113,13899,11838,1583,5971987529,999673665,2178490,364270,274.13,274.43,2542760,6971661195,13421,0.5,7.4,1.0,832,945,323818,429967,866624904,1217186008,-0.31,-0.31,-0.14,-0.17,267.63,283.09,274.21,274.24
2025-01-03,13:50:00,SBER,274.31,274.32,273.75,273.99,0.0,38509,105566766,758,274.14,-0.1167,221,537,23565802,82000964,8600,29909,-0.55,274.02,274.17,1,2,238,300,10209,17263,5029342536,7716198724,1838012,2817859,273.63,273.83,4655871,12745541261,27472,9931,16785,4965371378,7638330001,1813563,2788132,273.79,273.96,4601695,12603701379,26716,0.5,7.6,0.9,827,955,318470,425170,851884067,1204199375,0.03,0.03,-0.14,-0.17,267.49,283.23,274.1,274.12
2025-01-03,13:55:00,SBER,273.99,274.21,273.67,273.81,0.0001,36163,99064416,690,273.94,-0.0657,339,351,32028522,67035894,11692,24471,-0.35,273.94,273.94,1,38,285,298,65305,15374,27831155891,7261597543,10159103,2664330,273.95,272.55,12823433,35092753434,80679,64765,15080,27757939500,7225729002,10130943,2635817,273.99,274.14,12766760,34983668503,79845,1.2,8.5,2.8,820,961,317237,416677,848314541,1180907621,-0.02,-0.02,-0.14,-0.16,267.41,283.41,273.99,274.07
2025-01-03,14:00:00,SBER,273.84,273.95,273.67,273.91,0.0001,10062,27552462,385,273.83,0.0256,179,206,8476641,19075821,3095,6967,-0.38,273.88,273.8,1,39,186,298,26844,9791,12558233885,5046898861,4588420,1847249,273.69,273.21,6435669,17605132746,36635,26521,9637,12536379148,5047979790,4579227,1842138,273.77,274.03,6421365,17584358939,36158,1.0,8.6,2.1,808,976,314767,416647,841418072,1180801614,0.0,0.0,-0.14,-0.17,267.31,283.41,273.83,273.89
2025-01-03,14:05:00,SBER,273.91,274.0,273.87,273.94,0.0001,3643,9980261,192,273.96,0.011,120,72,4512345,5467916,1647,1996,-0.1,273.97,273.94,3,187,8,298,1659,9728,1034611471,6595785609,379122,2408135,272.9,273.9,2787257,7630397081,11387,1481,9624,1040692672,6599034674,380261,2407362,273.68,274.12,2787623,7639727346,11105,0.8,9.2,2.2,817,971,314634,413402,841060339,1171835071,-0.06,-0.06,-0.14,-0.16,267.31,283.46,273.92,273.98
2025-01-03,14:10:00,SBER,273.94,273.94,273.01,273.1,0.0,48994,133874237,1144,273.25,-0.3066,322,822,31185599,102688638,11414,37580,-0.53,273.22,273.25,2,2,124,299,34550,20481,15081272900,9664217216,5529220,3557569,272.76,271.65,9086789,24745490116,55031,34000,20101,14965515636,9615760818,5479374,3516556,273.12,273.44,8995930,24581276455,54101,0.7,8.2,1.8,758,1016,306606,411060,819104377,1165194287,0.08,0.08,-0.15,-0.17,267.15,283.46,273.23,273.28
2025-01-03,14:15:00,SBER,273.1,273.1,272.2,272.34,0.0001,107464,292962069,2247,272.61,-0.2783,512,1735,77216804,215745265,28340,79124,-0.47,272.47,272.67,2,2,163,300,13201,41241,7677649583,20502039191,2832731,7560862,271.03,271.16,10393593,28179688775,54442,12234,40200,7507242920,20342718693,2757108,7462360,272.29,272.6,10219468,27849961614,52434,0.8,8.4,1.7,708,1055,284266,413581,758016705,1171857470,-0.13,-0.13,-0.19,-0.21,266.65,283.34,272.57,272.61
2025-01-03,14:20:00,SBER,272.34,272.74,272.05,272.57,0.0001,53657,146112050,1520,272.31,0.0845,638,882,64466548,81645502,23669,29988,-0.12,272.37,272.26,1,146,59,300,33896,56748,18460330683,27649708311,6796004,10152660,271.64,272.34,16948664,46110038995,90644,33035,55923,18375597233,27532745560,6747824,10100808,272.32,272.58,16848632,45908342794,88958,1.4,8.6,2.4,698,1078,282385,415184,752442656,1175936406,-0.1,-0.1,-0.19,-0.22,266.46,283.23,272.34,272.4
2025-01-03,14:25:00,SBER,272.52,272.57,272.42,272.5,0.0001,24844,67691509,797,272.47,-0.0073,263,534,20261638,47429872,7436,17408,-0.4,272.48,272.46,1,60,5,300,15538,52316,7092729022,23896049296,2608976,8767852,271.86,272.54,11376828,30988778318,67854,15011,51858,7000296901,23841076163,2570535,8746003,272.33,272.59,11316538,30841373064,66869,0.9,7.9,1.8,721,1079,299530,415944,798752372,1177965335,0.29,0.29,-0.16,-0.19,266.67,283.2,272.46,272.51
2025-01-03,14:30:00,SBER,272.46,272.93,272.45,272.57,0.0001,43689,119123887,1020,272.66,0.0404,413,607,54757541,64366347,20077,23612,-0.08,272.74,272.6,1,166,5,300,23453,50504,18445702793,26184148047,6777059,9610974,272.18,272.44,16388033,44629850841,73957,22984,49854,18383240812,26099867409,6745370,9569537,272.53,272.74,16314907,44483108222,72838,1.5,9.0,2.5,740,1069,306650,414565,818251730,1174147490,0.15,0.15,-0.15,-0.18,266.83,283.22,272.59,272.66
2025-01-03,14:35:00,SBER,272.54,272.61,272.46,272.46,0.0001,20427,55664044,661,272.5,-0.0294,176,485,14637381,41026663,5371,15056,-0.47,272.53,272.49,1,33,273,300,3992,39032,2724369110,18661496318,1004662,6846474,271.17,272.57,7851136,21385865428,43024,3722,38521,2709981709,18572423808,995324,6812670,272.27,272.62,7807994,21282405517,42243,0.7,7.9,1.1,733,1081,297484,424050,793401943,1200126464,0.41,0.41,-0.18,-0.2,266.7,283.02,272.49,272.52
2025-01-03,14:40:00,SBER,272.46,272.47,271.8,272.47,0.0,83886,228233421,1708,272.08,0.0037,391,1317,86510047,141723374,31794,52092,-0.24,272.1,272.06,1,300,191,300,21139,20059,10791474592,9663943743,3976207,3570803,271.4,270.64,7547010,20455418335,41198,20446,19333,10578860063,9510947896,3889573,3492586,271.98,272.32,7382159,20089807959,39779,0.8,8.6,2.1,699,1096,285870,431966,761456624,1221086849,0.09,0.09,-0.2,-0.23,266.36,282.68,272.05,272.11
2025-01-03,14:45:00,SBER,272.48,273.29,272.42,273.29,0.0,48245,131635484,1043,272.85,0.2973,821,222,100296322,31339163,36758,11487,0.52,272.86,272.82,1,300,22,300,32325,19940,14684536196,9168300329,5399348,3365579,271.97,272.41,8764927,23852836525,52265,31738,19444,14604621507,9046919099,5353293,3316445,272.82,272.79,8669738,23651540607,51182,0.6,8.2,1.7,749,1067,299315,427121,797852369,1207914086,-0.18,-0.18,-0.18,-0.2,266.56,282.8,272.79,272.84
2025-01-03,14:50:00,SBER,273.29,273.32,272.94,273.16,0.0001,21209,57930756,656,273.14,-0.0476,393,263,33155460,24775295,12138,9071,0.14,273.15,273.13,1,5,129,297,89317,10721,41567170047,5439871725,15227103,1995935,272.98,272.55,17223038,47007041773,100038,88799,10407,41535130482,5376557994,15210749,1967519,273.06,273.27,17178268,46911688476,99206,0.9,8.5,2.8,769,1053,306682,436748,818140230,1234509016,-0.27,-0.27,-0.17,-0.2,266.77,282.66,273.06,273.13
2025-01-03,14:55:00,SBER,273.16,273.24,272.92,272.99,0.0001,15786,43105400,460,273.06,-0.0622,247,213,24465433,18639968,8959,6827,0.14,273.08,273.03,1,60,171,300,27844,7331,12249864358,3825182804,4492241,1402801,272.69,272.68,5895042,16075047163,35175,27578,7140,12190214524,3815547814,4465531,1396499,272.98,273.22,5862030,16005762338,34718,0.9,8.6,2.0,764,1061,308836,437788,824119981,1237293094,-0.38,-0.38,-0.17,-0.2,266.85,282.62,273.01,273.07
2025-01-03,15:00:00,SBER,272.99,273.14,272.9,272.92,0.0001,17221,47014066,394,273.0,-0.0256,178,216,12443862,34570204,4557,12664,-0.47,273.07,272.98,2,160,283,300,24283,4122,11129924671,2474370160,4080363,907167,272.77,272.76,4987530,13604294831,28405,23989,3973,11106553737,2414605379,4068456,883783,272.99,273.21,4952239,13521159116,27962,0.9,8.6,2.6,761,1065,319362,444152,852685487,1254794909,-0.22,-0.22,-0.16,-0.19,267.0,282.51,273.0,273.07
2025-01-03,15:05:00,SBER,272.92,273.29,272.48,273.26,0.0001,26986,73642985,545,272.89,0.1246,262,283,26959226,46683759,9877,17109,-0.27,272.95,272.86,1,287,35,300,20159,4614,9817673153,2983365382,3602092,1098382,272.55,271.61,4700474,12801038535,24773,19807,4338,9754672469,2936910863,3576762,1075576,272.72,273.05,4652338,12691583332,24145,0.9,8.8,2.2,758,1070,306993,446074,818725593,1260058478,0.27,0.27,-0.18,-0.21,266.69,282.48,272.88,272.94
2025-01-03,15:10:00,SBER,273.26,273.29,272.99,273.25,0.0001,12391,33852614,449,273.2,-0.0037,304,145,19616007,14236606,7180,5211,0.16,273.2,273.2,1,133,69,299,74100,9691,33339182476,4734652969,12211627,1733795,273.01,273.08,13945422,38073835446,83791,73795,9486,33347953943,4733129106,12211064,1732408,273.1,273.21,13943472,38081083050,83281,0.6,8.0,2.2,780,1051,306511,435426,817569523,1230880038,-0.15,-0.15,-0.17,-0.2,266.73,282.68,273.18,273.24
2025-01-03,15:15:00,SBER,273.27,273.7,273.24,273.54,0.0,39197,107210179,766,273.52,0.0988,557,209,80462098,26748080,29419,9778,0.5,273.5,273.55,5,182,10,300,7212,7231,3954795095,3831691540,1460313,1403461,270.82,273.02,2863774,7786486636,14443,6772,6886,3870025133,3757802189,1416031,1373159,273.3,273.66,2789190,7627827323,13658,0.5,7.8,1.6,794,1030,313041,429937,835537924,1215894275,-0.11,-0.11,-0.16,-0.19,266.9,282.81,273.45,273.49
2025-01-03,15:20:00,SBER,273.59,273.65,273.41,273.52,0.0,13900,38019899,410,273.52,-0.0256,230,180,16769005,21250894,6130,7770,-0.12,273.56,273.5,1,87,53,296,10383,31546,5384970983,9572480287,1971697,3500107,273.11,273.49,5471804,14957451271,41929,10093,31320,5338931640,9535803397,1952488,3484804,273.44,273.64,5437292,14874735037,41413,0.5,7.9,2.1,805,1025,314490,426719,839526906,1207109896,-0.01,-0.01,-0.15,-0.18,266.95,282.88,273.52,273.57
2025-01-03,15:25:00,SBER,273.51,273.51,273.1,273.39,0.0001,20749,56716505,524,273.35,-0.0439,169,355,18045035,38671470,6601,14148,-0.36,273.37,273.34,1,1,262,300,57922,33492,36177792270,12465954777,13247159,4566303,273.1,273.0,17813462,48643747048,91414,57652,33201,36087139587,12434698535,13212417,4549507,273.13,273.32,17761924,48521838122,90853,1.0,8.9,3.3,792,1043,321570,429047,858666326,1213462869,0.33,0.33,-0.14,-0.17,267.02,282.83,273.27,273.36
2025-01-03,15:30:00,SBER,273.38,273.46,273.21,273.29,0.0001,6344,17339167,244,273.32,-0.0329,134,110,10561160,6778007,3864,2480,0.22,273.32,273.31,1,48,195,298,61787,43773,49987606651,17681760719,18299816,6466630,273.16,273.43,24766446,67669367371,105560,61620,43630,49951842991,17672623454,18284221,6462974,273.2,273.44,24747195,67624466446,105250,0.8,8.8,1.7,801,1044,337084,427643,900813418,1209611391,-0.04,-0.04,-0.12,-0.15,267.24,282.86,273.31,273.35
2025-01-03,15:35:00,SBER,273.31,273.47,272.92,273.02,0.0001,18064,49349769,439,273.19,-0.1061,118,321,7882511,41467258,2885,15179,-0.68,273.22,273.19,2,160,236,300,45007,49529,31202335999,21297811393,11425373,7801537,273.1,273.0,19226910,52500147392,94536,44797,49337,31160851129,21266526150,11408754,7784205,273.13,273.2,19192959,52427377279,94134,1.1,8.7,2.8,795,1051,345430,427773,923314067,1209955732,0.23,0.23,-0.11,-0.13,267.29,282.85,273.18,273.26
2025-01-03,15:40:00,SBER,273.02,273.25,272.92,273.13,0.0001,6049,16517068,366,273.05,0.0403,162,204,7206503,9310565,2639,3410,-0.13,273.08,273.04,2,84,44,300,24028,77862,19455604780,32556646012,7127987,11920520,272.95,273.11,19048507,52012250792,101890,23852,77630,19440270532,32537936874,7122080,11913060,272.96,273.13,19035140,51978207406,101482,1.1,9.1,3.7,787,1057,345396,429714,923163692,1215260075,0.45,0.45,-0.11,-0.14,267.28,282.81,273.03,273.13
2025-01-03,15:45:00,SBER,273.12,273.35,273.07,273.35,0.0001,2164,5910975,154,273.15,0.0842,96,58,2032647,3878329,744,1420,-0.31,273.21,273.12,4,278,82,299,7801,4161,7039505171,2013692867,2578694,737875,272.99,272.9,3316569,9053198038,11962,7653,4086,7015279642,2011538714,2569384,735862,273.03,273.36,3305246,9026818356,11739,1.1,9.0,2.8,801,1051,351505,430332,939738280,1216982702,-0.28,-0.28,-0.1,-0.13,267.35,282.8,273.15,273.23
2025-01-03,15:50:00,SBER,273.36,273.44,273.01,273.13,0.0001,7448,20351681,273,273.25,-0.0841,134,139,8432307,11919374,3086,4362,-0.17,273.24,273.25,1,139,269,300,10441,24342,5678976052,11332725349,2081700,4147528,272.8,273.24,6229228,17011701402,34783,10265,24196,5643102779,11314661018,2066800,4140780,273.04,273.25,6207580,16957763798,34461,0.7,8.6,2.2,802,1051,356236,430387,952523113,1217143835,-0.12,-0.12,-0.09,-0.12,267.38,282.8,273.2,273.26
2025-01-03,15:55:00,SBER,273.08,273.39,272.99,273.12,0.0001,15855,43307198,354,273.15,0.0146,172,182,24744643,18562556,9059,6796,0.14,273.15,273.14,4,184,225,297,27695,30509,14174477023,17520267183,5193104,6411737,272.95,273.25,11604841,31694744207,58204,27493,30337,14139517864,17470302741,5177489,6392862,273.1,273.28,11570351,31609820606,57830,0.7,9.2,3.2,800,1052,364979,433566,976218750,1225872158,0.11,0.11,-0.09,-0.11,267.47,282.74,273.19,273.27
2025-01-03,16:00:00,SBER,273.12,273.19,272.99,273.06,0.0,3548,9689559,241,273.1,-0.022,93,148,4282084,5407474,1568,1980,-0.12,273.09,273.1,6,137,39,298,61620,36558,24971589744,26536618679,9147105,9710338,273.0,273.28,18857443,51508208423,98178,61494,36402,24961853004,26519291137,9142909,9703183,273.02,273.31,18846092,51481144141,97896,0.6,8.5,2.0,792,1063,364769,438417,975604968,1239121921,0.3,0.3,-0.09,-0.12,267.46,282.64,273.06,273.12
2025-01-03,16:05:00,SBER,273.06,273.06,272.43,272.82,0.0,19423,52976192,527,272.75,-0.0879,160,367,13892905,39083288,5096,14327,-0.48,272.62,272.79,1,1,198,300,27658,21183,13032615880,16117735631,4781216,5912437,272.58,272.61,10693653,29150351512,48841,27397,20942,12987855717,16091153702,4764137,5895122,272.62,272.96,10659259,29079009419,48339,0.7,8.5,2.3,773,1071,359300,438107,960543202,1238219933,0.23,0.23,-0.1,-0.13,267.34,282.63,272.78,272.84
2025-01-03,16:10:00,SBER,272.8,272.87,272.58,272.66,0.0001,5693,15522494,213,272.66,-0.0513,112,101,7787362,7735132,2856,2837,0.0,272.67,272.65,2,25,157,297,36309,74265,16302335755,33641055985,5980046,12335063,272.61,272.73,18315109,49943391740,110574,36123,74171,16262499535,33644940755,5963197,12335158,272.71,272.76,18298355,49907440290,110294,0.8,9.2,2.8,762,1082,372919,437369,997299380,1236119302,-0.19,-0.19,-0.08,-0.11,267.43,282.63,272.61,272.68
2025-01-03,16:15:00,SBER,272.67,272.78,272.67,272.73,0.0,1611,4393707,169,272.73,0.022,116,53,3313702,1080005,1215,396,0.51,272.73,272.73,5,135,5,300,2408,1232,1184879439,1008865689,435570,369701,272.03,272.89,805271,2193745128,3640,2249,1157,1214816388,1006774895,445815,368705,272.49,273.06,814520,2221591284,3406,0.8,8.4,2.6,770,1078,366803,434567,980671913,1228425399,-0.38,-0.38,-0.08,-0.11,267.36,282.68,272.69,272.76
2025-01-03,16:20:00,SBER,272.71,273.09,272.67,273.06,0.0001,10459,28547855,287,272.95,0.1283,191,96,19915464,8632391,7296,3163,0.4,272.96,272.92,1,216,41,299,49715,21802,21777217637,20923619939,7985519,7662406,272.71,273.07,15647925,42700837577,71517,49538,21623,21754363104,20886034375,7973077,7647780,272.85,273.1,15620857,42640397479,71161,0.6,8.5,2.5,784,1070,367045,435468,981402086,1231017308,0.15,0.15,-0.09,-0.11,267.38,282.69,272.88,272.95
2025-01-03,16:25:00,SBER,273.07,273.08,272.82,272.93,0.0001,4266,11644355,238,272.96,-0.0513,103,135,3518610,8125746,1289,2977,-0.4,272.97,272.95,6,6,179,298,5958,16186,2693758044,12344626968,987941,4520693,272.66,273.07,5508634,15038385013,22144,5809,16060,2708285828,12330907863,992955,4515587,272.75,273.07,5508542,15039193691,21869,1.0,8.7,2.8,788,1072,365534,440179,977519747,1244141233,-0.34,-0.34,-0.09,-0.12,267.42,282.64,272.91,272.98
2025-01-03,16:30:00,SBER,272.89,273.1,272.88,272.98,0.0001,8136,22213850,255,273.03,0.033,139,116,12649234,9564615,4633,3503,0.14,273.02,273.04,2,139,2,300,36211,85305,14529706934,51113598069,5324906,18717178,272.86,273.08,24042084,65643305004,121516,36061,85148,14542712132,51087424876,5327904,18707413,272.95,273.09,24035317,65630137009,121209,1.3,9.0,3.7,791,1070,358939,441391,959539186,1247447388,-0.46,-0.46,-0.1,-0.13,267.32,282.62,272.92,273.02
2025-01-03,16:35:00,SBER,272.98,273.02,272.74,272.76,0.0,2866,7820092,219,272.86,-0.0806,87,132,1743369,6076723,639,2227,-0.55,272.83,272.87,1,3,182,293,8803,10197,4056682038,7522950168,1488188,2756233,272.59,272.94,4244421,11579632206,19000,8677,10050,4032909280,7518357447,1479243,2754100,272.63,272.99,4233343,11551266727,18727,0.4,7.8,1.3,775,1084,351265,445032,938580020,1257328291,-0.17,-0.17,-0.12,-0.15,267.2,282.52,272.77,272.81
2025-01-03,16:40:00,SBER,272.75,272.84,272.71,272.73,0.0,6740,18384673,226,272.77,-0.0073,93,133,2452437,15932236,899,5841,-0.73,272.8,272.77,4,135,298,300,4250,1342,2205144128,1148324304,808866,420795,272.62,272.89,1229661,3353468432,5592,4092,1253,2170936827,1133115955,796097,415057,272.7,273.0,1211154,3304052783,5345,0.8,8.2,1.5,775,1084,363268,442665,971230342,1250837793,0.01,0.01,-0.1,-0.13,267.36,282.57,272.78,272.82
2025-01-03,16:45:00,SBER,272.74,272.89,272.7,272.78,0.0001,4470,12193083,208,272.78,0.0147,101,107,4836989,7356094,1773,2697,-0.21,272.81,272.75,4,94,275,300,9136,14976,4547427397,8625351076,1668262,3161690,272.58,272.81,4829952,13172778473,24112,8974,14885,4538252604,8626458476,1664205,3161056,272.7,272.9,4825261,13164711080,23859,1.3,8.9,2.8,770,1087,362989,443656,970462834,1253549268,-0.31,-0.31,-0.1,-0.13,267.35,282.55,272.74,272.81
2025-01-03,16:50:00,SBER,272.78,272.81,272.53,272.62,0.0,13275,36192745,339,272.64,-0.0587,111,228,5434650,30758095,1993,11282,-0.7,272.69,272.63,1,78,247,300,2625,39574,1488385697,20112840841,546748,7372495,272.23,272.81,7919243,21601226539,42199,2478,39415,1474021718,20074181757,540874,7357945,272.53,272.82,7898819,21548203476,41893,0.7,8.6,2.2,764,1093,360444,443123,963511757,1252051550,-0.13,-0.13,-0.1,-0.13,267.31,282.55,272.66,272.72
2025-01-03,16:55:00,SBER,272.6,272.85,272.58,272.85,0.0001,12578,34303303,208,272.72,0.0917,116,92,21496947,12806356,7881,4697,0.25,272.77,272.65,2,297,28,297,26772,5407,12151339537,5003443607,4460451,1836368,272.42,272.46,6296819,17154783144,32179,26618,5309,12109759403,4992901606,4441160,1830220,272.67,272.8,6271380,17102661010,31927,1.0,8.8,2.3,770,1089,365313,441531,976719138,1247662922,-0.07,-0.07,-0.09,-0.12,267.36,282.58,272.68,272.74
2025-01-03,17:00:00,SBER,272.85,273.03,272.78,272.96,0.0001,10071,27486351,222,272.93,0.0403,143,79,20222061,7264290,7409,2662,0.47,272.94,272.89,3,55,24,300,55336,16302,20036164352,7367910846,7349501,2699862,272.62,272.9,10049363,27404075199,71638,55233,16176,20032030729,7352360558,7342257,2693059,272.83,273.01,10035316,27384391288,71409,1.0,8.6,3.1,784,1078,364270,435233,973906227,1230569138,-0.35,-0.35,-0.09,-0.12,267.36,282.74,272.86,272.95
2025-01-03,17:05:00,SBER,272.95,273.25,272.95,273.17,0.0,16034,43789011,300,273.1,0.0806,239,61,38403793,5385218,14062,1972,0.75,273.1,273.08,1,276,1,297,1814,1363,1024628768,854853270,377894,313076,271.14,273.05,690970,1879482038,3177,1667,1195,940115631,837701424,344565,306450,272.84,273.36,651015,1777817055,2862,0.4,7.5,0.7,790,1074,376752,433583,1007762014,1225861508,-0.13,-0.13,-0.07,-0.1,267.49,282.73,273.0,273.02
2025-01-03,17:10:00,SBER,273.19,273.55,273.15,273.54,0.0,31992,87464500,575,273.39,0.1281,394,181,61486942,25977558,22490,9502,0.41,273.4,273.39,5,300,48,300,16856,7643,13712909448,3935893407,5023532,1439515,272.97,273.42,6463047,17648802856,24499,16603,7349,13586547173,3865668821,4973392,1413587,273.18,273.47,6386979,17452215994,23952,1.0,8.3,1.9,817,1044,384892,424447,1030079725,1200988698,0.03,0.03,-0.05,-0.08,267.62,282.95,273.32,273.38
2025-01-03,17:15:00,SBER,273.55,273.87,273.55,273.85,0.0,25938,71010486,559,273.77,0.1097,371,188,45538870,25471616,16634,9304,0.28,273.77,273.77,1,289,1,299,5191,1686,2207540449,1079499404,812275,396627,271.77,272.17,1208902,3287039854,6877,4915,1409,2141910862,1024258357,783088,373782,273.52,274.03,1156870,3166169219,6324,0.5,7.1,0.7,840,1003,411445,418315,1102828139,1184388930,0.22,0.22,-0.01,-0.04,268.04,283.13,273.8,273.82
2025-01-03,17:20:00,SBER,273.85,273.93,273.8,273.92,0.0,16022,43875351,350,273.84,0.0256,188,162,22027017,21848334,8043,7979,0.0,273.87,273.82,1,269,72,299,1251,1182,788820943,650107461,291319,241267,270.78,269.46,532586,1438928404,2433,1038,1007,771933773,603721372,282179,220256,273.56,274.1,502435,1375655146,2045,0.4,7.2,0.6,842,1001,405701,422373,1087123982,1195569821,0.24,0.24,-0.02,-0.05,267.96,283.06,273.85,273.86
2025-01-03,17:25:00,SBER,273.91,273.92,273.35,273.4,0.0,22197,60754324,340,273.71,-0.1862,92,248,5835963,54918361,2132,20065,-0.81,273.73,273.7,2,5,229,298,5223,14748,4774205371,6304855611,1747925,2305665,273.14,273.45,4053590,11079060983,19971,5089,14582,4807215821,6282856630,1758781,2294767,273.33,273.79,4053548,11090072451,19671,0.7,8.2,1.2,837,1014,386132,426282,1033631265,1206309590,0.1,0.1,-0.05,-0.08,267.68,282.98,273.67,273.7
2025-01-03,17:30:00,SBER,273.45,273.74,273.42,273.71,0.0001,2241,6129768,160,273.53,0.0951,101,59,3321121,2808646,1214,1027,0.08,273.57,273.48,11,242,56,300,20087,7854,14486828790,3230391636,5298240,1180830,273.43,273.57,6479070,17717220426,27941,19949,7760,14463612582,3415343035,5288704,1243961,273.48,274.55,6532665,17878955617,27709,1.5,9.2,3.2,834,1018,376099,409820,1006210073,1159242144,0.37,0.37,-0.04,-0.07,267.54,282.84,273.55,273.63
2025-01-03,17:35:00,SBER,273.71,273.99,273.67,273.99,0.0001,15468,42366544,269,273.9,0.1023,217,52,40146591,2219954,14657,811,0.9,273.91,273.73,1,288,2,300,26501,4862,19103630296,2335880094,6989718,853034,273.31,273.83,7842752,21439510391,31363,26361,4751,19059057668,2325669767,6966392,848947,273.59,273.95,7815339,21384727435,31112,1.2,8.9,2.9,840,1002,380177,351178,1017384307,990714962,-0.3,-0.3,0.04,0.01,267.61,282.11,273.75,273.83
2025-01-03,17:40:00,SBER,273.99,274.27,273.98,274.17,0.0001,21165,58020353,527,274.13,0.0657,359,168,35794368,22225984,13056,8109,0.23,274.16,274.09,1,41,4,298,5246,46952,3819426955,19280604394,1398383,7033657,273.13,274.12,8432040,23100031349,52198,4952,46715,3782429340,19215652254,1380540,7009751,273.98,274.13,8390291,22998081594,51667,1.0,8.5,2.6,855,973,386560,347549,1034983912,980935430,0.02,0.02,0.05,0.03,267.74,282.24,274.09,274.16
2025-01-03,17:45:00,SBER,274.14,274.33,273.97,273.98,0.0001,38528,105621923,574,274.14,-0.0584,320,254,52160450,53461472,19021,19507,-0.01,274.23,274.06,3,181,296,298,8979,10797,4733567428,4851937401,1744271,1775879,271.38,273.21,3520150,9585504829,19776,8733,10456,4701658718,4787284821,1716072,1745228,273.98,274.31,3461300,9488943540,19189,1.0,8.4,2.0,861,971,387339,343701,1037192035,970450229,0.0,0.0,0.06,0.03,267.77,282.35,274.14,274.2
2025-01-03,17:50:00,SBER,273.98,274.04,273.71,273.93,0.0001,12667,34686492,281,273.83,-0.0182,132,149,20590873,14095619,7519,5148,0.19,273.85,273.81,1,60,23,300,23619,5417,11402042630,3015887413,4165825,1102168,273.7,273.63,5267993,14417930044,29036,23466,5293,11389519916,2992983805,4160100,1092048,273.78,274.07,5252148,14382503721,28759,1.0,8.7,2.2,851,992,377586,343272,1010541124,969238437,-0.15,-0.15,0.05,0.02,267.63,282.35,273.88,273.94
2025-01-03,17:55:00,SBER,273.95,273.98,273.76,273.86,0.0001,7114,19480926,169,273.84,-0.0329,73,96,1542062,17938864,563,6551,-0.84,273.9,273.83,2,33,191,299,30680,9656,13517577334,4602042510,4937063,1681996,273.8,273.61,6619059,18119619845,40336,30556,9591,13485150658,4597317911,4925010,1678016,273.81,273.97,6603026,18082468570,40147,1.0,8.4,2.5,857,994,377157,343151,1009361620,968880657,0.12,0.12,0.05,0.02,267.62,282.35,273.86,273.93
2025-01-03,18:00:00,SBER,273.85,273.87,273.56,273.56,0.0,15108,41351241,251,273.7,-0.1059,70,181,2882302,38468939,1053,14055,-0.86,273.72,273.7,2,10,299,299,1979,45713,1078417881,22561187623,394512,8241114,273.35,273.76,8635626,23639605505,47692,1852,45592,1073247833,22532019534,392503,8226962,273.44,273.88,8619465,23605267368,47444,0.5,8.1,1.1,847,1001,379893,343990,1016874771,971047313,0.12,0.12,0.05,0.02,267.67,282.29,273.69,273.72
2025-01-03,18:05:00,SBER,273.57,273.58,273.23,273.46,0.0001,12236,33456952,256,273.43,-0.0402,83,173,5257372,28199581,1923,10313,-0.69,273.39,273.44,3,4,111,299,29076,11390,14314123468,5460262128,5237969,2000719,273.28,272.91,7238688,19774385596,40466,28936,11285,14299281164,5448195190,5231881,1991538,273.31,273.57,7223419,19747476354,40221,1.2,8.7,2.3,824,1010,362539,341261,969758009,963302686,-0.01,-0.01,0.03,0.0,267.49,282.28,273.37,273.43
2025-01-03,18:10:00,SBER,273.44,273.67,273.44,273.45,0.0001,3211,8782635,177,273.52,0.0037,92,85,5735964,3046671,2097,1114,0.31,273.53,273.49,4,121,4,300,84662,4595,37695990252,2470407162,13782340,902879,273.51,273.61,14685219,40166397414,89257,84532,4510,37694652716,2450402791,13781210,894936,273.52,273.81,14676146,40145055508,89042,0.9,8.1,2.6,832,1007,361892,339721,968103036,959038504,-0.28,-0.28,0.03,0.0,267.51,282.3,273.49,273.56
2025-01-03,18:15:00,SBER,273.45,273.47,273.16,273.17,0.0,5768,15765849,246,273.33,-0.1024,56,190,956748,14809101,350,5418,-0.88,273.36,273.33,7,22,298,298,2868,32736,1366652132,14482776834,500555,5299540,273.03,273.28,5800095,15849428966,35604,2779,32590,1363969285,14475644734,499396,5293790,273.12,273.45,5793186,15839614019,35369,0.5,8.4,1.5,822,1015,359244,346335,960851980,977297391,-0.13,-0.13,0.02,-0.01,267.46,282.18,273.35,273.39
2025-01-03,18:20:00,SBER,273.17,273.17,272.96,272.98,0.0001,23817,65035390,490,273.06,-0.0696,138,352,16403772,48631618,6007,17810,-0.5,273.08,273.06,2,2,299,299,9180,21626,4407324341,10341449804,1618263,3788442,272.35,272.97,5406705,14748774146,30806,8896,21461,4356202466,10296401479,1596313,3768687,272.89,273.21,5365000,14652603945,30357,0.9,8.5,2.2,797,1030,357112,346282,954963155,976989522,0.16,0.15,0.02,-0.01,267.41,282.14,273.03,273.09
2025-01-03,18:25:00,SBER,272.96,273.19,272.85,273.01,0.0001,13985,38172945,296,272.96,0.0183,163,133,24446945,13726000,8957,5028,0.28,272.94,272.99,1,267,178,300,15823,6304,6330448664,3360170131,2322954,1231717,272.52,272.8,3554671,9690618795,22127,15634,6179,6297511177,3342732773,2308414,1223520,272.81,273.21,3531934,9640243951,21813,0.8,8.5,2.1,791,1034,356951,343063,954499207,967947906,0.15,0.15,0.02,-0.01,267.4,282.15,272.94,273.0
2025-01-03,18:30:00,SBER,273.0,273.42,273.0,273.1,0.0001,5302,14487105,186,273.24,0.0366,118,68,11233165,3253940,4111,1191,0.55,273.25,273.21,2,131,2,296,12205,15403,4776759093,7295897402,1750338,2669377,272.9,273.32,4419715,12072656496,27608,12086,15254,4765269353,7267727515,1745150,2658833,273.06,273.34,4403983,12032996868,27340,0.9,8.6,2.7,804,1032,359014,341572,960177817,963845743,-0.17,-0.17,0.02,0.0,267.45,282.18,273.14,273.21
2025-01-03,18:35:00,SBER,273.15,273.19,272.92,273.1,0.0001,8318,22710757,189,273.03,-0.0183,95,94,14133344,8577413,5176,3142,0.24,273.06,272.99,1,290,120,297,61602,2600,25432801869,1403719437,9319692,515146,272.89,272.49,9834838,26836521307,64202,61454,2521,25429385918,1398381275,9317839,511703,272.91,273.28,9829542,26827767193,63975,0.7,9.0,2.0,791,1044,356046,345767,952089498,975348832,-0.11,-0.11,0.01,-0.01,267.41,282.08,272.97,273.02
2025-01-03,18:40:00,SBER,273.1,273.11,273.0,273.01,0.0,9243,25236187,343,273.03,-0.033,107,236,9992917,15243269,3660,5583,-0.21,273.03,273.03,1,15,125,298,2438,12410,1252881489,6229301445,462119,2281675,271.12,273.01,2743794,7482182934,14848,2350,12231,1222611851,6227945557,448077,2279325,272.86,273.24,2727402,7450557408,14581,0.7,8.3,1.9,796,1039,357169,339680,955184751,958676270,0.0,0.0,0.03,0.0,267.43,282.23,273.03,273.08
2025-01-03,19:10:00,SBER,273.2,273.21,272.83,272.93,0.0001,11821,32267967,310,272.97,-0.0988,92,218,10289756,21978211,3770,8051,-0.36,272.94,272.99,1,2,66,299,32569,18364,13624210315,7619841136,4993449,2790756,272.84,273.04,7784205,21244051451,50933,32363,18181,13590885565,7571183738,4980795,2771515,272.87,273.18,7752310,21162069304,50544,1.3,8.7,2.5,782,1037,333793,334221,891719913,943632565,-0.03,-0.03,0.0,-0.03,267.15,282.34,272.9,272.97
2025-01-03,19:15:00,SBER,272.88,272.93,272.72,272.73,0.0001,7556,20613442,274,272.81,-0.055,79,195,2679269,17934174,982,6574,-0.74,272.84,272.8,6,38,270,294,9794,17250,4312699420,7359411707,1582044,2698942,272.6,272.68,4280986,11672111128,27044,9640,17173,4303291454,7350907859,1577913,2693022,272.72,272.96,4270935,11654199313,26813,0.9,8.1,2.1,775,1040,335012,337799,895105083,953428046,0.01,0.01,0.0,-0.03,267.19,282.25,272.8,272.86
2025-01-03,19:20:00,SBER,272.72,272.93,272.67,272.68,0.0001,10741,29295694,251,272.75,-0.0147,95,156,6531082,22764613,2394,8347,-0.55,272.81,272.73,1,28,286,297,19153,38766,7484109417,16492852340,2745364,6049237,272.61,272.64,8794601,23976961757,57919,18975,38673,7464505671,16480119025,2737638,6038670,272.66,272.91,8776308,23944624696,57648,1.2,8.8,2.3,770,1041,332447,337339,888079758,952161450,-0.1,-0.1,-0.01,-0.03,267.13,282.26,272.73,272.79
2025-01-03,19:25:00,SBER,272.68,272.75,272.6,272.75,0.0001,6881,18762090,193,272.67,0.0257,87,106,7024405,11737685,2576,4305,-0.25,272.69,272.65,2,235,152,287,17642,7772,7424985379,3418454899,2724105,1255168,272.57,272.35,3979273,10843440279,25414,17502,7692,7396526101,3404539777,2713027,1247108,272.63,272.99,3960135,10801065878,25194,0.9,8.3,2.1,766,1050,332923,336848,889337687,950763494,0.26,0.26,-0.01,-0.03,267.13,282.25,272.67,272.73
2025-01-03,19:30:00,SBER,272.74,272.93,272.74,272.91,0.0001,2807,7659242,179,272.86,0.0623,142,37,6644223,1015018,2435,372,0.73,272.86,272.85,1,251,1,299,23140,10863,8446450003,4954979975,3097856,1815089,272.65,272.99,4912945,13401429979,34003,23001,10771,8436444136,4947058120,3092873,1812030,272.77,273.01,4904903,13383502256,33772,1.1,8.9,2.4,781,1042,336291,340107,898505370,959766539,-0.05,-0.05,-0.01,-0.03,267.18,282.2,272.82,272.89
2025-01-03,19:35:00,SBER,272.9,272.95,272.81,272.9,0.0001,2636,7193855,133,272.91,0.0,67,66,3758130,3435725,1377,1259,0.04,272.92,272.89,1,296,245,300,85919,13438,36992523229,6106250812,13560013,2236539,272.81,273.02,15796552,43098774042,99357,85805,13386,37004907337,6093302996,13563885,2231422,272.82,273.07,15795307,43098210334,99191,1.1,8.6,2.5,788,1045,333096,342586,889819165,966550022,-0.24,-0.24,-0.01,-0.04,267.13,282.13,272.85,272.91
2025-01-03,19:40:00,SBER,272.93,272.93,272.8,272.9,0.0001,3795,10355241,115,272.87,-0.011,61,54,5381229,4974012,1972,1823,0.04,272.88,272.85,5,5,130,292,1206,1432,485370077,782864481,179281,286783,270.73,272.98,466064,1268234559,2638,1150,1394,503272714,775178152,184597,283859,272.63,273.09,468456,1278450866,2544,1.8,9.2,3.2,786,1043,326988,343487,873219380,969004513,0.05,0.05,-0.02,-0.05,267.05,282.11,272.83,272.91
2025-01-03,19:45:00,SBER,272.9,272.94,272.81,272.86,0.0001,4399,12004627,133,272.89,-0.0147,68,65,7927779,4076848,2905,1494,0.32,272.9,272.88,11,102,168,285,892,3300,443934675,1811202790,164659,663582,269.61,272.94,828241,2255137465,4192,837,3205,481518570,1803597689,176689,660456,272.52,273.08,837145,2285116259,4042,1.2,8.6,2.5,788,1042,315458,342735,841897499,966910148,-0.57,-0.57,-0.04,-0.07,266.88,282.12,272.84,272.91
2025-01-03,19:50:00,SBER,272.88,272.89,272.85,272.85,0.0,3424,9342803,82,272.86,-0.011,47,35,766791,8576012,281,3143,-0.84,272.88,272.86,29,40,271,299,515,5190,223500078,3240267660,82042,1187618,272.42,272.84,1269660,3463767738,5705,445,5150,218909104,3230205661,80288,1183402,272.65,272.96,1263690,3449114766,5595,0.6,7.5,1.1,785,1048,305580,343240,815132688,968321136,0.3,0.3,-0.06,-0.09,266.75,282.11,272.86,272.89
2025-01-03,19:55:00,SBER,272.86,272.89,272.8,272.81,0.0,3820,10422440,156,272.84,-0.0183,71,85,2611318,7811122,957,2863,-0.5,272.86,272.83,4,251,286,296,998,6272,467044007,3482800562,171923,1276823,271.66,272.77,1448746,3949844569,7270,903,6215,465174264,3476691349,170578,1273649,272.7,272.97,1444227,3941865613,7118,0.6,7.7,1.2,781,1049,303945,343401,810664569,968793006,0.04,0.04,-0.06,-0.09,266.71,282.12,272.82,272.86
2025-01-03,20:00:00,SBER,272.81,272.81,272.6,272.68,0.0001,5289,14422131,271,272.68,-0.0477,81,190,3722822,10699309,1365,3924,-0.48,272.73,272.66,6,6,118,298,1048,2048,437623861,1082297495,160983,398888,271.84,271.33,559871,1519921356,3096,868,1960,412180549,1074403339,151249,393640,272.52,272.94,544889,1486583888,2828,1.5,8.9,3.8,765,1056,302328,344148,806223374,971026226,-0.32,-0.32,-0.06,-0.09,266.67,282.15,272.64,272.74
2025-01-03,20:05:00,SBER,272.71,272.74,272.55,272.59,0.0001,6964,18987042,245,272.65,-0.044,141,104,10233242,8753800,3753,3211,0.08,272.67,272.62,2,2,241,295,881,1253,477822692,680882325,177854,251790,268.66,270.42,429644,1158705018,2134,766,1088,453802534,669423329,166569,245224,272.44,272.98,411793,1123225863,1854,1.6,9.1,2.8,763,1061,310266,344308,827720239,971375462,-0.59,-0.59,-0.05,-0.08,266.78,282.12,272.59,272.67
2025-01-03,20:10:00,SBER,272.57,272.67,272.5,272.64,0.0,15659,42674466,235,272.52,0.0257,76,159,16972701,25701766,6228,9431,-0.2,272.52,272.52,6,269,140,300,733,959,433607976,575670565,159428,211665,271.98,271.97,371093,1009278542,1692,584,929,377952151,535778713,138764,196388,272.37,272.82,335152,913730864,1513,0.7,8.8,2.6,759,1061,310212,343727,827500903,969616223,0.16,0.16,-0.05,-0.08,266.75,282.09,272.55,272.62
2025-01-03,20:15:00,SBER,272.63,272.78,272.6,272.75,0.0,7521,20505809,140,272.65,0.044,78,62,11026487,9479322,4044,3477,0.08,272.66,272.63,6,293,24,298,3735,4197,2040237605,2352687333,751400,862272,271.52,272.85,1613672,4392924939,7932,3617,4130,2034224004,2338976762,746506,857124,272.5,272.89,1603630,4373200767,7747,0.7,8.4,1.8,768,1053,316047,343173,843370440,968096892,-0.02,-0.02,-0.04,-0.07,266.85,282.1,272.65,272.69
2025-01-03,20:20:00,SBER,272.75,272.8,272.65,272.75,0.0001,5657,15427806,102,272.72,0.0,60,42,5917947,9509859,2170,3487,-0.23,272.72,272.72,4,265,139,300,644,774,328920144,435344186,120805,160742,272.27,270.83,281547,764264331,1418,570,735,315565323,423670117,115797,155208,272.52,272.97,271005,739235441,1305,1.1,8.8,2.0,774,1048,315687,343797,842390837,969837596,-0.2,-0.2,-0.04,-0.07,266.84,282.1,272.71,272.77
2025-01-03,20:25:00,SBER,272.75,272.85,272.65,272.84,0.0001,4058,11067814,112,272.74,0.033,58,54,4403224,6664591,1614,2444,-0.2,272.81,272.69,15,273,86,297,532,608,289578940,293358364,107586,109692,269.16,267.44,217278,582937305,1140,473,561,290473389,289109246,106617,105907,272.45,272.98,212524,579582636,1034,1.9,8.7,3.2,775,1048,315561,343025,841958552,967745561,0.0,0.0,-0.04,-0.07,266.81,282.12,272.72,272.81
2025-01-03,20:30:00,SBER,272.84,272.9,272.76,272.9,0.0001,3269,8920079,105,272.87,0.022,65,40,5318465,3601614,1949,1320,0.19,272.88,272.85,2,165,17,300,832,4490,444786385,2074640736,164855,761168,269.8,272.56,926023,2519427122,5322,761,4442,440015436,2066555139,161391,756983,272.64,273.0,918374,2506570576,5203,1.8,9.1,3.3,779,1045,314609,343669,839407278,969609880,-0.53,-0.53,-0.04,-0.07,266.81,282.13,272.79,272.88
2025-01-03,20:35:00,SBER,272.9,272.9,272.76,272.79,0.0001,1709,4663354,82,272.87,-0.0403,47,35,2955463,1707891,1083,626,0.27,272.9,272.83,6,6,237,290,903,983,454889927,549304709,167752,201324,271.17,272.85,369076,1004194636,1886,850,948,453840824,541056189,166406,198139,272.73,273.07,364545,994897014,1798,1.5,9.3,2.7,780,1043,314992,344893,840453911,973000514,-0.45,-0.45,-0.05,-0.07,266.82,282.12,272.81,272.88
2025-01-03,20:40:00,SBER,272.76,272.95,272.71,272.87,0.0001,3077,8396150,108,272.87,0.0403,63,45,5703678,2692472,2090,987,0.36,272.9,272.79,1,119,60,283,4135,1328,855469977,764652132,314449,280136,272.05,272.96,594585,1620122110,5463,4058,1278,843336601,748414830,309186,274072,272.76,273.07,583258,1591751431,5336,1.6,9.2,3.2,779,1043,315686,347158,842300143,979212483,-0.25,-0.25,-0.05,-0.08,266.82,282.07,272.8,272.89
2025-01-03,20:45:00,SBER,272.9,272.9,272.79,272.79,0.0001,2679,7310058,73,272.87,-0.0403,41,32,1006844,6303214,369,2310,-0.72,272.86,272.87,17,17,191,286,425,6466,233329371,4002916970,85742,1466790,272.13,272.9,1552532,4236246341,6891,371,6433,227352270,4000478848,83375,1465811,272.69,272.92,1549186,4227831119,6804,0.7,8.9,1.6,781,1042,318064,347772,848753144,980862280,-0.26,-0.26,-0.04,-0.07,266.85,282.04,272.83,272.88
2025-01-03,20:50:00,SBER,272.79,272.83,272.6,272.6,0.0001,6817,18590360,125,272.71,-0.0697,42,83,2321121,16269240,851,5966,-0.75,272.75,272.7,16,40,300,300,589,5087,273773560,3088759760,100822,1134626,271.54,272.23,1235448,3362533320,5676,509,5058,267214361,3074739709,98051,1126735,272.53,272.89,1224786,3341954071,5567,1.1,8.9,2.5,773,1049,316085,347941,843349153,981297758,-0.2,-0.2,-0.05,-0.08,266.81,282.03,272.72,272.79
2025-01-03,20:55:00,SBER,272.59,272.6,272.58,272.6,0.0,3234,8815746,114,272.6,0.0037,73,41,5866352,2949394,2152,1082,0.33,272.6,272.59,1,1,1,296,443,398,216754234,273486890,80962,100831,267.72,271.23,181793,490241124,841,338,371,211381872,272120040,77593,99732,272.42,272.85,177325,483501912,709,0.4,9.6,0.5,759,1053,312617,348180,833888094,981923544,-0.51,-0.51,-0.05,-0.08,266.74,282.02,272.59,272.6
2025-01-03,21:00:00,SBER,272.6,272.68,272.54,272.61,0.0,8454,23043697,179,272.58,0.0037,69,110,11284711,11758986,4140,4314,-0.02,272.58,272.58,3,175,215,296,753,1172,364408097,655472282,137167,240616,265.67,272.41,377783,1019880379,1925,616,1136,360399406,634303236,132355,232514,272.3,272.8,364869,994702642,1752,0.9,9.5,1.5,759,1057,312705,347908,834052447,981176870,-0.01,-0.01,-0.05,-0.08,266.72,282.02,272.57,272.61
2025-01-03,21:05:00,SBER,272.68,272.7,272.58,272.68,0.0001,1380,3762835,68,272.67,0.0,49,19,2285088,1477747,838,542,0.21,272.68,272.65,12,44,16,299,543,531,316412238,342775375,116390,125925,271.86,272.21,242315,659187614,1074,470,506,311451065,345925088,114308,126712,272.47,273.0,241020,657376153,976,2.0,9.4,3.2,769,1055,309706,346929,825992918,978462278,-0.28,-0.28,-0.06,-0.08,266.7,282.04,272.62,272.71
2025-01-03,21:10:00,SBER,272.69,272.76,272.63,272.76,0.0001,3534,9636780,87,272.69,0.0257,57,30,6724590,2912190,2466,1068,0.4,272.69,272.68,1,285,155,300,485,1977,303716261,1248622439,111561,457857,272.24,272.71,569418,1552338700,2462,424,1949,292489504,1245911923,107347,456643,272.47,272.84,563990,1538401428,2373,0.7,8.9,1.6,770,1054,310420,345746,827945282,975053584,0.06,0.06,-0.05,-0.08,266.72,282.01,272.67,272.71
2025-01-03,21:15:00,SBER,272.79,272.81,272.71,272.78,0.0001,3385,9232881,85,272.76,-0.0037,54,31,5327007,3905874,1953,1432,0.15,272.76,272.76,4,54,12,272,486,423,259447168,245382004,95817,90448,270.77,271.3,186265,504829173,909,436,373,264992848,260539047,97219,95580,272.57,272.59,192799,525531896,809,1.0,8.7,1.6,778,1047,311023,341536,829611668,963497296,0.06,0.06,-0.05,-0.07,266.74,282.11,272.75,272.79
2025-01-03,21:20:00,SBER,272.8,272.81,272.6,272.66,0.0,2911,7939009,123,272.72,-0.0513,53,70,2053961,5885048,753,2158,-0.48,272.77,272.71,4,8,296,297,535,410,279217045,249325706,102719,91992,271.83,271.03,194711,528542751,945,458,381,275864887,240231717,101224,88019,272.53,272.93,189243,516096604,839,1.0,8.3,1.8,773,1050,309125,337051,824424212,951126951,0.14,0.14,-0.04,-0.07,266.7,282.19,272.7,272.75
2025-01-03,21:25:00,SBER,272.66,272.69,272.6,272.69,0.0001,2021,5510335,91,272.65,0.011,49,42,2628494,2881841,964,1057,-0.05,272.67,272.64,3,201,36,297,550,413,344045067,266888861,126940,98157,271.03,271.9,225097,610933928,963,463,379,333655262,259469423,122470,95104,272.44,272.83,217574,593124686,842,0.9,8.6,1.5,764,1054,310379,338361,827804207,954690116,0.02,0.02,-0.04,-0.07,266.71,282.15,272.64,272.68
2025-01-03,21:30:00,SBER,272.69,272.88,272.65,272.76,0.0,5713,15583032,142,272.76,0.0257,96,46,12796057,2786974,4691,1022,0.64,272.78,272.7,4,259,16,297,712,537,383432522,348328283,144614,127964,265.14,272.21,272578,731760805,1249,600,485,376552139,341844995,138164,125240,272.54,272.95,263404,718397135,1085,0.8,8.9,1.9,769,1051,311371,337451,830505032,952225373,-0.52,-0.52,-0.04,-0.07,266.73,282.18,272.68,272.73
2025-01-03,21:35:00,SBER,272.83,272.93,272.76,272.91,0.0001,3387,9242900,128,272.89,0.0293,91,37,5487912,3754988,2011,1376,0.19,272.89,272.89,8,177,27,300,773,629,415617612,344580324,153140,127258,271.4,270.77,280398,760197936,1402,670,590,395796937,342268490,145159,125338,272.66,273.08,270497,738065428,1260,0.8,8.4,1.4,783,1043,316118,335196,843472482,946086511,0.01,0.01,-0.03,-0.06,266.82,282.25,272.87,272.91
2025-01-03,21:40:00,SBER,272.91,272.93,272.86,272.91,0.0001,4149,11321891,78,272.88,0.0,34,44,4530115,6791775,1660,2489,-0.2,272.9,272.87,1,23,154,299,396,999,245896706,618479295,90296,227480,272.32,271.88,317776,864376002,1395,365,949,237035962,609511944,86943,223272,272.63,272.99,310215,846547906,1314,0.8,8.1,1.1,784,1045,314573,335585,839292728,947149068,0.35,0.35,-0.03,-0.06,266.8,282.24,272.87,272.9
2025-01-03,21:45:00,SBER,272.9,272.94,272.9,272.93,0.0,3126,8531400,89,272.92,0.011,61,28,5160997,3370403,1891,1235,0.21,272.92,272.91,1,233,1,293,423,399,259869075,239390575,95902,87782,270.97,272.71,183684,499259650,822,354,358,246453769,235539699,90369,86242,272.72,273.11,176611,481993468,712,0.4,7.5,0.6,787,1043,318197,334672,849211325,944656807,0.12,0.12,-0.03,-0.05,266.88,282.26,272.91,272.93
2025-01-03,21:50:00,SBER,272.94,272.94,272.9,272.91,0.0,2905,7928246,82,272.92,-0.011,46,36,3023940,4904306,1108,1797,-0.24,272.92,272.92,1,1,104,297,379,420,197721835,241500537,72550,88496,272.53,272.89,161046,439222372,799,315,388,192874108,251782092,70723,92147,272.72,273.24,162870,444656200,703,0.4,7.3,0.6,787,1044,318225,329815,849292732,931317795,0.5,0.5,-0.02,-0.05,266.88,282.38,272.91,272.92
2025-01-03,21:55:00,SBER,272.91,272.92,272.9,272.92,0.0,4613,12589453,85,272.91,0.0037,49,36,6465369,6124084,2369,2244,0.03,272.92,272.91,7,16,13,297,452,375,279662324,204328207,103413,75030,270.43,272.33,178443,483990532,827,405,339,230588745,180180574,84556,65968,272.71,273.13,150524,410769319,744,0.4,7.2,0.5,790,1043,334184,332043,892785383,937383493,-0.28,-0.28,0.0,-0.02,267.15,282.31,272.91,272.92
2025-01-03,22:00:00,SBER,272.92,272.92,272.88,272.88,0.0,4481,12228659,85,272.9,-0.0147,33,52,3031901,9196759,1111,3370,-0.5,272.9,272.9,1,1,109,287,299,297,135696967,105249735,50125,41163,270.72,255.69,91288,240946702,596,260,251,128462332,99862052,47099,36559,272.75,273.15,83658,228324385,511,0.5,7.2,0.8,789,1042,333104,333326,889824390,940902762,0.11,0.11,0.0,-0.03,267.13,282.28,272.89,272.91
2025-01-03,22:05:00,SBER,272.9,272.9,272.87,272.87,0.0,1914,5223151,71,272.89,-0.011,37,34,3053700,2169451,1119,795,0.17,272.9,272.89,4,4,204,297,360,302,197988464,188383345,72650,69202,272.52,272.22,141852,386371810,662,327,277,201200673,195645853,73790,71422,272.67,273.93,145212,396846526,604,0.5,7.2,0.9,787,1043,331595,330288,885733603,932009259,0.17,0.17,0.0,-0.03,267.11,282.18,272.88,272.9
2025-01-03,22:10:00,SBER,272.87,273.09,272.87,273.05,0.0001,9406,25676235,197,272.98,0.066,162,35,23339934,2336301,8550,856,0.82,272.98,272.93,2,198,2,300,731,962,424070921,619325140,156614,226814,270.77,273.05,383428,1043396061,1693,658,876,401898212,620930187,147353,227286,272.75,273.19,374639,1022828400,1534,0.7,8.4,1.5,791,1037,330502,326092,882790698,920572358,-0.06,-0.06,0.01,-0.02,267.11,282.3,272.93,272.97
2025-01-03,22:15:00,SBER,273.05,273.13,272.99,273.11,0.0,6474,17678452,98,273.07,0.022,69,29,8648211,9030242,3167,3307,-0.02,273.07,273.06,6,291,53,299,805,936,436807156,610295985,161931,223751,269.75,272.76,385682,1047103141,1741,735,891,428170251,599265674,156922,219287,272.86,273.28,376209,1027435926,1626,0.6,8.7,1.5,798,1031,329046,325519,878864984,919026871,-0.02,-0.02,0.01,-0.02,267.09,282.33,273.05,273.09
2025-01-03,22:20:00,SBER,273.13,273.19,273.03,273.04,0.0,6224,16996576,116,273.08,-0.033,46,70,3992518,13004058,1462,4762,-0.53,273.09,273.08,1,129,274,295,743,1373,393242599,847166884,144320,310081,272.48,273.21,454401,1240409484,2116,695,1309,386483099,820271204,141615,300120,272.91,273.31,441735,1206754304,2004,0.6,8.5,1.7,802,1028,329018,325898,878816298,920091442,0.09,0.09,0.0,-0.02,267.1,282.32,273.09,273.13
2025-01-03,22:25:00,SBER,273.05,273.05,272.81,272.97,0.0001,9293,25364658,138,272.94,-0.0293,37,101,4597927,20766731,1684,7609,-0.64,273.04,272.92,3,3,95,299,1872,3540,579183220,2854098702,212705,1045276,272.29,273.05,1257981,3433281923,5412,1770,3514,561191206,2823587988,205692,1033746,272.83,273.14,1239438,3384779194,5284,1.1,9.3,2.1,793,1035,325154,329177,868265393,929048145,-0.3,-0.3,-0.01,-0.03,267.03,282.23,272.97,273.02
2025-01-03,22:30:00,SBER,273.01,273.02,272.98,273.0,0.0001,1017,2776404,54,273.0,-0.0037,31,23,895454,1880950,328,689,-0.35,273.0,273.0,1,2,32,300,545,3203,235155539,2403191585,86494,880303,271.87,273.0,966797,2638347125,3748,508,3177,232687366,2403011469,85284,879794,272.84,273.13,965078,2635698835,3685,0.7,7.9,1.4,793,1037,325770,331608,869937328,935681571,-0.05,-0.05,-0.01,-0.04,267.04,282.16,272.98,273.02
2025-01-03,22:35:00,SBER,273.01,273.02,272.96,272.97,0.0,1832,5001144,77,272.99,-0.0147,37,40,1755286,3245858,643,1189,-0.3,272.98,272.99,5,23,152,290,523,7609,257919117,5520064566,94957,2021987,271.62,273.0,2116944,5777983683,8132,479,7582,271703456,5518005470,99610,2020635,272.77,273.08,2120245,5789708926,8061,0.5,7.8,0.8,792,1038,324103,331383,865390973,935057863,-0.21,-0.21,-0.01,-0.04,267.01,282.17,272.97,273.0
2025-01-03,22:40:00,SBER,272.98,273.01,272.96,272.98,0.0,1280,3494202,73,272.98,0.0,39,34,1826322,1667879,669,611,0.05,272.99,272.98,3,107,199,296,635,5191,307152956,4125834300,112607,1511021,272.77,273.05,1623628,4432987256,5826,596,5155,300315660,4126941528,110108,1511026,272.75,273.12,1621134,4427257188,5751,0.6,7.8,1.1,793,1035,319899,330305,853989912,932098189,0.04,0.04,-0.02,-0.04,266.96,282.19,272.97,273.0
2025-01-03,22:45:00,SBER,272.98,273.01,272.97,272.99,0.0,1616,4411567,193,272.99,0.0037,138,55,1965604,2445963,720,896,-0.11,273.0,272.99,2,28,235,294,561,570,274505619,418337842,100714,153376,272.56,272.75,254090,692843461,1131,438,517,248766142,412990869,91180,151177,272.83,273.18,242357,661757012,955,0.4,7.8,1.0,794,1035,324756,330832,867287030,933528350,-0.52,-0.52,-0.01,-0.04,267.06,282.18,272.98,273.0
2025-01-03,22:50:00,SBER,272.99,273.0,272.95,272.96,0.0,815,2224687,81,272.97,-0.011,32,49,300280,1924408,110,705,-0.73,272.98,272.97,4,9,187,294,270,469,201872309,380833640,74046,139680,272.63,272.65,213726,582705950,739,220,455,196332823,377055859,71969,138010,272.8,273.21,209979,573388682,675,0.6,8.1,1.1,793,1029,329723,332392,880843098,937795572,-0.24,-0.24,0.0,-0.03,267.15,282.13,272.96,272.99
2025-01-03,22:55:00,SBER,272.96,272.98,272.9,272.94,0.0,4352,11878040,98,272.93,-0.0073,42,56,2175537,9702503,797,3555,-0.63,272.97,272.93,1,15,278,297,360,405,210341750,296938430,77369,110914,271.87,267.72,188283,507280180,765,311,362,202716820,291100682,74315,106532,272.78,273.25,180847,493817502,673,0.6,7.9,1.0,790,1025,330916,331919,884092892,936497829,-0.01,-0.01,0.0,-0.03,267.16,282.15,272.93,272.96
2025-01-03,23:00:00,SBER,272.92,272.94,272.9,272.94,0.0001,2685,7327771,64,272.92,0.0073,37,27,3288829,4038942,1205,1480,-0.1,272.93,272.9,16,60,24,295,327,301,190385756,187039620,70412,69093,270.39,270.71,139505,377425376,628,270,274,204853281,187370693,75151,68581,272.59,273.21,143732,392223974,544,1.1,8.1,1.4,789,1025,326559,331189,872246895,934431511,0.03,0.03,-0.01,-0.03,267.1,282.14,272.9,272.94
2025-01-03,23:05:00,SBER,272.9,272.91,272.7,272.71,0.0,7441,20301008,205,272.83,-0.0696,63,142,3966669,16334339,1454,5987,-0.61,272.81,272.83,1,1,228,292,1388,2739,740782054,2210096775,272427,813925,271.92,271.54,1086352,2950878829,4127,1295,2681,740023277,2209937862,271447,809611,272.62,272.96,1081058,2949961139,3976,0.4,8.6,1.3,779,1032,317343,326721,847136433,922189984,0.17,0.17,-0.01,-0.04,266.95,282.26,272.8,272.83
2025-01-03,23:10:00,SBER,272.71,272.84,272.7,272.72,0.0001,4589,12516632,131,272.75,0.0037,64,67,7569645,4946986,2775,1814,0.21,272.78,272.71,4,129,4,299,518,602,298366748,416935454,111711,153275,267.09,272.02,264986,715302202,1120,433,552,288650292,411643212,105896,150804,272.58,272.97,256700,700293504,985,0.4,9.4,2.2,773,1035,317939,327296,848771407,923682120,0.02,0.02,-0.01,-0.04,266.96,282.22,272.71,272.77
2025-01-03,23:15:00,SBER,272.72,272.81,272.7,272.72,0.0001,4718,12866932,100,272.72,0.0,46,54,6744709,6122223,2473,2245,0.05,272.73,272.7,3,138,147,295,363,1099,210000362,693644678,78864,255799,266.28,271.17,334663,903645040,1462,298,1052,209808123,688980616,76985,252479,272.53,272.89,329464,898788739,1350,0.8,9.2,2.1,772,1036,316027,325979,843560620,920005771,0.03,0.03,-0.02,-0.04,266.93,282.23,272.7,272.76
2025-01-03,23:20:00,SBER,272.72,272.82,272.64,272.67,0.0001,7923,21605400,182,272.69,-0.0183,53,129,2653530,18951871,973,6950,-0.75,272.72,272.69,10,31,287,296,7863,783,681824600,573602897,250249,215337,272.46,266.37,465586,1255427497,8646,7770,728,664692632,576488019,243831,211208,272.6,272.95,455039,1241180652,8498,2.2,10.0,3.0,771,1037,315370,323729,841782139,913813074,-0.07,-0.07,-0.01,-0.04,266.92,282.28,272.68,272.76
2025-01-03,23:25:00,SBER,272.67,272.8,272.65,272.68,0.0001,5181,14127820,91,272.69,0.0037,44,47,4867585,9260235,1785,3396,-0.31,272.69,272.68,26,182,27,287,326,398,218545058,247403348,80752,93073,270.64,265.82,173825,465948407,724,262,352,202007859,246270123,74132,90245,272.5,272.89,164377,448277983,614,2.2,9.4,3.4,768,1037,315568,319833,842343289,903144834,0.35,0.35,-0.01,-0.03,266.93,282.38,272.67,272.77
2025-01-03,23:30:00,SBER,272.68,272.75,272.62,272.65,0.0001,7451,20314801,146,272.65,-0.011,39,107,1262471,19052330,463,6988,-0.88,272.67,272.64,10,47,259,296,320,417,203117888,271143534,74808,104823,271.52,258.67,179631,474261423,737,226,375,189842170,294062684,69670,107725,272.49,272.98,177395,483904854,601,0.7,8.7,2.9,768,1037,316236,316470,844155214,893899820,0.18,0.18,0.0,-0.03,266.94,282.46,272.65,272.73
2025-01-03,23:35:00,SBER,272.67,272.74,272.52,272.62,0.0001,22813,62191266,281,272.61,-0.0183,80,201,11805079,50386187,4330,18483,-0.62,272.63,272.61,2,8,153,297,388,442,255021802,334321355,94359,130914,270.27,255.37,225273,589343158,830,295,360,276593907,300600518,101532,110184,272.42,272.82,211716,577194425,655,1.2,9.0,3.1,762,1039,298177,308829,794944500,872971347,0.03,0.03,-0.02,-0.05,266.58,282.67,272.6,272.68
2025-01-03,23:40:00,SBER,272.64,272.64,272.52,272.54,0.0001,4140,11283998,135,272.56,-0.0367,52,83,2180764,9103234,800,3340,-0.61,272.6,272.55,5,5,39,296,298,271,165968309,192491811,61277,71428,270.85,269.49,132705,358460121,569,193,222,157508555,169645532,57837,62178,272.33,272.84,120015,327154087,415,1.4,10.3,2.7,755,1041,285014,310547,759073329,877637349,0.04,0.04,-0.04,-0.07,266.33,282.61,272.54,272.61
2025-01-03,23:45:00,SBER,272.53,272.54,272.25,272.33,0.0,25140,68489151,528,272.43,-0.0734,88,440,19388513,49100638,7116,18024,-0.43,272.46,272.42,1,6,283,297,1430,676,544771191,406929110,201456,158184,270.42,257.25,359640,951700301,2106,1238,564,510732790,383713733,188258,140687,271.29,272.74,328945,894446523,1802,0.8,9.8,1.8,741,1050,285433,306540,760228680,866640230,-0.39,-0.39,-0.04,-0.07,266.34,282.72,272.37,272.42
2025-01-03,23:50:00,SBER,272.31,272.31,272.1,272.24,0.0001,18392,50061179,396,272.19,-0.0257,158,238,13746660,36314519,5050,13342,-0.45,272.21,272.18,7,7,144,297,3228,277,529675423,104444143,198557,46465,266.76,224.78,245022,634119566,3505,3112,269,502970767,197531368,185138,70461,271.67,280.34,255599,700502136,3381,1.0,11.4,2.3,709,1044,267125,283553,711028247,800643986,-0.02,-0.02,-0.03,-0.06,266.18,282.34,272.17,272.23
2025-01-06,10:05:00,SBER,270.88,271.3,270.28,270.69,0.0001,164822,446135199,3470,270.68,-0.0701,1643,1827,187849536,258285663,69390,95432,-0.16,270.72,270.65,1,21,72,300,28850,24147,13860556586,10621898664,5147676,3968850,269.26,267.63,9116526,24482455251,52997,26717,22225,13410004927,10305157282,4956283,3803586,270.57,270.93,8759869,23715162210,48942,1.9,9.8,3.0,727,670,259859,203392,685735012,569394813,-0.12,-0.12,0.12,0.09,263.88,279.95,270.59,270.67
2025-01-06,10:10:00,SBER,270.69,270.87,270.07,270.75,0.0001,105130,284336114,1751,270.46,0.0222,833,918,133831952,150504162,49470,55660,-0.06,270.53,270.4,1,22,124,300,12345,9461,6445815084,4579610880,2403362,1714466,268.2,267.12,4117828,11025425964,21806,11083,8676,6202262503,4349787782,2294194,1606433,270.35,270.77,3900627,10552050286,19759,1.2,9.3,2.1,752,700,283232,221799,747645012,619421450,-0.19,-0.19,0.12,0.09,263.97,279.28,270.51,270.57
2025-01-06,10:15:00,SBER,270.7,270.76,270.36,270.7,0.0001,61049,165145108,1234,270.51,0.0,495,739,63718762,101426346,23553,37496,-0.23,270.53,270.5,1,2,243,300,4795,4407,3285634520,2890032415,1221408,1077325,269.0,268.26,2298733,6175666935,9202,4092,3717,3156655063,2773043164,1168011,1024331,270.26,270.72,2192342,5929698228,7809,0.5,8.1,1.3,764,716,289791,221264,765138831,617998649,0.04,0.04,0.13,0.11,264.03,279.3,270.5,270.53
2025-01-06,10:20:00,SBER,270.69,271.0,270.52,270.9,0.0001,41125,111378227,854,270.83,0.0776,558,296,87441857,23936370,32286,8839,0.57,270.84,270.8,1,131,82,300,4613,12141,3439317097,8678090746,1278896,3207239,268.93,270.58,4486135,12117407844,16754,3966,11714,3272618242,8593330701,1209467,3172901,270.58,270.84,4382368,11865948943,15680,0.8,8.9,2.1,789,717,307099,212189,811163523,593508583,-0.37,-0.37,0.18,0.15,264.13,279.71,270.79,270.85
2025-01-06,10:25:00,SBER,270.9,270.9,270.32,270.59,0.0001,43093,116616328,764,270.62,-0.1144,350,414,42588451,74027877,15737,27356,-0.27,270.63,270.61,1,1,168,298,7712,4296,4779734356,3167370167,1773669,1181039,269.48,268.19,2954708,7947104524,12008,7129,3940,4656843532,3086345063,1723054,1139428,270.27,270.87,2862482,7743188596,11069,0.7,8.7,1.6,791,738,329922,217584,870738067,608271509,0.23,0.23,0.21,0.18,263.92,279.56,270.61,270.66
2025-01-06,10:30:00,SBER,270.6,270.6,270.12,270.16,0.0,39379,106449739,814,270.32,-0.1626,321,493,33415144,73034595,12360,27019,-0.37,270.35,270.31,1,1,190,300,4187,7156,2817647761,3841366948,1049544,1432332,268.46,268.19,2481876,6659014709,11343,3667,6776,2691523132,3779329505,997098,1397143,269.94,270.5,2394241,6470852637,10443,0.7,8.2,1.7,787,755,345912,223635,913395868,624902804,0.29,0.29,0.21,0.19,264.05,279.43,270.35,270.4
2025-01-06,10:35:00,SBER,270.17,270.6,270.11,270.5,0.0001,26881,72659126,802,270.3,0.1221,400,402,36491775,36167351,13499,13382,0.0,270.33,270.27,1,286,61,300,6321,9692,3507528696,4952247334,1302637,1838196,269.26,269.41,3140833,8459776030,16013,5814,9245,3407330971,4917160305,1261648,1818247,270.07,270.43,3079895,8324491277,15059,1.0,8.5,2.2,791,770,357948,221250,945431070,618480064,0.04,0.04,0.24,0.21,264.12,279.54,270.24,270.3
2025-01-06,10:40:00,SBER,270.51,270.76,270.16,270.63,0.0,34198,92500595,986,270.49,0.0444,447,539,55602044,36898551,20552,13646,0.2,270.54,270.4,3,300,116,300,17475,19839,8937186303,9311419058,3311288,3450574,269.9,269.85,6761862,18248605361,37314,16981,19202,8832032999,9260377916,3267323,3424086,270.31,270.45,6691409,18092410916,36183,0.8,8.5,2.2,808,767,376383,222240,994551971,621185485,0.01,0.01,0.26,0.23,264.24,279.51,270.36,270.42
2025-01-06,10:45:00,SBER,270.76,271.33,270.58,270.69,0.0001,55546,150497435,1025,270.94,-0.0259,668,357,91309444,59187991,33698,21848,0.21,270.96,270.91,1,133,34,299,65009,29044,29160984700,14340657998,10780576,5297353,270.5,270.71,16077929,43501642699,94053,64419,28472,29054570060,14189469501,10730271,5236347,270.77,270.98,15966618,43244039561,92891,1.2,8.8,2.4,841,742,385808,228522,1020128060,638563559,-0.18,-0.18,0.26,0.23,264.41,279.43,270.83,270.9
2025-01-06,10:50:00,SBER,270.69,270.92,270.61,270.81,0.0,22168,60016504,706,270.73,0.0443,314,392,20410175,39606329,7538,14630,-0.32,270.76,270.72,3,36,121,300,127038,34282,58528905086,16675775253,21617854,6155941,270.74,270.89,27773795,75204680339,161320,126627,33945,58481835398,16616697694,21599027,6133406,270.76,270.92,27732433,75098533092,160572,0.9,8.7,2.1,840,754,386724,233573,1022689124,652386453,-0.33,-0.33,0.25,0.22,264.45,279.31,270.76,270.82
2025-01-06,10:55:00,SBER,270.81,271.5,270.75,271.39,0.0001,38521,104482231,992,271.23,0.2142,560,432,84342889,20139342,31092,7429,0.61,271.27,271.09,1,218,22,300,22536,37969,11159875246,22309085957,4137555,8225638,269.72,271.21,12363193,33468961203,60505,22063,37333,11094498388,22240026100,4093940,8199131,271.0,271.25,12293071,33334524489,59396,1.0,8.5,2.0,861,737,385324,233379,1019090085,651980431,0.01,0.01,0.25,0.22,264.48,279.37,271.13,271.19
2025-01-06,11:00:00,SBER,271.39,271.42,270.71,271.08,0.0001,21160,57367653,697,271.11,-0.1142,264,433,16488196,40879457,6082,15078,-0.43,271.1,271.12,2,6,134,298,31622,25648,15079869620,11946749397,5568772,4412218,270.79,270.77,9980990,27026619018,57270,31252,25167,15016265367,11904332369,5542935,4389377,270.91,271.21,9932312,26920597736,56419,0.9,8.6,1.8,859,750,386618,231458,1022565065,646884889,-0.15,-0.15,0.25,0.23,264.49,279.48,271.05,271.1
2025-01-06,11:05:00,SBER,271.06,271.09,270.59,270.95,0.0001,16573,44883156,476,270.82,-0.0406,194,282,18855188,26027968,6962,9611,-0.16,270.83,270.81,1,39,149,300,14964,13286,6970129496,6842420549,2577275,2528215,270.45,270.64,5105490,13812550045,28250,14602,13109,6929555318,6810480832,2559137,2513078,270.78,271.0,5072215,13740036151,27711,0.7,8.5,2.2,849,765,398743,231001,1053726520,645726360,-0.05,-0.05,0.27,0.24,264.26,279.53,270.81,270.87
2025-01-06,11:10:00,SBER,270.95,270.99,270.67,270.99,0.0001,9329,25265192,531,270.82,0.0148,323,208,9971686,15293506,3682,5647,-0.21,270.82,270.83,1,270,84,300,11073,34747,5640926144,16159009794,2084777,5968755,270.58,270.73,8053532,21799935938,45820,10776,34503,5616570993,16140440045,2074910,5959039,270.69,270.86,8033949,21757011038,45279,0.8,8.7,2.0,849,771,403335,231338,1066028026,646666816,-0.2,-0.2,0.27,0.24,264.3,279.53,270.76,270.81
2025-01-06,11:15:00,SBER,270.99,271.79,270.98,271.64,0.0001,43060,116895594,809,271.47,0.2399,634,175,102345831,14549763,37699,5361,0.75,271.48,271.4,1,261,5,299,47343,23076,21492113737,10614069777,7933645,3910518,270.9,271.42,11844163,32106183514,70419,46951,22661,21416410334,10497854526,7891530,3866697,271.38,271.49,11758227,31914264860,69612,0.9,8.8,1.7,883,735,407501,233663,1077465264,653165408,-0.11,-0.11,0.27,0.25,264.41,279.53,271.32,271.37
2025-01-06,11:20:00,SBER,271.59,271.95,271.28,271.6,0.0001,45926,124790989,860,271.72,0.0037,491,369,76949184,47841805,28316,17610,0.23,271.75,271.67,1,91,29,300,61395,35617,34243150719,15423894291,12636028,5680201,271.0,271.54,18316229,49667045010,97012,60929,35097,34167541227,15327668758,12586240,5640428,271.47,271.75,18226668,49495209985,96026,1.3,9.0,2.1,904,719,410885,234367,1086853437,655362476,0.05,0.05,0.27,0.25,264.51,279.63,271.59,271.65
2025-01-06,11:25:00,SBER,271.6,271.7,271.49,271.49,0.0,10865,29504421,371,271.55,-0.0405,183,188,8661270,20843151,3189,7676,-0.41,271.6,271.54,1,183,281,300,7565,17747,4664057312,7527916557,1720150,2772078,271.14,271.56,4492228,12191973869,25312,7331,17525,4656564865,7505603892,1716150,2762670,271.34,271.68,4478820,12162168757,24856,0.8,8.1,1.5,900,728,412616,236060,1091531593,660003289,-0.01,-0.01,0.27,0.25,264.54,279.59,271.56,271.61
2025-01-06,11:30:00,SBER,271.49,271.84,271.19,271.63,0.0001,17977,48830053,414,271.63,0.0516,227,187,30475137,18354916,11218,6759,0.25,271.66,271.56,1,234,13,298,56897,28314,44962866206,12121913424,16583624,4465806,271.13,271.44,21049430,57084779630,85211,56652,28056,44931595913,12076902246,16561464,4445411,271.3,271.67,21006875,57008498160,84708,1.4,9.0,2.8,907,737,412529,234827,1091169340,656665786,0.21,0.21,0.27,0.25,264.51,279.64,271.57,271.65
2025-01-06,11:35:00,SBER,271.68,272.25,271.64,272.2,0.0001,65452,178015168,1004,271.98,0.1914,758,246,128911975,49103193,47392,18060,0.45,272.01,271.89,1,175,3,299,24670,58611,21371554027,24412847596,7902774,8982236,270.43,271.79,16885010,45784401623,83281,24232,58133,21275002606,24309457329,7831592,8939030,271.66,271.95,16770622,45584459936,82365,1.2,8.7,2.7,923,724,417679,225802,1105254831,632221873,0.19,0.19,0.3,0.27,264.62,280.0,271.84,271.91
2025-01-06,11:40:00,SBER,272.2,272.97,272.18,272.7,0.0001,112933,307919905,1698,272.66,0.1837,1054,644,191442636,116477269,70214,42719,0.24,272.66,272.66,1,34,1,297,59523,70412,58813371811,29477787145,21640540,10818771,271.77,272.47,32459311,88291158956,129935,58727,69480,58663100697,29153384074,21534851,10687504,272.41,272.78,32222355,87816484772,128207,1.0,8.3,1.8,961,691,451685,222220,1198265875,623193389,-0.02,-0.02,0.34,0.31,265.22,280.46,272.66,272.71
2025-01-06,11:45:00,SBER,272.71,272.97,272.7,272.79,0.0001,60765,165791642,740,272.84,0.0293,432,308,89051376,76740266,32637,28128,0.07,272.85,272.83,2,197,2,299,86522,37244,103364904728,10704126023,37930211,3927189,272.51,272.56,41857400,114069030752,123766,86120,36795,103273435351,10553678711,37872013,3865685,272.69,273.01,41737698,113827114063,122915,0.7,8.2,1.4,979,709,422710,240983,1119397795,675011862,-0.04,-0.04,0.27,0.25,264.81,280.11,272.82,272.86
2025-01-06,11:50:00,SBER,272.77,272.8,272.45,272.46,0.0,23518,64096978,606,272.54,-0.1136,209,397,15753356,48343622,5780,17738,-0.51,272.55,272.54,1,6,138,300,15088,19030,18033248658,8754997500,6622229,3215276,272.31,272.29,9837505,26788246159,34118,14763,18655,17974941340,8735116572,6599797,3203180,272.36,272.7,9802977,26710057912,33418,0.5,7.7,1.1,966,731,428383,240124,1134783156,672513921,-0.02,-0.02,0.28,0.26,264.9,280.07,272.52,272.55
2025-01-06,11:55:00,SBER,272.46,272.68,272.38,272.4,0.0001,24266,66128954,471,272.52,-0.022,180,291,13951941,52177013,5119,19147,-0.58,272.55,272.51,2,105,39,299,36573,37518,27392510122,15619294410,10055547,5735602,272.41,272.32,15791149,43011804532,74091,36328,37218,27357033715,15571393129,10040134,5711946,272.48,272.61,15752080,42928426845,73546,1.0,8.6,2.0,977,734,429530,236623,1137877512,662871193,0.15,0.15,0.29,0.26,264.91,280.14,272.55,272.6
2025-01-06,12:00:00,SBER,272.47,272.9,272.4,272.9,0.0001,24476,66733356,458,272.65,0.1578,266,192,39895710,26837646,14630,9846,0.2,272.7,272.57,12,294,59,299,9955,45957,5286614720,19540654620,1948220,7173146,271.36,272.41,9121366,24827269340,55912,9710,45727,5251909920,19520176021,1928079,7161156,272.39,272.58,9089235,24772085942,55437,1.0,8.5,2.2,986,737,425101,234619,1125802074,657382185,0.15,0.15,0.29,0.26,264.83,280.19,272.59,272.65
2025-01-06,12:05:00,SBER,272.9,272.9,272.69,272.83,0.0001,9210,25127794,373,272.83,-0.0257,148,225,4990634,20137160,1829,7381,-0.6,272.86,272.82,1,1,31,298,4281,7686,2426620207,3929380458,891183,1441826,272.29,272.53,2333009,6356000665,11967,4071,7343,2407485083,3885298365,883034,1423673,272.64,272.91,2306707,6292783449,11414,1.0,8.6,2.1,999,728,427411,233764,1132229667,655077167,-0.31,-0.31,0.29,0.27,264.9,280.23,272.8,272.85
2025-01-06,12:10:00,SBER,272.83,272.84,272.25,272.77,0.0001,24314,66279011,573,272.6,-0.022,231,342,35242196,31036815,12926,11388,0.06,272.65,272.54,2,2,132,300,24305,87450,11139405636,39351225820,4099658,14436884,271.72,272.57,18536542,50490631456,111755,24057,87099,11114445175,39294700594,4079917,14411467,272.42,272.66,18491384,50409145769,111156,1.3,8.9,2.5,977,747,425799,239306,1127739570,670179828,0.13,0.13,0.28,0.25,264.85,280.05,272.53,272.6
2025-01-06,12:15:00,SBER,272.75,272.75,272.51,272.6,0.0001,3743,10203630,178,272.61,-0.055,87,91,2399010,7804621,880,2863,-0.53,272.61,272.6,8,8,91,299,34438,14539,28600208974,6742109979,10497971,2473435,272.44,272.58,12971406,35342318953,48977,34277,14449,28650000258,6724217155,10516288,2465609,272.43,272.72,12981897,35374217414,48726,1.4,9.1,3.7,979,743,424898,242437,1125373367,678810758,-0.2,-0.2,0.27,0.25,264.86,280.0,272.55,272.65
2025-01-06,12:20:00,SBER,272.55,272.6,272.2,272.6,0.0001,28451,77503766,480,272.41,0.0183,230,250,47713001,29790765,17514,10937,0.23,272.43,272.39,1,287,139,296,44979,90383,35165502478,35504972494,12924493,13035855,272.08,272.36,25960348,70670474973,135362,44725,90112,35147367301,35458300505,12909619,13016091,272.26,272.42,25925710,70605667807,134837,0.8,8.4,2.3,969,758,390048,247839,1032000234,693538121,0.04,0.04,0.22,0.2,264.58,279.83,272.38,272.44
2025-01-06,12:25:00,SBER,272.6,272.61,272.3,272.33,0.0001,12297,33503162,249,272.45,-0.099,95,154,4982867,28520294,1829,10468,-0.7,272.44,272.45,1,3,113,297,22525,25438,21575189545,11567420544,7923592,4247824,272.29,272.31,12171416,33142610089,47963,22333,25305,21547944341,11514233220,7913022,4225609,272.31,272.49,12138631,33062177562,47638,1.2,9.0,2.1,979,756,394004,246148,1043018784,688969073,-0.19,-0.19,0.23,0.2,264.72,279.9,272.43,272.48
2025-01-06,12:30:00,SBER,272.38,272.4,272.23,272.25,0.0001,9645,26265230,278,272.32,-0.0477,106,172,8765029,17500201,3218,6427,-0.33,272.38,272.29,1,6,216,299,4168,4691,3682947091,2670049591,1354462,982858,271.91,271.66,2337320,6352996682,8859,3991,4562,3682105944,2645391930,1352566,970655,272.23,272.54,2323221,6327497875,8553,0.9,8.0,1.6,971,767,389324,257853,1030301513,721013148,-0.14,-0.14,0.2,0.18,264.64,279.62,272.31,272.35
2025-01-06,12:35:00,SBER,272.25,272.3,272.05,272.1,0.0,19887,54126416,361,272.17,-0.0551,137,224,8718773,45407643,3203,16684,-0.68,272.21,272.16,1,32,179,300,2431,13771,1566499755,7436200713,576639,2743991,271.66,271.0,3320630,9002700468,16202,2220,13610,1552013351,7358328817,570769,2703100,271.92,272.22,3273869,8910342169,15830,0.6,7.6,1.6,957,779,379360,272155,1003070856,759899829,0.19,0.19,0.16,0.14,264.41,279.22,272.14,272.19
2025-01-06,12:40:00,SBER,272.1,272.3,271.81,271.85,0.0001,24082,65518471,474,272.06,-0.0919,176,298,24429870,41088601,8976,15106,-0.25,272.17,272.0,2,148,219,300,7438,24189,3554592778,11671702222,1313238,4292966,270.67,271.88,5606204,15226295001,31627,7138,24007,3516196153,11621423965,1293031,4268266,271.93,272.28,5561297,15137620118,31145,0.9,8.8,2.5,953,789,373900,277788,988249803,775311530,-0.1,-0.1,0.15,0.12,264.31,279.1,272.05,272.12
2025-01-06,12:45:00,SBER,271.85,271.99,271.77,271.92,0.0001,14427,39220403,384,271.85,0.0257,190,194,10823870,28396534,3981,10446,-0.45,271.89,271.84,1,76,102,300,13359,37403,5909772518,16802677543,2178079,6186697,271.33,271.59,8364776,22712450061,50762,13072,37209,5876057534,16779664828,2162642,6170116,271.71,271.95,8332758,22655722362,50281,1.0,8.2,2.3,943,800,371763,280930,982333369,783850891,-0.03,-0.03,0.14,0.11,264.24,279.02,271.84,271.9
2025-01-06,12:50:00,SBER,271.91,272.1,271.81,272.02,0.0,9447,25687484,314,271.91,0.0405,196,118,15799937,9887547,5810,3637,0.23,271.94,271.86,1,228,71,290,4162,17110,2114815090,7858208786,779455,2888633,271.32,272.04,3668088,9973023876,21272,3907,17001,2078913024,7853427913,764870,2886505,271.8,272.07,3651375,9932340937,20908,0.7,8.0,1.6,951,805,375395,280479,992143446,782628080,-0.22,-0.22,0.14,0.12,264.29,279.03,271.91,271.95
2025-01-06,12:55:00,SBER,272.05,272.11,271.0,271.2,0.0001,37952,102995335,682,271.38,-0.3124,158,524,8404025,94591310,3095,34857,-0.84,271.54,271.37,7,52,286,300,4091,48629,2468875702,20697366531,911879,7630708,270.75,271.24,8542587,23166242234,52720,3796,48442,2405671680,20665380613,886976,7594720,271.22,272.1,8481696,23071052293,52238,0.8,8.5,1.8,938,811,378316,273911,999842858,764667951,-0.19,-0.19,0.16,0.13,264.29,279.17,271.73,271.78
2025-01-06,13:00:00,SBER,271.27,271.52,270.55,271.02,0.0001,41338,112085717,649,271.14,-0.0922,229,420,33949881,78135836,12516,28822,-0.39,271.25,271.1,1,114,260,297,47320,15292,22819981782,15187585299,8421447,5619175,270.97,270.28,14040622,38007567082,62612,46919,15042,22706891149,15187815422,8376414,5595256,271.08,271.44,13971670,37894706571,61961,1.1,8.7,2.0,903,843,374217,261646,988540547,731182204,0.1,0.1,0.18,0.15,264.16,279.46,271.31,271.36
2025-01-06,13:05:00,SBER,271.05,271.29,270.94,271.11,0.0001,16828,45624363,349,271.12,0.0221,188,161,24654824,20969539,9092,7736,0.08,271.17,271.06,4,120,44,299,68217,26409,30629635545,23482486642,11304509,8655425,270.95,271.3,19959934,54112122188,94626,67883,26278,30547948940,23474715046,11268882,8648334,271.08,271.44,19917216,54022663987,94161,1.3,9.1,2.7,888,849,386320,263176,1020863462,735220825,-0.29,-0.29,0.19,0.16,264.25,279.36,271.1,271.18
2025-01-06,13:10:00,SBER,271.16,271.45,271.03,271.38,0.0001,12030,32622740,317,271.18,0.0811,182,135,18375146,14247594,6775,5255,0.13,271.22,271.12,3,267,19,300,26876,52344,10520285932,63137715824,3883781,23266492,270.88,271.37,27150273,73658001756,79220,26586,52239,10495136821,63104303814,3870226,23250136,271.18,271.41,27120362,73599440635,78825,1.1,8.7,2.5,900,854,393101,266826,1039125513,745118974,-0.22,-0.22,0.19,0.16,264.34,279.25,271.16,271.23
2025-01-06,13:15:00,SBER,271.38,271.55,271.15,271.47,0.0,9432,25599108,276,271.41,0.0332,173,103,20714268,4884840,7632,1800,0.62,271.41,271.38,1,271,115,300,48378,74906,19809268088,82118115295,7307518,30252323,271.08,271.44,37559841,101927383384,123284,48164,74776,19798017278,82107940720,7299580,30248421,271.22,271.45,37548001,101905957999,122940,0.7,8.6,2.3,913,847,393913,267057,1041366492,745763610,0.05,0.05,0.19,0.17,264.36,279.25,271.31,271.37
2025-01-06,13:20:00,SBER,271.48,271.7,271.45,271.46,0.0001,14625,39717536,347,271.57,-0.0074,219,128,25277852,14439683,9307,5318,0.27,271.6,271.52,8,49,285,299,17173,35204,7326628618,39371710166,2703796,14493888,270.98,271.64,17197684,46698338785,52377,16981,34985,7304673712,39321472685,2691113,14474697,271.44,271.66,17165810,46626146397,51966,0.8,8.6,1.6,927,832,396435,265524,1048174933,741625233,0.18,0.18,0.2,0.17,264.4,279.31,271.53,271.57
2025-01-06,13:25:00,SBER,271.45,271.46,271.16,271.27,0.0001,6867,18629110,205,271.28,-0.0663,77,128,8154112,10474998,3006,3861,-0.12,271.26,271.3,1,2,18,300,16848,42194,6722500471,26737178509,2480630,9854028,271.0,271.33,12334658,33459678981,59042,16712,42082,6667421253,26769589359,2459579,9864094,271.08,271.38,12323673,33437010612,58794,1.0,8.5,2.2,908,848,395187,264190,1044620461,737828319,-0.22,-0.22,0.2,0.17,264.33,279.28,271.21,271.27
2025-01-06,13:30:00,SBER,271.31,271.67,271.27,271.38,0.0001,10780,29274774,284,271.57,0.0258,186,98,21768528,7506246,8016,2764,0.49,271.56,271.57,2,273,44,300,23757,82994,10183274134,47998203424,3756787,17682916,271.06,271.44,21439703,58181477559,106751,23588,82853,10168346972,47982672076,3748257,17677052,271.28,271.44,21425309,58151019048,106441,1.0,8.3,2.0,930,841,412266,250197,1090626715,699582220,-0.23,-0.23,0.24,0.22,264.54,279.61,271.44,271.49
2025-01-06,13:35:00,SBER,271.36,271.49,271.21,271.29,0.0001,9263,25129531,268,271.29,-0.0258,100,168,11817389,13312142,4356,4907,-0.06,271.29,271.29,1,22,123,299,4590,8162,2466170287,5289628155,909902,1948635,271.04,271.45,2858537,7755798442,12752,4423,8005,2431342671,5260822992,896793,1937725,271.12,271.49,2834518,7692165663,12428,0.9,8.4,1.5,916,852,411999,251566,1089877993,703344199,-0.19,-0.19,0.24,0.22,264.53,279.59,271.27,271.32
2025-01-06,13:40:00,SBER,271.29,271.6,271.21,271.5,0.0001,10342,28067414,245,271.39,0.0774,146,99,16443718,11623696,6059,4283,0.17,271.39,271.39,2,293,81,300,9058,48106,3979119902,38416956575,1468004,14151718,271.06,271.46,15619722,42396076478,57164,8901,47993,3954308949,38413435454,1457852,14149034,271.24,271.49,15606886,42367744403,56894,0.9,8.4,1.9,918,848,414027,252098,1095316841,704814778,-0.25,-0.25,0.24,0.22,264.55,279.58,271.28,271.33
2025-01-06,13:45:00,SBER,271.48,271.59,271.23,271.29,0.0001,6474,17568165,224,271.36,-0.07,65,159,3834512,13733653,1413,5061,-0.56,271.37,271.36,4,18,272,291,29090,8003,13545926932,6357193545,4993847,2341668,271.25,271.48,7335515,19903120478,37093,28910,7914,13526863605,6339360543,4986051,2333654,271.29,271.65,7319705,19866224149,36824,1.2,8.7,2.7,923,847,415054,249410,1098071464,697521169,-0.26,-0.26,0.25,0.22,264.56,279.67,271.33,271.4
2025-01-06,13:50:00,SBER,271.28,271.28,271.07,271.13,0.0,11766,31905114,428,271.16,-0.0553,107,321,13373294,18531820,4932,6834,-0.16,271.15,271.17,4,4,89,300,2165,4133,1290986501,2701413341,477495,997497,270.37,270.82,1474992,3992399842,6298,1978,3878,1270133103,2661802343,468780,980920,270.94,271.36,1449700,3931935447,5856,0.8,8.1,1.5,906,855,413039,256314,1092565494,716217970,0.11,0.11,0.23,0.21,264.52,279.43,271.13,271.17
2025-01-06,13:55:00,SBER,271.14,271.18,270.62,270.85,0.0001,26923,72938840,834,270.92,-0.107,133,701,7037907,65900932,2597,24326,-0.81,271.0,270.91,1,233,252,300,8329,25558,4125818695,13920508204,1523557,5150585,270.8,270.27,6674142,18046326900,33887,8009,25140,4085209853,13911172418,1508140,5134783,270.88,270.92,6642923,17996382271,33149,1.0,8.3,2.5,900,860,411873,256948,1089377039,717922083,0.01,0.01,0.23,0.21,264.49,279.4,271.02,271.09
2025-01-06,14:00:00,SBER,270.86,271.12,270.81,271.1,0.0,12495,33862034,818,271.0,0.0886,146,672,26691295,7170740,9849,2646,0.58,271.01,271.0,2,186,15,289,22355,10465,11191180123,6536074596,4135139,2411495,270.64,271.04,6546634,17727254720,32820,22162,9759,11161685889,6504566069,4119837,2399290,270.93,271.1,6519127,17666251958,31921,1.1,8.7,2.2,891,864,406510,258133,1074862278,721151616,-0.11,-0.11,0.22,0.2,264.41,279.37,270.96,271.02
2025-01-06,14:05:00,SBER,271.1,271.95,271.02,271.61,0.0001,41833,113581672,948,271.51,0.1881,302,646,100456348,13125323,37001,4832,0.77,271.5,271.63,4,245,4,300,11607,7801,8635114580,4477964001,3189948,1647889,270.7,271.74,4837837,13113078581,19408,11399,7057,8508284943,4418494824,3137724,1624628,271.16,271.97,4762352,12926779768,18456,1.2,11.7,2.2,914,835,416392,249388,1101640880,697559020,0.05,0.05,0.25,0.22,264.57,279.72,271.42,271.48
2025-01-06,14:10:00,SBER,271.61,271.63,271.0,271.01,0.0001,12176,33028056,514,271.26,-0.2209,123,391,8942709,24085347,3296,8880,-0.46,271.32,271.23,1,1,104,300,83534,28292,53166422534,12667937963,19612840,4667328,271.08,271.42,24280168,65834360497,111826,83278,27892,53138299208,12642356375,19601411,4657438,271.09,271.44,24258849,65780655583,111170,1.3,9.0,2.7,917,845,421135,243089,1114496618,680420153,-0.02,-0.02,0.27,0.24,264.64,279.91,271.18,271.26
2025-01-06,14:15:00,SBER,271.02,272.2,271.02,271.86,0.0001,40898,111164815,609,271.81,0.3099,314,295,52291624,58873190,19250,21648,-0.06,271.64,271.96,6,221,6,300,14972,15801,11302874406,7108321328,4169282,2616603,271.1,271.66,6785885,18411195734,30773,14669,15481,11184006952,7028273677,4124117,2585142,271.19,271.87,6709259,18212280629,30150,1.0,8.5,2.4,933,837,427783,240514,1132541926,673397901,-0.06,-0.06,0.28,0.25,264.74,279.99,271.44,271.51
2025-01-06,14:20:00,SBER,271.85,272.14,271.7,271.94,0.0001,16930,46036510,396,271.92,0.0331,172,224,22505673,23530837,8276,8654,-0.02,271.94,271.91,1,264,131,299,8760,42380,10918481187,19454015096,4024509,7155113,271.3,271.89,11179622,30372496283,51140,8522,42136,10889572775,19409684206,4012888,7137337,271.36,271.95,11150225,30299256981,50658,0.9,8.6,2.2,958,810,429068,236486,1136078353,662486197,0.18,0.18,0.29,0.26,264.78,280.14,271.89,271.95
2025-01-06,14:25:00,SBER,271.93,272.2,271.34,271.4,0.0001,23548,63998286,1380,271.78,-0.1949,197,1183,24840171,39158116,9136,14412,-0.22,271.89,271.7,4,66,187,298,42459,57738,40185900989,23512036019,14812451,8651734,271.3,271.76,23464185,63697937008,100197,42179,56539,40127566170,23453367775,14787466,8627254,271.36,271.85,23414720,63580933945,98718,1.5,9.0,3.0,956,819,428718,239648,1135108214,671149136,0.15,0.15,0.28,0.26,264.77,280.06,271.7,271.79
2025-01-06,14:30:00,SBER,271.39,271.43,270.87,271.32,0.0,50578,137102630,885,271.07,-0.0258,265,620,24523969,112578661,9045,41533,-0.64,271.13,271.06,2,3,128,296,11294,26608,9513843336,11597865071,3512280,4297939,270.87,269.85,7810219,21111708407,37902,10840,26117,9418753491,11519412831,3474998,4245723,271.04,271.32,7720721,20938166322,36957,0.8,8.3,2.0,916,846,423435,244187,1120651064,683389890,0.15,0.15,0.27,0.24,264.66,279.86,271.11,271.17
2025-01-06,14:35:00,SBER,271.3,271.44,271.12,271.21,0.0,6918,18769791,664,271.32,-0.0332,93,571,10556957,8212835,3891,3027,0.12,271.32,271.32,5,41,275,297,17215,12388,8341525705,5652609588,3076798,2083435,271.11,271.31,5160233,13994135294,29603,17053,11781,8295849413,5631216582,3058713,2074802,271.22,271.41,5133515,13927065995,28834,1.2,9.2,2.8,932,850,429878,247089,1137964156,691321890,-0.02,-0.02,0.27,0.24,264.72,279.79,271.29,271.37
2025-01-06,14:40:00,SBER,271.2,271.75,271.2,271.5,0.0001,11364,30867576,264,271.63,0.1106,163,101,13220292,17647283,4869,6495,-0.14,271.52,271.71,11,220,11,297,6196,4564,3255665373,2553300030,1201947,939887,270.87,271.66,2141834,5808965404,10760,6021,4408,3211995286,2510861779,1184404,924222,271.19,271.67,2108626,5722857065,10429,0.8,8.6,2.4,942,845,443049,246742,1172837078,690381131,-0.27,-0.27,0.28,0.26,264.72,279.8,271.4,271.46
2025-01-06,14:45:00,SBER,271.51,272.0,271.51,271.94,0.0001,14510,39436039,302,271.79,0.1584,202,100,32145028,7291011,11828,2682,0.63,271.77,271.85,7,287,7,300,43592,14431,17331646850,6994361073,6379071,2573015,271.7,271.84,8952086,24326007924,58023,43407,14275,17313106418,6958634923,6370586,2559367,271.77,271.89,8929953,24271741341,57682,0.8,8.8,2.5,958,830,444277,256075,1176015174,715907781,-0.26,-0.26,0.27,0.24,264.7,279.57,271.71,271.78
2025-01-06,14:50:00,SBER,271.86,272.0,271.64,271.67,0.0,8984,24417220,1475,271.79,-0.0699,118,1357,10274037,14143183,3779,5205,-0.16,271.87,271.72,2,4,280,300,15419,55775,7030105798,25161675802,2588571,9259034,271.58,271.75,11847605,32191781601,71194,15231,54358,7017581880,25132210057,2583621,9246018,271.62,271.82,11829639,32149791937,69589,1.1,8.7,2.7,960,840,440605,257272,1166142953,719190090,-0.06,-0.06,0.26,0.24,264.67,279.54,271.72,271.8
2025-01-06,14:55:00,SBER,271.67,271.7,271.15,271.26,0.0001,13174,35770118,245,271.52,-0.1509,66,179,1298561,34471557,478,12696,-0.93,271.67,271.52,2,34,285,298,5857,94239,2426145835,39427311098,894658,14510321,271.18,271.72,15404979,41853456933,100096,5708,94183,2397580372,39371332790,884012,14488866,271.22,271.74,15372878,41768913162,99891,0.9,8.4,3.0,954,851,439696,261103,1163640683,729617595,0.14,0.14,0.25,0.23,264.65,279.44,271.6,271.69
2025-01-06,15:00:00,SBER,271.3,271.78,271.17,271.71,0.0,5779,15684014,1300,271.4,0.1511,118,1182,7911661,7772353,2915,2864,0.01,271.41,271.38,1,279,59,294,56662,37580,24296359576,21947157089,8957771,8079166,271.23,271.65,17036937,46243516665,94242,56507,36345,24274675357,21941006540,8947478,8075656,271.3,271.69,17023134,46215681898,92852,1.3,9.0,3.1,942,859,440836,267604,1166670966,747233966,0.2,0.2,0.24,0.22,264.65,279.23,271.41,271.5
2025-01-06,15:05:00,SBER,271.64,271.95,271.64,271.78,0.0,4602,12509414,210,271.83,0.0515,140,70,8644553,3864861,3180,1422,0.38,271.84,271.79,3,256,3,300,17568,39726,6831636514,30080005288,2516088,11063192,271.52,271.89,13579280,36911641803,57294,17411,39633,6822817145,30071733953,2511597,11059521,271.65,271.91,13571118,36894551098,57044,0.8,8.3,2.2,964,838,444020,267609,1175234590,747377568,-0.04,-0.04,0.25,0.22,264.68,279.28,271.76,271.81
2025-01-06,15:10:00,SBER,271.79,271.95,271.49,271.6,0.0,6103,16580162,1349,271.67,-0.0699,100,1249,5775142,10805020,2125,3978,-0.3,271.77,271.62,1,63,187,300,17518,41532,7990869830,27171081992,2943883,9996440,271.44,271.81,12940323,35161951823,59050,17323,40284,7978657108,27134048304,2938968,9980616,271.48,271.87,12919584,35112705412,57607,1.3,8.8,3.1,960,847,443681,270780,1174344520,755935857,-0.22,-0.22,0.24,0.22,264.68,279.17,271.64,271.72
2025-01-06,15:15:00,SBER,271.6,271.92,271.6,271.87,0.0,2944,8002980,206,271.84,0.0994,130,76,5001695,3001285,1840,1104,0.25,271.83,271.86,2,129,2,298,66098,10551,26499707042,6785657156,9752654,2496190,271.72,271.84,12248844,33285364198,76649,65944,10478,26482200169,6801216566,9745340,2501153,271.74,271.92,12246493,33283416735,76422,0.7,8.8,2.3,970,838,448560,271337,1187589477,757475721,-0.11,-0.11,0.25,0.22,264.76,279.16,271.8,271.86
2025-01-06,15:20:00,SBER,271.88,271.9,271.79,271.79,0.0,4948,13451096,216,271.85,-0.0331,124,92,10411846,3039250,3830,1118,0.55,271.85,271.85,4,7,29,300,35857,10452,15715631110,6974367939,5786342,2564803,271.6,271.93,8351145,22689999049,46309,35708,10342,15715630625,6960923009,5783051,2559617,271.75,271.95,8342668,22676553634,46050,0.7,8.3,2.5,972,838,447469,270545,1184658517,755303170,-0.35,-0.35,0.25,0.22,264.75,279.18,271.81,271.87
2025-01-06,15:25:00,SBER,271.8,271.88,271.55,271.59,0.0,7772,21120284,1479,271.75,-0.0773,108,1371,4479012,16641273,1648,6124,-0.58,271.78,271.74,8,104,273,300,5600,10851,2952177390,6016629515,1088231,2215948,271.28,271.51,3304179,8968806905,16451,5438,9498,2937880524,6009739448,1082245,2210392,271.46,271.89,3292637,8947619973,14936,0.8,8.3,2.5,967,847,448284,270567,1186849607,755361554,-0.23,-0.23,0.25,0.22,264.75,279.18,271.72,271.79
2025-01-06,15:30:00,SBER,271.6,271.61,271.0,271.31,0.0,24952,67678068,427,271.23,-0.1068,152,275,12109418,55568650,4465,20487,-0.64,271.21,271.24,4,7,93,299,114119,5014,50809074133,3885639660,18738064,1449659,271.15,268.04,20187723,54694713794,119133,113852,4884,50762905255,3844272581,18719481,1415394,271.18,271.6,20134875,54607177836,118736,0.8,8.8,2.2,939,870,441703,276511,1168897623,771428463,-0.45,-0.45,0.23,0.2,264.63,278.99,271.31,271.37
2025-01-06,15:35:00,SBER,271.34,271.4,271.0,271.04,0.0,11392,30888082,1608,271.14,-0.1106,135,1473,7976910,22911172,2941,8451,-0.48,271.23,271.11,1,62,262,299,8200,5727,3810845148,3332121820,1406218,1232001,271.0,270.46,2638219,7142966969,13927,7996,4342,3775722019,3336601415,1392614,1228519,271.12,271.6,2621133,7112323434,12338,0.5,8.5,1.5,938,872,440815,277459,1166478464,774001059,-0.23,-0.23,0.23,0.2,264.62,278.96,271.29,271.33
2025-01-06,15:40:00,SBER,271.04,271.36,271.04,271.23,0.0001,8234,22331590,181,271.21,0.0701,87,94,9511092,12820498,3507,4727,-0.15,271.2,271.22,1,145,1,289,16772,10004,7614238193,6710403743,2810954,2475187,270.88,271.11,5286141,14324641937,26776,16584,9913,7596724383,6693249105,2801571,2464411,271.16,271.6,5265982,14289973488,26497,1.0,9.2,4.0,936,876,446564,274328,1181965793,765478230,0.02,0.02,0.24,0.21,264.68,279.04,271.19,271.3
2025-01-06,15:45:00,SBER,271.24,271.25,271.01,271.04,0.0,5617,15226126,1568,271.07,-0.0737,126,1442,2814175,12411951,1038,4579,-0.63,271.12,271.06,6,17,171,300,2185,4484,1326906212,5058410916,490588,1865001,270.47,271.23,2355589,6385317128,6669,1970,3077,1312928148,5053364568,484713,1860651,270.87,271.59,2345364,6366292717,5047,0.7,7.8,2.3,927,881,445905,275944,1180154123,769835325,-0.3,-0.3,0.24,0.21,264.66,278.98,271.08,271.15
2025-01-06,15:50:00,SBER,271.05,271.36,271.04,271.17,0.0001,4859,13178543,191,271.22,0.0443,129,62,9356570,3821974,3450,1409,0.42,271.2,271.25,1,157,1,299,22536,7057,9892733896,7027273444,3651729,2587215,270.91,271.62,6238944,16920007340,29593,22412,6962,9875408254,7022153791,3643089,2585058,271.07,271.64,6228147,16897562045,29374,0.6,9.0,2.5,933,875,448611,277306,1187437712,773551306,0.01,0.01,0.24,0.21,264.69,278.95,271.18,271.25
2025-01-06,15:55:00,SBER,271.18,271.32,271.1,271.13,0.0,3664,9935209,1257,271.16,-0.0184,56,1201,1247552,8687657,460,3204,-0.75,271.21,271.15,3,29,198,291,47951,10290,22729785119,9111565544,8382726,3354936,271.15,271.59,11737662,31841350664,58241,47844,9098,22727673043,9091346810,8381808,3347210,271.15,271.61,11729018,31819019853,56942,1.0,8.8,3.1,932,877,449276,279351,1189246123,779249066,-0.35,-0.35,0.23,0.21,264.7,278.95,271.15,271.24
2025-01-06,16:00:00,SBER,271.12,271.14,270.84,271.02,0.0,18285,49545497,449,270.96,-0.0369,179,270,20522599,29022898,7574,10711,-0.17,270.96,270.96,2,3,113,297,16978,35528,6998082514,49856105979,2586053,18375724,270.61,271.32,20961777,56854188494,52506,16725,35385,6968957087,49810812650,2572762,18354690,270.87,271.38,20927452,56779769737,52110,0.7,8.2,2.2,913,886,444940,281439,1177517225,785029368,-0.05,-0.05,0.23,0.2,264.65,278.93,270.95,271.01
2025-01-06,16:05:00,SBER,271.01,271.02,270.85,270.9,0.0,9122,24709850,229,270.88,-0.0406,128,101,10407577,14302273,3842,5280,-0.16,270.89,270.88,3,25,112,299,2381,1295,1301124883,1299487291,481184,479700,270.4,270.9,960884,2600612175,3676,2206,1186,1279157042,1257366909,472451,463537,270.75,271.25,935988,2536523952,3392,0.5,7.5,1.2,903,891,442593,288888,1171157905,805177708,-0.33,-0.33,0.21,0.19,264.61,278.72,270.89,270.92
2025-01-06,16:10:00,SBER,270.9,271.31,270.89,271.3,0.0,10506,28476795,1327,271.05,0.1477,179,1148,22528756,5948039,8312,2194,0.58,271.04,271.1,2,195,2,299,43416,20390,20157815173,18324646684,7438958,6750912,270.98,271.44,14189870,38482461857,63806,43248,19202,20124276753,18328669479,7425119,6751817,271.03,271.46,14176936,38452946232,62450,0.9,8.3,2.4,911,887,445152,284402,1177988319,793028900,0.0,0.0,0.22,0.2,264.63,278.84,270.98,271.05
2025-01-06,16:15:00,SBER,271.28,271.3,271.07,271.07,0.0,5595,15168448,809,271.11,-0.0774,66,743,5405807,9762640,1994,3601,-0.29,271.1,271.11,9,9,60,300,5563,25702,2249617671,22504230397,831163,8290382,270.66,271.45,9121545,24753848068,31265,5470,24961,2233417479,22490449278,823994,8283755,271.05,271.5,9107749,24723866757,30431,0.9,8.7,1.4,919,882,449980,281405,1191077314,784930938,-0.26,-0.26,0.23,0.21,264.7,278.93,271.09,271.13
2025-01-06,16:20:00,SBER,271.07,271.1,271.0,271.02,0.0,3364,9116932,770,271.01,-0.0184,92,678,3189912,5927020,1177,2187,-0.3,271.02,271.01,1,13,4,300,3037,2447,1618315025,2862028729,597894,1054824,270.67,271.33,1652718,4480343755,5484,2888,1763,1602071099,2843435063,591540,1047532,270.83,271.44,1639072,4445506162,4651,0.4,8.6,0.6,912,891,453533,285184,1200638839,795176159,0.35,0.35,0.23,0.2,264.73,278.83,271.01,271.03
2025-01-06,16:25:00,SBER,271.02,271.37,271.02,271.22,0.0,9213,24989342,1021,271.24,0.0738,154,867,17464203,7525139,6439,2774,0.4,271.23,271.27,1,247,1,300,42989,63831,19942793317,58351094805,7359753,21495081,270.97,271.46,28854834,78293888123,106820,42836,62925,19927921186,58332246841,7349198,21487798,271.16,271.47,28836996,78260168027,105761,0.9,9.0,2.3,925,879,454989,284392,1204618067,793075202,0.0,0.0,0.23,0.21,264.76,278.87,271.18,271.25
2025-01-06,16:30:00,SBER,271.22,271.37,271.17,271.28,0.0,2671,7245888,921,271.28,0.0221,65,856,3782478,3463410,1394,1277,0.04,271.34,271.21,1,71,24,297,62006,58125,30375853130,57592747911,11200965,21218627,271.19,271.43,32419592,87968601041,120131,61903,57253,30394501308,57581494329,11207237,21214377,271.2,271.43,32421614,87975995638,119156,1.5,9.0,4.2,925,875,453544,285356,1201035110,795703540,-0.41,-0.41,0.23,0.2,264.81,278.85,271.2,271.32
2025-01-06,16:35:00,SBER,271.3,271.47,271.23,271.36,0.0001,6453,17512511,168,271.39,0.0221,121,47,16923833,588678,6236,217,0.93,271.39,271.28,1,291,122,297,34992,44865,14759385012,56937989247,5448597,20972255,270.88,271.49,26420852,71697374259,79857,34914,44779,14762480307,56927468546,5443718,20968205,271.18,271.49,26411923,71689948853,79693,1.1,8.9,4.1,928,875,446965,285676,1183774709,796568015,-0.38,-0.38,0.22,0.2,264.85,278.84,271.22,271.33
2025-01-06,16:40:00,SBER,271.39,271.39,271.12,271.31,0.0,2567,6962348,1626,271.23,-0.0295,43,1583,675519,6286829,249,2318,-0.81,271.29,271.22,3,3,46,295,9018,34443,4507732144,49189364464,1662848,18120210,271.09,271.46,19783058,53697096608,43461,8947,32858,4502662037,49182419010,1660957,18117334,271.09,271.47,19778291,53685081048,41805,1.0,8.5,3.4,930,874,446704,285527,1183059873,796166291,-0.06,-0.06,0.22,0.2,264.84,278.84,271.24,271.33
2025-01-06,16:45:00,SBER,271.26,271.3,271.1,271.26,0.0,23338,63306753,1658,271.26,0.0,146,1512,54326913,8979840,20027,3311,0.72,271.27,271.21,1,5,189,300,21270,30842,10347988746,36452930859,3831808,13430755,270.05,271.41,17262563,46800919605,52112,21050,29340,10329287326,36403604736,3809613,13411112,271.14,271.44,17220725,46732892062,50390,0.9,8.2,2.1,928,877,447047,287225,1184011184,800732851,-0.37,-0.37,0.22,0.19,264.85,278.79,271.22,271.28
2025-01-06,16:50:00,SBER,271.26,271.56,271.25,271.45,0.0,8790,23857238,450,271.41,0.07,374,76,18032518,5824720,6644,2146,0.51,271.41,271.42,7,233,68,284,32052,9485,13983056073,13321147886,5156999,4904458,271.15,271.61,10061457,27304203960,41537,31679,9404,13962420703,13316849882,5148887,4901086,271.17,271.71,10049973,27279270585,41083,0.6,8.8,1.0,934,873,447619,280124,1185661966,781478998,0.1,0.1,0.23,0.21,264.88,278.98,271.33,271.36
2025-01-06,16:55:00,SBER,271.49,271.58,271.46,271.55,0.0,9536,25893275,1503,271.53,0.0221,130,1373,12064523,13828752,4443,5093,-0.07,271.54,271.52,2,130,19,300,2343,6552,1535309111,5388094575,566481,1983887,271.03,271.59,2550368,6923403686,8895,2177,5179,1447648319,5366070448,533581,1974483,271.31,271.77,2508064,6813718768,7356,0.8,8.0,1.4,945,863,465854,277575,1234841706,774607807,0.1,0.1,0.25,0.23,265.07,279.06,271.51,271.55
2025-01-06,17:00:00,SBER,271.55,271.58,271.49,271.51,0.0,4318,11724491,129,271.53,-0.0147,64,65,1634789,10089702,602,3716,-0.72,271.56,271.52,2,25,196,300,963,1306,543148443,922413918,200481,342610,270.92,269.23,543091,1465562362,2269,873,1244,543245311,910180685,200205,334891,271.34,271.78,535096,1453425996,2117,0.6,8.1,1.3,946,861,471732,279396,1250494956,779569669,-0.08,-0.08,0.26,0.23,265.09,279.02,271.53,271.57
2025-01-06,17:05:00,SBER,271.55,271.77,271.5,271.76,0.0,9394,25515954,227,271.62,0.0773,165,62,19450683,6065271,7161,2233,0.52,271.62,271.62,5,261,53,300,1258,9532,716178767,11022046422,265024,4056829,270.23,271.69,4321853,11738225190,10790,1128,9428,697367730,11010107553,257000,4050855,271.35,271.8,4307855,11707475283,10556,0.5,7.8,0.9,951,859,469341,280464,1244048878,782470169,0.03,0.03,0.25,0.23,265.06,278.99,271.56,271.59
2025-01-06,17:10:00,SBER,271.75,271.79,271.61,271.78,0.0001,8325,22623993,202,271.76,0.011,99,103,9384400,13239592,3453,4872,-0.17,271.78,271.75,2,53,131,299,4659,20319,2189013264,27126245624,806803,9978737,271.32,271.84,10785540,29315258888,24978,4515,20229,2097297847,27106941241,772279,9970006,271.57,271.88,10742285,29204239088,24744,0.9,8.4,1.9,960,848,486576,278064,1290742309,775994821,-0.06,-0.06,0.27,0.25,265.27,279.07,271.72,271.77
2025-01-06,17:15:00,SBER,271.75,272.37,271.68,272.37,0.0,43491,118344116,2112,272.11,0.2282,648,1464,95614806,22729310,35141,8350,0.62,272.09,272.21,4,187,4,300,10297,29293,5303706657,37644601404,1954054,13824782,271.42,272.3,15778836,42948308062,39590,9913,27748,5180515644,37559138688,1904807,13791908,271.97,272.33,15696715,42739654332,37661,0.7,8.0,1.4,980,812,502607,268724,1334312146,750776379,0.01,0.01,0.3,0.28,265.48,279.39,272.12,272.16
2025-01-06,17:20:00,SBER,272.37,272.37,272.09,272.17,0.0,9498,25859460,286,272.26,-0.0734,117,169,10267614,15591846,3771,5727,-0.21,272.28,272.25,3,3,288,295,5798,2824,2855002192,1599082979,1050462,589321,271.79,271.34,1639783,4454085172,8622,5652,2664,2866935940,1574517191,1053705,577978,272.08,272.42,1631683,4441453131,8316,0.6,7.9,1.1,986,802,505498,274724,1342191542,767269964,0.02,0.02,0.3,0.27,265.52,279.29,272.25,272.28
2025-01-06,17:25:00,SBER,272.09,272.35,272.07,272.26,0.0001,11172,30420346,252,272.29,0.0625,137,115,15894263,14526083,5837,5335,0.04,272.3,272.28,1,197,1,299,7260,2385,3753977544,1349725010,1380591,497632,271.91,271.23,1878223,5103702554,9645,7093,2284,3738537209,1324797467,1373906,486362,272.11,272.39,1860268,5063334676,9377,0.7,7.7,1.3,985,802,503121,275016,1335710615,768097063,-0.21,-0.21,0.29,0.27,265.48,279.29,272.25,272.29
2025-01-06,17:30:00,SBER,272.27,272.28,272.22,272.23,0.0,2384,6490198,193,272.24,-0.0147,94,99,2488353,4001845,914,1470,-0.23,272.25,272.23,1,113,52,296,18558,1607,8216845892,934510592,3020104,343985,272.07,271.67,3364089,9151356484,20165,18440,1500,8226497352,927984085,3023413,340654,272.09,272.41,3364067,9154481437,19940,0.5,7.6,1.7,985,806,497480,276080,1320379091,771025709,-0.2,-0.2,0.29,0.26,265.41,279.28,272.22,272.26
2025-01-06,17:35:00,SBER,272.23,272.3,272.0,272.01,0.0,10901,29665063,1642,272.13,-0.0808,103,1539,6631660,23033402,2436,8465,-0.55,272.24,272.1,2,83,284,299,18681,7310,9014881521,2831052003,3314426,1045071,271.99,270.9,4359497,11845933524,25991,18458,5805,8989641916,2813694034,3304533,1033191,272.04,272.33,4337724,11803335951,24263,0.7,8.1,1.9,982,808,498345,276049,1322715014,770944589,-0.13,-0.13,0.29,0.26,265.42,279.28,272.19,272.24
2025-01-06,17:40:00,SBER,272.06,272.7,272.06,272.7,0.0,39781,108406310,670,272.51,0.2352,501,169,90772283,17634027,33309,6472,0.67,272.52,272.47,2,298,2,298,69611,5464,31934317928,3170143631,11735171,1164797,272.12,272.16,12899968,35104461559,75075,69250,5245,31481727295,3125476555,11565359,1146919,272.21,272.51,12712278,34607203850,74495,0.5,7.8,1.4,996,786,518258,265426,1377024276,742035406,-0.24,-0.24,0.32,0.3,265.69,279.57,272.44,272.47
2025-01-06,17:45:00,SBER,272.71,272.9,272.62,272.83,0.0,39972,109043072,700,272.8,0.044,434,266,81241056,27802016,29779,10193,0.49,272.81,272.76,1,141,220,300,11045,27401,5914071018,13174266778,2174862,4834634,271.93,272.5,7009496,19088337796,38446,10622,27155,6095805140,13098400734,2235538,4800904,272.68,272.83,7036442,19194205875,37777,0.6,7.9,1.5,1009,755,537604,252044,1429881595,705628736,-0.33,-0.33,0.36,0.34,265.96,279.96,272.76,272.8
2025-01-06,17:50:00,SBER,272.83,272.85,272.6,272.61,0.0,13918,37955637,1537,272.71,-0.0806,140,1397,10289414,27666223,3773,10145,-0.46,272.71,272.71,3,40,298,300,10913,6756,5626893376,2966616368,2065131,1093887,272.47,271.2,3159018,8593509745,17669,10687,5421,5641675776,2921890680,2069273,1070836,272.64,272.86,3140109,8563566457,16108,0.6,8.1,1.4,1012,762,523359,258816,1391293741,724089385,-0.31,-0.31,0.34,0.32,265.84,279.77,272.69,272.73
2025-01-06,17:55:00,SBER,272.61,272.69,272.44,272.49,0.0,43889,119641235,577,272.6,-0.044,76,501,5015563,114625673,1840,42049,-0.92,272.58,272.6,1,72,277,295,7430,12061,3685905863,5605450012,1353734,2061586,272.28,271.9,3415320,9291355875,19491,7272,11622,3659256032,5487029530,1343458,2011929,272.38,272.72,3355387,9146285562,18894,0.6,8.2,1.2,1009,770,509616,268543,1353952062,750624481,0.02,0.02,0.31,0.29,265.68,279.52,272.59,272.63
2025-01-06,18:00:00,SBER,272.48,272.53,272.1,272.36,0.0,11313,30816694,1409,272.4,-0.044,152,1257,17024378,13792316,6249,5064,0.1,272.43,272.36,1,249,21,300,69402,12153,30032226453,5215932998,11028256,1914873,272.32,272.39,12943129,35248159452,81555,69176,10892,29992865729,5222861346,11013356,1915980,272.33,272.59,12929336,35215727075,80068,1.0,8.5,3.0,1000,782,488325,262148,1295847932,733151796,-0.2,-0.2,0.3,0.28,265.37,279.67,272.34,272.42
2025-01-06,18:05:00,SBER,272.36,272.8,272.36,272.69,0.0001,19009,51833432,421,272.68,0.1212,210,211,39390351,12443080,14445,4564,0.52,272.69,272.64,1,38,1,300,18907,24433,9216644738,9781035121,3388838,3589297,271.97,272.51,6978135,18997679859,43340,18717,24141,9184779890,9732930456,3370389,3567708,272.51,272.81,6938097,18917710347,42858,0.7,8.6,2.1,1016,762,490266,259016,1301217101,724686155,-0.44,-0.44,0.31,0.28,265.41,279.78,272.66,272.72
2025-01-06,18:10:00,SBER,272.67,272.74,272.52,272.56,0.0,7641,20830427,2253,272.61,-0.0403,68,2185,7225178,13605249,2650,4991,-0.31,272.65,272.6,1,100,252,300,22736,22534,9944464413,6059683819,3650674,2223264,272.4,272.56,5873938,16004148233,45270,22581,20365,9925949039,6058368297,3642555,2221563,272.5,272.71,5864118,15984317337,42946,0.9,8.6,2.8,1019,768,493370,261227,1309636840,730724253,-0.27,-0.27,0.31,0.28,265.45,279.73,272.61,272.69
2025-01-06,18:15:00,SBER,272.56,272.6,272.39,272.46,0.0,7435,20260322,896,272.5,-0.0367,61,835,5561842,14698481,2041,5394,-0.45,272.51,272.5,1,15,294,294,26934,11445,11838638950,5330832717,4346305,1958151,272.38,272.24,6304456,17169471668,38379,26823,10641,11828934175,5307944754,4342505,1946561,272.4,272.68,6289066,17136878930,37464,0.7,8.3,1.6,1015,779,493176,262732,1309069766,734804935,-0.15,-0.15,0.3,0.28,265.44,279.68,272.49,272.53
2025-01-06,18:20:00,SBER,272.47,272.5,272.23,272.35,0.0,5508,15002213,2233,272.37,-0.044,63,2170,3492604,11509609,1282,4226,-0.53,272.43,272.35,4,30,144,300,19336,8840,9688201599,3664884320,3558962,1345577,272.22,272.37,4904539,13353085920,28176,19209,6662,9654387034,3659636935,3546403,1342687,272.23,272.56,4889090,13314023969,25871,0.6,8.4,2.0,1014,788,498121,263170,1322423813,735964759,-0.47,-0.47,0.31,0.28,265.48,279.65,272.38,272.43
2025-01-06,18:25:00,SBER,272.35,272.35,272.05,272.15,0.0001,8575,23341130,231,272.2,-0.0734,75,156,8226822,15114307,3022,5553,-0.3,272.23,272.18,2,2,224,297,6585,6347,3092165940,2829145883,1138998,1044544,271.48,270.85,2183542,5921311823,12932,6479,6250,3053436934,2834807114,1122223,1042862,272.09,271.83,2165085,5888244048,12729,0.9,8.5,2.4,1007,793,501204,258713,1330764873,723646676,-0.05,-0.05,0.32,0.3,265.51,279.71,272.19,272.25
2025-01-06,18:30:00,SBER,272.16,272.2,272.04,272.13,0.0001,11213,30512687,234,272.12,-0.011,109,125,13135722,17376965,4827,6386,-0.14,272.13,272.11,3,7,83,298,13260,8086,6286745710,4029493706,2313742,1484101,271.71,271.51,3797843,10316239417,21346,13115,7973,6245752529,4026697783,2296167,1478954,272.01,272.27,3775121,10272450313,21088,0.9,8.3,2.3,1005,794,513045,254793,1362815622,712899861,0.17,0.17,0.34,0.31,265.63,279.79,272.08,272.15
2025-01-06,18:35:00,SBER,272.18,272.2,272.04,272.19,0.0001,5534,15059795,172,272.13,0.0037,83,89,8085946,6973848,2971,2563,0.07,272.16,272.1,5,150,89,298,29025,20795,12952896134,9254504076,4762802,3399879,271.96,272.2,8162681,22207400210,49820,28908,20707,12946722449,9250078068,4758366,3397262,272.08,272.28,8155628,22196800518,49615,1.1,8.9,2.5,1008,791,518420,253846,1377405691,710309514,-0.07,-0.07,0.34,0.32,265.69,279.82,272.1,272.17
2025-01-06,18:40:00,SBER,272.19,272.48,272.13,272.44,0.0001,7417,20200445,198,272.35,0.0918,100,98,10840257,9360188,3980,3437,0.07,272.37,272.34,1,162,17,299,16942,27846,7297884672,12606818961,2682832,4630796,272.02,272.24,7313628,19904703634,44788,16857,27800,7295328950,12604531396,2679496,4627090,272.26,272.41,7306586,19899860346,44657,1.4,9.2,3.2,1022,783,520983,253960,1384380015,710627992,-0.2,-0.2,0.34,0.32,265.72,279.82,272.29,272.38
2025-01-06,19:10:00,SBER,272.43,272.7,272.33,272.58,0.0001,14449,39376875,476,272.52,0.0551,333,143,34700975,4675901,12733,1716,0.76,272.53,272.49,1,91,77,295,58053,10013,26091124192,4396837396,9591563,1612972,272.02,272.59,11204535,30487961589,68066,57779,9742,26115079826,4350886840,9588329,1595931,272.36,272.62,11184260,30465966666,67521,0.7,8.8,1.8,1026,771,526175,241243,1398711753,675997336,-0.32,-0.32,0.37,0.35,265.83,280.21,272.46,272.51
2025-01-06,19:15:00,SBER,272.58,272.9,272.58,272.85,0.0,15731,42913634,325,272.8,0.0991,266,59,37914591,4999043,13898,1833,0.77,272.81,272.72,2,190,2,295,17469,3233,7088015447,1270000860,2602551,465454,272.35,272.85,3068005,8358016308,20702,17361,3071,7042231446,1231145616,2583373,451091,272.6,272.93,3034464,8273377062,20432,0.6,8.0,1.7,1036,749,514234,240486,1367288051,674047361,-0.18,-0.18,0.36,0.34,265.89,280.29,272.74,272.79
2025-01-06,19:20:00,SBER,272.86,272.87,272.42,272.53,0.0001,7717,21048856,173,272.76,-0.1209,51,122,2490160,18558696,913,6804,-0.76,272.74,272.76,1,3,253,296,11642,43455,6249084393,19200085029,2294613,7042389,272.34,272.64,9337002,25449169423,55097,11560,43361,6240688822,19177812445,2290901,7032549,272.41,272.7,9323450,25418501267,54921,1.4,8.9,2.7,1033,753,512521,241062,1362612045,675597407,0.15,0.15,0.36,0.34,265.86,280.26,272.65,272.72
2025-01-06,19:25:00,SBER,272.46,272.9,272.41,272.67,0.0001,13041,35563872,144,272.71,0.0771,91,53,28626933,6936939,10496,2545,0.61,272.74,272.57,15,121,62,295,10678,2630,6544489754,1320124750,2402651,484932,272.39,272.23,2887583,7864614504,13308,10589,2534,6471386314,1281213780,2375643,469629,272.41,272.81,2845272,7752600094,13123,1.0,9.0,2.7,1031,758,525617,243234,1398178030,681499010,0.12,0.12,0.37,0.34,266.01,280.18,272.59,272.66
2025-01-06,19:30:00,SBER,272.68,272.9,272.63,272.7,0.0001,10184,27777866,141,272.76,0.0073,87,54,18372133,9405733,6735,3449,0.32,272.79,272.71,2,57,103,293,17241,3565,19066791910,1366206067,6999321,500785,272.41,272.81,7500106,20432997978,20806,17130,3462,19038525092,1336587804,6988349,489805,272.43,272.88,7478154,20375112896,20592,0.9,9.3,1.4,1040,751,527250,245638,1402669015,688127816,-0.21,-0.21,0.36,0.34,266.03,280.14,272.68,272.71
2025-01-06,19:35:00,SBER,272.7,272.75,272.67,272.68,0.0,2593,7071125,83,272.7,-0.0073,45,38,1712628,5358497,628,1965,-0.52,272.71,272.7,2,115,107,300,25488,36756,21574262953,13399821649,7917845,4912678,272.48,272.76,12830523,34974084602,62244,25408,36708,21573248239,13402237061,7917194,4913226,272.49,272.78,12830420,34975485300,62116,0.5,8.4,1.0,1044,752,528632,246510,1406418796,690556075,-0.08,-0.08,0.36,0.34,266.05,280.13,272.69,272.71
2025-01-06,19:40:00,SBER,272.69,272.69,272.53,272.6,0.0001,2883,7859082,93,272.6,-0.033,28,65,3718191,4140890,1364,1519,-0.05,272.59,272.61,4,4,235,300,87714,150433,53508956301,56825758501,19640804,20839334,272.44,272.69,40480138,110334714803,238147,87610,150389,53520379857,56823221809,19643819,20838137,272.45,272.69,40481956,110343601666,237999,0.7,9.0,1.6,1043,760,522802,246077,1390590564,689347645,-0.21,-0.21,0.36,0.34,265.99,280.13,272.57,272.62
2025-01-06,19:45:00,SBER,272.6,272.72,272.6,272.63,0.0001,2050,5588765,100,272.62,0.011,57,43,1652209,3936556,606,1444,-0.41,272.64,272.61,5,8,5,295,9140,7691,10497208663,3072344610,3853105,1126840,272.44,272.65,4979945,13569553273,16831,9031,7640,10525871778,3049402744,3863376,1118153,272.45,272.72,4981529,13575274522,16671,1.0,8.1,1.7,1051,757,517250,247749,1375558529,693934348,-0.14,-0.14,0.35,0.33,265.94,280.1,272.62,272.66
2025-01-06,19:50:00,SBER,272.62,272.68,272.51,272.64,0.0001,3042,8291916,106,272.58,0.0073,49,57,2459064,5832853,902,2140,-0.41,272.62,272.56,6,194,61,298,5149,29735,2834463960,10149279885,1040374,3723582,272.45,272.57,4763956,12983743845,34884,5071,29672,2829363316,10145738826,1038512,3720969,272.44,272.66,4759481,12975102142,34743,0.7,8.7,1.5,1043,760,508063,252181,1350638466,706066243,0.26,0.26,0.34,0.31,265.84,279.98,272.57,272.61
2025-01-06,19:55:00,SBER,272.61,272.7,272.6,272.66,0.0,3150,8588796,120,272.66,0.0183,53,67,4171829,4416967,1530,1620,-0.03,272.67,272.65,7,230,31,296,2387,1365,1538767847,602253632,565208,220997,272.25,272.52,786205,2141021479,3752,2298,1291,1520244227,590424556,557876,216440,272.51,272.79,774316,2110668784,3589,0.7,8.0,1.3,1049,757,508777,251895,1352612191,705293280,0.19,0.19,0.34,0.31,265.86,279.99,272.64,272.68
2025-01-06,20:00:00,SBER,272.66,272.68,272.55,272.57,0.0001,3176,8658328,122,272.62,-0.033,58,64,4542209,4116119,1666,1510,0.05,272.64,272.59,5,27,288,298,11184,24722,7076432215,9906739893,2597622,3633956,272.42,272.62,6231578,16983172108,35906,11105,24655,7114822905,9896298272,2611156,3629527,272.48,272.66,6240683,17011121178,35760,0.7,8.1,1.5,1045,762,501553,255700,1333066994,715656711,-0.42,-0.42,0.32,0.3,265.79,279.88,272.58,272.62
2025-01-06,20:05:00,SBER,272.56,272.59,272.41,272.42,0.0,16119,43924655,186,272.5,-0.0514,28,158,1899713,42024942,697,15422,-0.91,272.56,272.5,13,105,277,300,8454,79896,4290584287,30216983568,1575588,11083965,272.32,272.62,12659553,34507567856,88350,8403,79820,4286954310,30198566428,1573616,11075069,272.43,272.67,12648685,34485520739,88223,0.5,8.3,1.2,1039,766,493855,250437,1312129517,701264742,0.2,0.2,0.33,0.3,265.69,280.02,272.51,272.54
2025-01-06,20:10:00,SBER,272.41,272.42,272.24,272.37,0.0,7808,21262656,212,272.32,-0.0147,33,179,1089426,20173230,400,7408,-0.9,272.36,272.32,1,31,208,299,16313,42281,10266980114,16836666608,3771088,6186209,272.26,272.16,9957297,27103646722,58594,16188,42232,10249751475,16833917404,3764668,6178908,272.26,272.44,9943576,27083668880,58420,1.0,8.5,2.3,1026,779,483110,249353,1282798398,698278025,0.14,0.14,0.32,0.3,265.53,280.04,272.33,272.4
2025-01-06,20:15:00,SBER,272.35,272.38,272.28,272.3,0.0001,1557,4239997,61,272.32,-0.0184,18,43,926001,3313996,340,1217,-0.56,272.35,272.31,7,38,235,279,5840,25202,2933381336,8902205603,1077909,3267430,272.14,272.45,4345339,11835586939,31042,5796,25168,2911376029,8901839000,1069516,3267032,272.21,272.47,4336548,11813215030,30964,0.9,8.1,2.0,1021,783,490862,248917,1303865482,697024948,0.21,0.21,0.33,0.3,265.63,280.02,272.31,272.36
2025-01-06,20:20:00,SBER,272.3,272.33,272.21,272.28,0.0001,4019,10942351,126,272.27,-0.0073,47,79,3417434,7524916,1255,2764,-0.38,272.31,272.25,1,26,127,300,6344,7467,3899393179,3017516384,1432765,1108305,272.16,272.26,2541070,6916909563,13811,6271,7404,3874207836,3008933638,1423178,1104541,272.22,272.41,2527719,6883141475,13675,0.6,7.6,1.8,1017,783,495146,249310,1315495121,698081176,0.09,0.09,0.33,0.31,265.68,280.0,272.27,272.32
2025-01-06,20:25:00,SBER,272.29,272.33,272.25,272.31,0.0001,3965,10795398,77,272.27,0.0073,33,44,1029345,9766054,378,3587,-0.81,272.31,272.26,7,101,22,291,896,24146,403172126,9058588406,148277,3325941,271.9,272.36,3474218,9461760532,25042,838,24114,393492630,9047635545,144591,3321820,272.14,272.37,3466411,9441128176,24952,1.0,7.9,1.7,1018,785,495855,249750,1317419807,699282550,-0.32,-0.32,0.33,0.31,265.69,279.99,272.27,272.32
2025-01-06,20:30:00,SBER,272.31,272.34,272.26,272.34,0.0001,4286,11670671,95,272.3,0.011,54,41,5582574,6088097,2050,2236,-0.04,272.32,272.28,4,100,22,298,1232,3446,463964649,1268857448,172483,466901,268.99,271.76,639384,1732822098,4678,1175,3390,457412002,1257326038,168073,461521,272.15,272.43,629594,1714738040,4565,1.0,7.8,1.8,1021,784,496568,250047,1319371895,700092304,0.18,0.18,0.33,0.31,265.7,279.98,272.28,272.33
2025-01-06,20:35:00,SBER,272.34,272.42,272.32,272.38,0.0,3459,9421276,117,272.37,0.0147,74,43,7988614,1432662,2933,526,0.7,272.37,272.37,10,132,14,297,1472,15766,618090853,5878709347,227420,2157554,271.78,272.47,2384974,6496800201,17238,1426,15705,616096791,5870431703,226289,2154381,272.26,272.49,2380670,6486528494,17131,0.7,7.9,2.0,1026,780,496728,250383,1319827079,701003995,-0.15,-0.15,0.33,0.31,265.7,279.97,272.33,272.38
2025-01-06,20:40:00,SBER,272.37,272.39,272.37,272.38,0.0,1982,5398450,57,272.37,0.0037,33,24,1677876,3720574,616,1366,-0.38,272.38,272.37,2,177,2,295,374,9544,209772516,4317961297,77661,1585901,270.11,272.27,1663562,4527733814,9918,342,9503,271278661,4300358000,99958,1578402,271.39,272.45,1678360,4571636662,9845,0.4,7.5,1.9,1028,781,485459,252624,1289697051,707127399,-0.36,-0.36,0.32,0.29,265.66,279.91,272.33,272.38
2025-01-06,20:45:00,SBER,272.38,272.43,272.37,272.43,0.0,1119,3048247,72,272.41,0.0184,54,18,2873910,174337,1055,64,0.89,272.41,272.4,8,162,10,296,21730,741,9937921547,381559847,3649949,140014,272.28,272.52,3789963,10319481394,22471,21685,711,9914478897,375420519,3640706,137732,272.32,272.57,3778438,10289899417,22396,0.4,7.1,1.0,1033,781,480225,256032,1275745191,716461776,-0.09,-0.09,0.3,0.28,265.66,279.83,272.39,272.42
2025-01-06,20:50:00,SBER,272.43,272.43,272.38,272.38,0.0,2120,5774881,96,272.4,-0.0184,34,62,1190480,4584402,437,1683,-0.59,272.42,272.39,4,4,154,299,6901,8319,3167348870,3399398038,1163169,1247860,272.3,272.42,2411029,6566746909,15220,6846,8282,3170258495,3396087437,1164176,1246256,272.32,272.5,2410432,6566345932,15128,0.5,7.1,1.1,1033,781,478945,257702,1272384037,721001589,-0.06,-0.06,0.3,0.28,265.66,279.78,272.39,272.42
2025-01-06,20:55:00,SBER,272.39,272.44,272.38,272.39,0.0,3733,10169023,89,272.41,0.0,57,32,7104638,3064385,2608,1125,0.4,272.42,272.39,3,62,5,298,544,16072,269991073,6330939073,99545,2324433,271.23,272.36,2423978,6600930146,16616,496,16022,258895774,6319314188,95092,2319167,272.26,272.48,2414259,6578209962,16518,0.8,7.5,1.3,1032,779,478380,257092,1270854782,719263950,-0.14,-0.14,0.3,0.28,265.66,279.77,272.39,272.42
2025-01-06,21:00:00,SBER,272.39,272.51,272.38,272.51,0.0,2885,7860790,121,272.47,0.0441,87,34,6885304,975486,2527,358,0.75,272.47,272.48,3,270,7,294,927,20777,457733618,8551034016,168782,3137848,271.2,272.51,3306630,9008767634,21704,855,20739,451641954,8546268537,165858,3136072,272.31,272.52,3301930,8997910491,21594,0.4,7.1,0.9,1037,774,478724,258046,1271804535,721876040,0.03,0.03,0.3,0.28,265.67,279.75,272.46,272.49
2025-01-06,21:05:00,SBER,272.52,272.52,272.39,272.51,0.0001,5297,14433064,94,272.48,-0.0037,47,47,4937676,9495388,1812,3485,-0.32,272.5,272.46,8,8,163,290,889,22983,450159171,10771597448,165688,3955629,271.69,272.31,4121317,11221756620,23872,832,22952,441551883,10766974275,162162,3950542,272.29,272.54,4112704,11208526159,23784,0.7,7.9,1.2,1035,774,477780,258477,1269246298,723060136,0.12,0.12,0.3,0.27,265.65,279.74,272.47,272.5
2025-01-06,21:10:00,SBER,272.52,272.55,272.5,272.52,0.0,1211,3300283,70,272.53,0.0,44,26,2131179,1169104,782,429,0.29,272.53,272.52,2,116,188,298,1273,5288,614040056,2306532203,225613,846320,272.17,272.54,1071933,2920572259,6561,1241,5254,606564347,2305130256,222646,845703,272.43,272.57,1068349,2911694603,6495,0.6,8.2,1.3,1038,769,478451,257776,1271083942,721155021,0.02,0.02,0.3,0.28,265.67,279.76,272.51,272.54
2025-01-06,21:15:00,SBER,272.53,272.53,272.4,272.4,0.0001,1222,3329769,65,272.49,-0.0477,27,38,373286,2956483,137,1085,-0.78,272.47,272.49,8,8,142,298,425,5946,265792190,2996012033,97686,1099448,272.09,272.5,1197134,3261804224,6371,391,5903,263805784,2988841497,96927,1096659,272.17,272.54,1193586,3252647281,6294,0.9,8.4,1.6,1031,775,482230,258826,1281352226,724010363,-0.17,-0.17,0.3,0.28,265.71,279.73,272.44,272.48
2025-01-06,21:20:00,SBER,272.42,272.44,272.38,272.44,0.0001,4052,11037238,87,272.39,0.0073,42,45,1506471,9530767,553,3499,-0.73,272.42,272.39,18,177,21,263,473,28826,252768080,12999451085,93162,4773943,271.32,272.3,4867105,13252219165,29299,420,28786,248511374,12998055772,91289,4770027,272.22,272.49,4861316,13246567147,29206,1.0,7.9,1.6,1029,778,477071,258929,1267323435,724249126,-0.06,-0.06,0.3,0.27,265.65,279.71,272.39,272.43
2025-01-06,21:25:00,SBER,272.42,272.49,272.38,272.48,0.0,2922,7960224,83,272.42,0.022,48,35,5832893,2127331,2141,781,0.47,272.44,272.39,12,275,167,275,405,1387,229276934,658902564,86241,242467,265.86,271.75,328708,888179499,1792,364,1348,227947108,653813240,83734,239916,272.23,272.52,323650,881760349,1712,1.0,7.6,1.6,1030,779,476792,259102,1266554309,724714568,0.14,0.14,0.3,0.27,265.64,279.7,272.39,272.43
2025-01-06,21:30:00,SBER,272.47,272.59,272.3,272.58,0.0001,17232,46948955,206,272.45,0.0404,122,84,25313195,21635761,9289,7943,0.08,272.51,272.39,1,289,17,292,25467,5807,11387023363,2604335557,4188094,962836,271.89,270.49,5150930,13991358920,31274,25516,5722,11374015213,2589387195,4174672,949889,272.45,272.6,5124561,13963402408,31238,1.5,9.2,3.0,1032,771,472680,256210,1255355175,716835345,0.0,0.0,0.3,0.27,265.58,279.78,272.44,272.52
2025-01-06,21:35:00,SBER,272.51,272.6,272.46,272.54,0.0001,3607,9831641,83,272.57,0.011,49,34,8766145,1065495,3216,391,0.78,272.58,272.51,13,281,189,287,13439,44186,8712426060,16549669103,3199335,6070776,272.32,272.61,9270111,25262095163,57625,13419,44126,8725113903,16546648628,3202615,6069625,272.44,272.61,9272240,25271762531,57545,1.6,9.1,2.8,1034,766,471431,254649,1251977996,712576523,0.17,0.17,0.3,0.27,265.57,279.83,272.49,272.57
2025-01-06,21:40:00,SBER,272.55,272.6,272.51,272.52,0.0001,1385,3775311,47,272.59,-0.011,23,24,3110325,664986,1141,244,0.65,272.6,272.54,10,55,190,298,6437,3518,3159595835,1554622499,1160801,570247,272.19,272.62,1731048,4714218335,9955,6401,3486,3158472866,1553306113,1159265,569660,272.45,272.67,1728925,4711778979,9887,1.3,8.8,2.3,1039,764,466825,252047,1239468727,705497407,-0.63,-0.63,0.3,0.27,265.51,279.91,272.52,272.58
2025-01-06,21:45:00,SBER,272.56,272.57,272.43,272.48,0.0001,1563,4258972,87,272.49,-0.0294,40,47,1220849,3038123,448,1115,-0.43,272.51,272.48,6,38,288,296,5572,76430,3915121351,27766818050,1437449,10188198,272.37,272.54,11625647,31681939401,82002,5521,76382,3962193951,27762473060,1454688,10185778,272.37,272.56,11640466,31724667011,81903,1.1,8.5,2.7,1033,772,450821,252733,1196008190,707365526,-0.26,-0.26,0.28,0.26,265.29,279.89,272.46,272.53
2025-01-06,21:50:00,SBER,272.43,272.6,272.43,272.57,0.0,3880,10576089,131,272.58,0.0514,89,42,7768477,2807611,2850,1030,0.47,272.58,272.58,15,45,15,299,16503,1875,6823899009,858828664,2504268,315294,272.49,272.39,2819562,7682727674,18378,16421,1827,6813494744,834778316,2500413,306148,272.49,272.67,2806561,7648273061,18248,0.6,7.6,1.1,1040,766,449101,253172,1191355752,708568823,0.06,0.06,0.28,0.25,265.28,279.88,272.56,272.59
2025-01-06,21:55:00,SBER,272.54,272.58,272.52,272.58,0.0,6705,18272882,84,272.53,0.0147,51,33,3605781,14667101,1323,5382,-0.61,272.55,272.52,4,243,39,298,482,564,273043188,284681435,100581,104467,271.47,272.51,205048,557724623,1046,421,526,277816412,269101647,102014,98681,272.33,272.7,200695,546918059,947,0.7,7.9,1.3,1038,768,447806,256515,1187847933,717696272,-0.48,-0.48,0.27,0.25,265.26,279.79,272.52,272.56
2025-01-06,22:00:00,SBER,272.56,272.58,272.52,272.56,0.0,3015,8216790,49,272.53,0.0,25,24,711392,7505398,261,2754,-0.83,272.56,272.53,31,203,63,296,8542,2521,3655489205,1402218810,1341776,514482,272.44,272.55,1856258,5057708015,11063,8517,2494,3662027454,1388777274,1344181,509436,272.44,272.61,1853617,5050804729,11011,0.7,7.7,1.5,1038,768,441488,259337,1170707963,725392505,-0.56,-0.56,0.26,0.23,265.17,279.71,272.53,272.57
2025-01-06,22:05:00,SBER,272.56,272.58,272.52,272.54,0.0,2673,7285614,101,272.56,-0.0073,61,40,5279626,2005988,1937,736,0.45,272.57,272.55,10,66,160,295,8929,779,3295346823,405745750,1210828,149288,272.16,271.79,1360116,3701092573,9708,8862,726,3296454354,408531184,1210014,149601,272.43,273.08,1359615,3704985539,9588,0.5,7.4,1.1,1036,768,440677,257554,1168518951,719912071,-0.01,-0.01,0.26,0.24,265.16,279.52,272.54,272.57
2025-01-06,22:10:00,SBER,272.55,272.71,272.55,272.7,0.0001,10937,29820375,177,272.66,0.055,140,37,28852530,967845,10582,355,0.94,272.66,272.63,4,296,4,296,7654,992,2370695226,431845604,879212,158351,269.64,272.71,1037563,2802540831,8646,7605,922,2367452188,434360639,868723,159229,272.52,272.79,1027952,2801812828,8527,1.1,8.1,2.1,1039,761,438853,252278,1163588227,705528782,-0.47,-0.47,0.27,0.25,265.14,279.66,272.58,272.64
2025-01-06,22:15:00,SBER,272.68,272.69,272.54,272.66,0.0001,3770,10277266,79,272.61,-0.0073,37,42,3647789,6629477,1338,2432,-0.29,272.63,272.59,18,157,89,298,1703,100755,876920245,40215647390,322783,14750831,271.67,272.63,15073614,41092567636,102458,1642,100725,854894399,40208798449,313753,14746834,272.47,272.66,15060587,41063692849,102367,1.6,9.3,3.3,1038,761,439624,246801,1165693666,690593258,-0.28,-0.28,0.28,0.26,265.16,279.82,272.58,272.67
2025-01-06,22:20:00,SBER,272.66,272.69,272.58,272.64,0.0001,2623,7150821,74,272.62,-0.0073,19,55,2432056,4718764,892,1731,-0.32,272.65,272.6,11,214,25,287,4363,16180,2013604001,6000741266,738799,2200808,272.55,272.66,2939607,8014345268,20543,4331,16136,2029542895,5999762044,745019,2200391,272.41,272.67,2945410,8029304939,20467,1.6,8.9,2.5,1039,766,442501,245053,1173762171,685796381,-0.29,-0.29,0.29,0.26,265.26,279.86,272.6,272.67
2025-01-06,22:25:00,SBER,272.66,272.69,272.64,272.67,0.0001,771,2102277,69,272.67,0.0037,29,40,1347041,755236,494,277,0.28,272.68,272.65,8,148,12,299,397,454,288477099,172612436,106307,63491,271.36,271.87,169798,461089536,851,355,364,272598780,171829920,100049,62984,272.47,272.82,163033,444428700,719,1.1,8.4,1.7,1042,762,438109,244511,1162696752,684313726,0.03,0.03,0.28,0.26,265.39,279.87,272.64,272.69
2025-01-06,22:30:00,SBER,272.67,272.95,272.57,272.83,0.0,21985,59977587,572,272.81,0.0587,303,269,54255862,5721725,19887,2098,0.81,272.82,272.72,26,189,182,298,29077,7088,13801590371,3048840679,5079440,1117626,271.71,272.8,6197066,16850431050,36165,28983,6699,13790816976,3025575446,5056107,1108614,272.76,272.92,6164721,16816392422,35682,0.6,8.0,1.6,1048,754,440065,239568,1168015469,670831397,-0.16,-0.16,0.3,0.27,265.42,280.02,272.72,272.77
2025-01-06,22:35:00,SBER,272.85,272.85,272.81,272.81,0.0,3064,8359242,180,272.82,-0.0147,69,111,4594368,3764874,1684,1380,0.1,272.82,272.82,6,6,31,297,18563,37419,7580653381,15695823930,2781221,5752030,272.57,272.87,8533251,23276477311,55982,18521,37276,7578404533,15690476786,2778834,5749628,272.72,272.9,8528462,23268881319,55797,0.4,8.5,1.1,1058,746,443312,232701,1176873775,652094000,0.32,0.32,0.31,0.29,265.47,280.23,272.81,272.84
2025-01-06,22:40:00,SBER,272.82,272.95,272.81,272.88,0.0001,3300,9004362,199,272.86,0.022,68,131,6472254,2532108,2372,928,0.44,272.86,272.86,39,200,43,291,1261,6079,931899578,2660962348,342038,975360,272.45,272.82,1317398,3592861926,7340,1255,5922,926477504,2651794183,339713,971628,272.72,272.92,1311341,3578271688,7177,1.2,8.6,2.4,1060,741,443471,231594,1177295607,649073498,0.16,0.16,0.31,0.29,265.47,280.26,272.85,272.92
2025-01-06,22:45:00,SBER,272.87,274.28,272.87,274.22,0.0,93825,256726232,1523,273.62,0.4947,1215,308,225074284,31651947,82269,11556,0.75,273.58,273.9,4,290,4,300,11986,4221,8649531299,2164636465,3178623,794341,272.12,272.51,3972964,10814167764,16207,11479,3698,8381071699,2065577238,3065139,754458,273.43,273.78,3819597,10446648937,15177,0.5,7.9,1.2,1083,688,449525,207225,1193993041,582590767,-0.07,-0.07,0.37,0.34,265.61,281.19,273.5,273.53
2025-01-06,22:50:00,SBER,274.23,274.3,273.9,273.91,0.0,45807,125536075,520,274.05,-0.1167,191,329,23936320,101599754,8731,37076,-0.62,274.15,274.03,2,13,292,296,5113,3304,3573824630,2132478171,1308431,789674,273.14,270.05,2098105,5706302801,8417,4937,2857,3557814319,1998991207,1298417,728965,274.01,274.22,2027382,5556805526,7794,0.5,9.0,1.1,1096,669,462049,194660,1228498872,548411757,0.6,0.6,0.41,0.38,265.86,281.73,274.04,274.07
2025-01-06,22:55:00,SBER,273.9,273.99,273.78,273.94,0.0001,24083,65952905,398,273.86,0.0146,177,221,31975638,33977266,11675,12408,-0.03,273.88,273.83,4,15,170,300,3210,7350,1766657933,3829079930,652822,1407553,270.62,272.04,2060375,5595737863,10560,3014,7098,1723045387,3798898846,629631,1386548,273.66,273.98,2016179,5521944233,10112,1.1,8.6,2.8,1097,686,445112,192867,1182032683,543441717,0.22,0.22,0.4,0.37,265.56,281.77,273.82,273.9
2025-01-06,23:00:00,SBER,273.86,274.27,273.79,274.15,0.0001,21577,59140124,402,274.09,0.1059,296,106,51780047,7360077,18892,2685,0.75,274.08,274.12,2,228,7,298,2482,4224,1659115425,3228488899,614677,1178899,269.92,273.86,1793576,4887604325,6706,2354,3920,1640904493,3180994086,599233,1160687,273.83,274.06,1759920,4821898580,6274,1.4,9.4,3.1,1109,671,446538,192034,1185948134,541199071,0.31,0.31,0.4,0.37,265.59,281.82,274.02,274.1
2025-01-06,23:05:00,SBER,274.15,274.27,274.09,274.09,0.0001,13286,36432376,272,274.22,-0.0219,123,149,20312682,16119694,7407,5879,0.12,274.24,274.19,1,91,273,298,1535,1031,1052515553,760586166,389365,281132,270.32,270.54,670497,1813101720,2566,1411,850,1037593077,727248496,378688,265064,274.0,274.37,643752,1764841573,2261,0.5,8.0,1.3,1120,668,452853,198715,1203345056,559563689,0.12,0.12,0.39,0.37,265.72,281.61,274.17,274.2
2025-01-06,23:10:00,SBER,274.1,274.15,274.02,274.06,0.0001,8652,23712346,156,274.07,-0.0146,65,91,10330494,13381852,3769,4883,-0.13,274.09,274.05,1,223,91,299,724,693,431551648,419444464,160891,154527,268.23,271.44,315418,850996112,1417,649,578,410187823,395387038,149777,144160,273.87,274.27,293937,805574862,1227,0.7,8.3,1.5,1112,678,449420,199845,1193883973,562738815,0.24,0.24,0.38,0.36,265.65,281.59,274.04,274.08
2025-01-06,23:15:00,SBER,274.07,274.07,273.9,274.03,0.0,9789,26820272,182,273.98,-0.0146,63,119,11033066,15787206,4027,5762,-0.18,273.98,273.99,13,13,183,298,1100,857,732697710,527922558,271409,194763,269.96,271.06,466172,1260620269,1957,1044,739,736063237,502752277,268854,183353,273.78,274.2,452207,1238815514,1783,0.5,8.1,1.7,1107,686,446467,204181,1185746381,574698240,-0.33,-0.33,0.37,0.35,265.58,281.46,273.96,274.0
2025-01-06,23:20:00,SBER,274.0,274.26,273.91,274.14,0.0001,27066,74185823,298,274.09,0.0511,171,127,47517960,26667863,17336,9730,0.28,274.1,274.08,2,84,139,294,5698,2646,3360402021,1570420589,1240793,574518,270.83,273.35,1815311,4930822611,8344,5571,2477,3329369006,1520639856,1215883,554503,273.82,274.23,1770386,4850008862,8048,1.4,9.6,2.1,1114,674,443780,199884,1178432388,562897501,0.1,0.1,0.38,0.35,265.54,281.61,274.03,274.09
2025-01-06,23:25:00,SBER,274.13,274.24,274.09,274.19,0.0001,6671,18288657,116,274.15,0.0219,63,53,8507124,9781533,3103,3568,-0.07,274.16,274.15,14,201,39,300,999,486,770118737,399444235,281910,146886,273.18,271.94,428796,1169562972,1485,934,411,751318093,389948669,274218,142003,273.99,274.61,416221,1141266763,1345,1.2,9.4,1.9,1123,668,445249,195958,1182498648,552181889,0.32,0.32,0.39,0.36,265.58,281.79,274.13,274.19
2025-01-06,23:30:00,SBER,274.2,274.25,274.15,274.25,0.0001,4456,12218801,121,274.21,0.0182,82,39,9156087,3062713,3339,1117,0.5,274.22,274.19,11,233,52,280,635,397,444429621,320145749,164255,116853,270.57,273.97,281108,764575371,1032,569,341,423112653,310405084,154416,113116,274.01,274.41,267532,733517738,910,0.9,8.3,1.3,1127,666,448757,195647,1192073895,551311323,-0.06,-0.06,0.39,0.37,265.64,281.79,274.18,274.22
2025-01-06,23:35:00,SBER,274.24,274.3,274.21,274.25,0.0,16286,44667091,208,274.27,0.0036,120,88,32396683,12270408,11812,4474,0.45,274.27,274.26,3,156,3,294,677,423,495594944,306352238,184193,113126,269.06,270.81,297319,801947182,1100,614,329,486288527,286614031,177503,104429,273.96,274.46,281932,772902559,943,0.8,8.1,1.2,1121,663,446366,189281,1185541317,533841224,0.12,0.12,0.4,0.38,265.6,282.04,274.24,274.27
2025-01-06,23:40:00,SBER,274.26,274.29,274.15,274.21,0.0001,9686,26562020,191,274.23,-0.0182,83,108,11003277,15558743,4012,5674,-0.17,274.26,274.21,9,15,118,296,18119,4451,7305520072,2484383617,2667085,909489,273.91,273.16,3576574,9789903689,22570,18031,4362,7300334654,2469551250,2662704,900267,274.17,274.31,3562971,9769885904,22393,1.5,9.9,2.3,1110,662,439593,187680,1167058703,529430617,0.01,0.01,0.4,0.38,265.49,282.09,274.2,274.27
2025-01-06,23:45:00,SBER,274.25,274.29,274.1,274.17,0.0001,20763,56934374,237,274.21,-0.0292,128,109,30664262,26270112,11181,9582,0.08,274.25,274.16,3,78,116,299,7728,403,3793698379,272867936,1387556,102470,273.41,266.29,1490026,4066566315,8131,7630,295,3749240957,239037770,1367456,87105,274.18,274.42,1454561,3988278727,7925,1.9,9.9,2.7,1109,667,436623,188387,1158944348,531366518,-0.05,-0.05,0.4,0.37,265.43,282.06,274.15,274.22
2025-01-06,23:50:00,SBER,274.17,274.41,273.87,274.37,0.0001,38300,105011426,599,274.18,0.0729,446,153,52443170,52568257,19120,19180,0.0,274.28,274.08,6,254,56,299,1713,3775,767891136,2045734002,293340,759623,261.78,269.31,1052963,2813625139,5488,1512,3760,739429487,2111619252,270119,768156,273.74,274.89,1038275,2851048739,5272,1.6,11.8,3.1,1088,647,432983,161745,1149442203,455448651,-0.03,-0.03,0.46,0.43,265.47,281.53,274.15,274.24
2025-01-08,10:05:00,SBER,273.39,275.71,273.09,275.5,0.0001,229571,629864657,3702,274.37,0.7718,2351,1351,400906161,228958496,146057,83514,0.27,274.49,274.16,1,289,1,300,55349,41277,24817375662,18862627623,9136523,6895564,271.63,273.55,16032087,43680003285,96626,53316,39274,24303736141,18351491674,8872365,6685463,273.93,274.5,15557828,42655227816,92590,0.9,9.0,2.1,828,561,252420,176368,670294696,497825548,-0.07,-0.07,0.18,0.15,265.52,282.28,274.26,274.32
2025-01-08,10:10:00,SBER,275.5,275.9,275.38,275.57,0.0001,151981,418960450,2491,275.67,0.0254,1339,1152,222627936,196332515,80748,71233,0.06,275.71,275.62,1,52,192,300,25016,49413,11441153011,20688026587,4198078,7529343,272.53,274.77,11727421,32129179599,74429,23686,47729,11203407188,20281436582,4067456,7357410,275.44,275.66,11424866,31484843770,71415,1.2,8.7,2.5,896,542,268688,185592,715619600,524034363,0.27,0.27,0.18,0.16,266.34,282.38,275.59,275.66
2025-01-08,10:15:00,SBER,275.53,275.74,275.31,275.31,0.0001,48483,133602381,862,275.57,-0.0798,398,464,61948539,71653842,22476,26007,-0.07,275.62,275.52,1,7,300,300,18107,63403,7928336190,28016441672,2896169,10181703,273.75,275.16,13077872,35944777863,81510,17623,62786,7872719715,27868877066,2857898,10113075,275.47,275.57,12970973,35741596781,80409,0.9,8.3,1.8,916,572,263047,204917,699973415,577705270,0.21,0.21,0.12,0.1,266.1,281.93,275.5,275.55
2025-01-08,10:20:00,SBER,275.32,276.24,275.27,276.01,0.0,88629,244479152,1465,275.85,0.2506,988,477,172648132,71831021,62589,26040,0.41,275.84,275.85,1,256,11,300,44841,8570,21713566987,4097245701,7901535,1491609,274.8,274.69,9393144,25810812689,53411,44123,7850,21558967779,3927359903,7823779,1422974,275.56,276.0,9246753,25486327683,51973,0.8,7.8,1.7,936,584,260918,207684,694000898,585692243,0.0,0.0,0.11,0.08,265.98,282.02,275.72,275.76
2025-01-08,10:25:00,SBER,276.04,276.35,275.72,275.81,0.0001,48840,134834434,1054,276.07,-0.0833,520,534,62356517,72477917,22583,26257,-0.08,276.12,276.03,1,13,269,300,46574,21795,21206400675,10438539169,7696537,3793756,275.53,275.15,11490293,31644939845,68369,45938,21008,21075258331,10276010932,7636218,3720619,275.99,276.19,11356837,31351269263,66946,1.4,8.9,2.3,964,603,267933,217876,713126533,614528367,-0.09,-0.09,0.1,0.07,266.16,282.07,276.02,276.08
2025-01-08,10:30:00,SBER,275.81,276.07,275.56,275.6,0.0001,22057,60833667,549,275.8,-0.0761,226,323,18155489,42678178,6581,15476,-0.4,275.88,275.77,1,126,282,298,9513,41892,4936605544,20117150599,1794761,7296234,275.06,275.72,9090995,25053756144,51405,9149,41500,4836943620,20044121613,1754536,7266315,275.68,275.85,9020851,24881065234,50649,0.9,8.1,2.2,981,637,272910,234065,726512521,659445411,-0.19,-0.19,0.08,0.05,266.21,281.74,275.81,275.87
2025-01-08,10:35:00,SBER,275.6,275.85,275.5,275.68,0.0,25140,69296270,2909,275.64,0.029,383,2526,28358704,40937566,10288,14852,-0.18,275.65,275.64,1,62,5,300,15796,34472,6876258166,15385916171,2498728,5585080,275.19,275.48,8083808,22262174338,50268,15291,31885,6802674024,15293771123,2469325,5546924,275.49,275.72,8016249,22096445147,47176,0.8,8.4,2.1,981,653,295191,248514,787565366,699662931,0.3,0.3,0.09,0.06,266.8,281.54,275.63,275.69
2025-01-08,10:40:00,SBER,275.68,276.4,275.67,275.8,0.0,41590,114821004,979,276.08,0.0435,704,275,72052580,42768424,26096,15494,0.25,276.11,276.03,1,188,2,300,19846,18145,9114684803,8327808063,3321642,3019102,274.4,275.84,6340744,17442492867,37991,19380,17667,9031279400,8192405840,3273657,2966800,275.88,276.14,6240457,17223685241,37047,0.9,8.3,2.1,1007,629,301226,260684,804408532,733847321,-0.14,-0.14,0.07,0.05,267.04,281.51,275.97,276.03
2025-01-08,10:45:00,SBER,275.68,276.0,275.6,275.67,0.0,30240,83389204,2049,275.76,-0.0036,286,1763,48845623,34543581,17711,12529,0.17,275.79,275.71,1,2,245,298,33758,30188,29114037740,11172991470,10563410,4054427,275.61,275.58,14617837,40287029210,63946,33395,28323,29036260232,11088945826,10532171,4020044,275.69,275.84,14552215,40125206059,61718,0.9,8.3,2.2,1000,648,311824,267489,833095897,752680900,0.05,0.05,0.08,0.05,267.17,281.39,275.69,275.75
2025-01-08,10:50:00,SBER,275.67,275.67,275.3,275.36,0.0,54745,150794880,2226,275.45,-0.1125,297,1929,28999217,121795663,10527,44218,-0.62,275.47,275.44,1,1,195,300,17064,18606,9323313373,7521470877,3389771,2750348,275.04,273.47,6140119,16844784250,35670,16621,16784,9223016918,7443420436,3349872,2701038,275.32,275.58,6050910,16666437355,33405,0.8,7.9,1.9,981,663,308589,271842,823635372,764670771,-0.12,-0.12,0.06,0.04,266.9,281.29,275.45,275.5
2025-01-08,10:55:00,SBER,275.37,276.0,275.26,275.84,0.0001,34900,96206629,801,275.66,0.1707,549,252,77812996,18393634,28223,6677,0.62,275.71,275.48,1,282,35,297,14625,13793,8495515220,6173925694,3088802,2243033,275.04,275.25,5331835,14669440914,28418,14147,13407,8429626827,6120410578,3059307,2218752,275.54,275.85,5278059,14550037405,27554,0.8,8.0,1.7,997,654,306317,262690,817197233,739155861,-0.08,-0.08,0.08,0.05,266.78,281.38,275.58,275.62
2025-01-08,11:00:00,SBER,275.84,275.99,275.5,275.97,0.0,25628,70654552,1842,275.69,0.0471,275,1567,20757060,49897493,7527,18101,-0.41,275.77,275.66,1,300,124,300,19280,31672,11680974071,14746061066,4242857,5349261,275.31,275.67,9592118,26427035138,50952,18958,30002,11632790135,14642844278,4221511,5309390,275.56,275.79,9530901,26275634413,48960,0.8,8.4,2.2,1015,651,317312,274009,847376521,770519330,0.2,0.2,0.07,0.05,267.05,281.2,275.67,275.74
2025-01-08,11:05:00,SBER,275.97,276.14,275.6,275.61,0.0001,26771,73837604,606,275.81,-0.1304,278,328,28792684,45044921,10436,16335,-0.22,275.9,275.76,3,16,129,300,86830,30136,50333400630,13482013387,18261053,4893489,275.63,275.51,23154542,63815414017,116966,86495,29764,50270865507,13439233364,18234183,4870527,275.7,275.93,23104710,63710098872,116259,1.1,8.6,2.8,1017,649,321414,272284,858344201,765831676,-0.21,-0.21,0.08,0.06,267.05,281.26,275.72,275.8
2025-01-08,11:10:00,SBER,275.6,275.95,275.51,275.68,0.0,20739,57181261,1695,275.72,0.029,211,1484,22905219,34276042,8305,12434,-0.2,275.8,275.66,1,211,16,300,23285,14023,10615939005,4767543668,3853095,1733387,275.52,275.04,5586482,15383482673,37308,23023,12530,10604707596,4738858835,3847453,1717998,275.63,275.84,5565451,15343566431,35553,1.0,8.7,2.8,1020,656,320513,277106,856018432,779174810,0.13,0.13,0.07,0.05,267.08,281.18,275.66,275.74
2025-01-08,11:15:00,SBER,275.68,276.4,275.65,276.34,0.0,29385,81138750,931,276.12,0.2394,417,514,67484537,13654213,24439,4946,0.66,276.13,276.07,1,253,27,300,35195,6313,14918641534,2853615713,5412710,1033903,275.62,276.0,6446613,17772257247,41508,34927,5681,14869135446,2797053290,5387432,1012795,276.0,276.17,6400227,17666188736,40608,0.6,8.4,1.5,1028,644,316690,268522,845694851,755632121,0.04,0.04,0.08,0.06,267.04,281.41,275.83,275.87
2025-01-08,11:20:00,SBER,276.34,276.75,275.86,276.29,0.0,79670,220197279,2442,276.39,-0.0181,860,1582,135111170,85086109,48871,30799,0.23,276.46,276.26,1,104,244,298,54947,57866,25744865315,26294529838,9352269,9528040,275.28,275.97,18880309,52039395154,112813,54086,56219,25589480186,26148920236,9268385,9457940,276.09,276.48,18726325,51738400422,110305,1.0,8.3,2.3,1056,615,317703,260507,848007196,733934168,0.11,0.11,0.1,0.07,266.92,281.74,276.28,276.34
2025-01-08,11:25:00,SBER,276.37,276.54,275.92,276.08,0.0001,10901,30113967,431,276.25,-0.1049,258,173,15076108,15037859,5456,5445,0.0,276.32,276.18,1,52,180,300,21642,31334,9314218029,17806927986,3374682,6442574,276.0,276.39,9817256,27121146015,52976,21355,31021,9259990786,17772739696,3353965,6428964,276.09,276.45,9782929,27032730483,52376,0.6,8.4,2.5,1051,634,331698,263488,886291733,742258327,-0.04,-0.04,0.11,0.09,267.2,281.7,276.14,276.21
2025-01-08,11:30:00,SBER,276.07,276.35,276.06,276.18,0.0,11769,32507174,927,276.21,0.0398,175,752,10729006,21778168,3884,7885,-0.34,276.24,276.2,3,78,3,299,13275,28880,5696225226,15887980908,2064796,5754471,275.87,276.1,7819267,21584206134,42155,13043,28070,5661243054,15837186143,2050588,5731918,276.08,276.3,7782506,21498429197,41113,0.5,8.4,1.6,1056,645,340477,270491,910500502,761730904,0.03,0.03,0.11,0.09,267.42,281.61,276.19,276.23
2025-01-08,11:35:00,SBER,276.19,276.2,275.76,275.84,0.0,19151,52848551,385,275.96,-0.1267,151,234,9662112,43186439,3501,15650,-0.63,275.98,275.95,1,4,249,297,29812,17049,12491838070,10355895230,4530070,3758115,275.75,275.56,8288185,22847733300,46861,29604,16850,12471237829,10313503681,4520614,3735652,275.87,276.08,8256266,22784741511,46454,0.8,8.2,2.0,1040,665,339194,280307,906896353,789092295,0.2,0.2,0.1,0.07,267.37,281.51,275.98,276.03
2025-01-08,11:40:00,SBER,275.82,276.0,275.76,275.87,0.0,10712,29545922,1172,275.82,0.0181,167,1005,15838999,13706923,5742,4970,0.07,275.84,275.79,2,259,56,300,44949,10063,20721738083,5448563925,7515430,1973912,275.72,276.03,9489342,26170302008,55012,44688,9062,20674047667,5421339115,7494601,1963210,275.85,276.15,9457811,26095386782,53750,0.6,7.8,1.5,1035,677,339890,284720,908750315,801306633,-0.19,-0.19,0.09,0.06,267.36,281.44,275.81,275.85
2025-01-08,11:45:00,SBER,275.86,276.0,275.81,275.92,0.0001,6304,17393097,213,275.91,0.0218,128,85,11196895,6196202,4058,2246,0.29,275.92,275.88,4,245,32,300,16110,9517,7106551258,5307173493,2578957,1923106,275.56,275.97,4502063,12413724752,25627,15933,9398,7100383730,5289508655,2574259,1915765,275.82,276.1,4490024,12389892386,25331,1.0,8.5,2.2,1042,678,340727,285465,911096794,803363603,-0.27,-0.27,0.09,0.06,267.4,281.42,275.87,275.93
2025-01-08,11:50:00,SBER,275.91,275.91,275.76,275.77,0.0,7915,21830253,669,275.81,-0.0507,121,548,5042041,16788212,1828,6087,-0.54,275.82,275.8,1,1,254,297,5273,33945,2956133311,18195982053,1072962,6597296,275.51,275.81,7670258,21152115364,39218,5111,33368,2948116917,18188952968,1069491,6590815,275.66,275.97,7660306,21137069886,38479,0.7,7.9,2.1,1036,684,338949,285594,906161096,803715168,0.19,0.19,0.09,0.06,267.34,281.42,275.79,275.84
2025-01-08,11:55:00,SBER,275.84,275.9,275.73,275.73,0.0,8557,23596561,264,275.76,-0.0399,118,146,7431860,16164701,2695,5862,-0.37,275.76,275.75,2,35,178,297,866,6937,455011653,4542066795,165634,1646108,274.71,275.93,1811742,4997078448,7803,752,6773,443512419,4521416415,160965,1638347,275.53,275.97,1799312,4964928834,7525,0.5,7.4,1.4,1034,687,337783,284542,902871232,800788263,-0.09,-0.09,0.09,0.06,267.29,281.43,275.78,275.81
2025-01-08,12:00:00,SBER,275.73,275.79,275.65,275.65,0.0,6816,18791010,1217,275.69,-0.029,105,1112,3537485,15253525,1283,5533,-0.62,275.72,275.68,2,127,273,300,1315,41273,658600890,24122874405,239642,8743683,274.83,275.89,8983325,24781475295,42588,1172,40164,642649779,24106566073,233270,8737019,275.5,275.91,8970289,24749215852,41336,0.4,7.3,1.5,1026,693,334338,286200,893317679,805368865,-0.05,-0.05,0.08,0.05,267.19,281.4,275.69,275.74
2025-01-08,12:05:00,SBER,275.64,275.9,275.35,275.35,0.0,24887,68577945,637,275.56,-0.1052,187,450,19171733,49406212,6957,17930,-0.44,275.57,275.55,2,78,279,300,22980,31060,11221293238,17981950724,4071686,6523727,275.59,275.64,10595413,29203243963,54040,22685,30758,11176706033,17909692707,4054149,6491688,275.69,275.89,10545837,29086398741,53443,0.6,7.8,1.7,1015,696,332227,291806,887408552,820864242,-0.2,-0.2,0.06,0.04,267.11,281.31,275.59,275.64
2025-01-08,12:10:00,SBER,275.36,275.55,275.35,275.43,0.0001,15006,41333840,704,275.45,0.0254,177,527,19790054,21543786,7184,7822,-0.04,275.47,275.43,2,72,5,294,83427,10599,37845479336,6240029288,13742998,2268759,275.38,275.04,16011757,44085508624,94026,83124,10039,37793838113,6206743196,13721879,2251735,275.43,275.64,15973614,44000581309,93163,1.1,8.3,2.2,1003,711,332372,296797,887711841,834626638,-0.05,-0.05,0.06,0.03,267.08,281.21,275.42,275.48
2025-01-08,12:15:00,SBER,275.43,275.43,274.8,274.89,0.0,48360,133033990,927,275.09,-0.1961,171,756,12126769,120907222,4408,43952,-0.82,275.11,275.09,9,9,285,300,3460,17718,1746323084,13768460647,636789,5018034,274.24,274.38,5654823,15514783731,21178,3126,17393,1709603552,13674611930,622031,4969066,274.84,275.19,5591097,15384215483,20519,0.9,7.6,1.7,985,722,322158,298246,859526859,838504533,-0.21,-0.21,0.04,0.01,266.79,281.14,275.16,275.21
2025-01-08,12:20:00,SBER,274.89,275.0,274.88,274.94,0.0,9552,26262073,275,274.94,0.0182,152,123,17766097,8495976,6462,3090,0.35,274.93,274.95,1,29,6,300,56878,23835,25894933916,17693729076,9421056,6428542,274.86,275.24,15849598,43588662992,80713,56591,23682,25844164423,17681941626,9401348,6422995,274.9,275.29,15824343,43526106050,80273,0.5,8.0,1.3,977,744,308722,298579,822266393,839350801,-0.29,-0.29,0.02,-0.01,266.34,281.12,274.94,274.97
2025-01-08,12:25:00,SBER,274.94,275.75,274.93,275.65,0.0,22560,62140770,471,275.45,0.2582,381,90,58166824,3973946,21117,1443,0.87,275.45,275.39,4,298,5,298,73843,43483,31954029679,23339843825,11628455,8474936,274.79,275.4,20103391,55293873504,117326,73629,43198,31909229658,23309474747,11596425,8463647,275.16,275.41,20060072,55218704406,116827,0.6,8.2,1.7,1007,728,319426,295669,851588228,831420249,0.01,0.01,0.04,0.01,266.6,281.2,275.3,275.34
2025-01-08,12:30:00,SBER,275.76,275.97,275.62,275.78,0.0001,28249,77918284,482,275.83,0.0073,317,165,65289297,12628988,23670,4579,0.68,275.83,275.8,4,101,61,296,76369,31995,35801812448,14648716757,13003409,5312375,275.33,275.75,18315784,50450529205,108364,76153,31643,35768524650,14582693515,12973736,5286281,275.7,275.86,18260017,50351218165,107796,1.0,8.4,2.9,1028,698,327505,285037,873472539,802290235,-0.2,-0.2,0.07,0.04,266.7,281.47,275.76,275.84
2025-01-08,12:35:00,SBER,275.8,275.8,275.5,275.75,0.0001,6802,18750670,263,275.66,-0.0181,104,159,11044096,7706574,4006,2796,0.18,275.69,275.63,6,6,168,296,40147,24191,21077072579,12042892415,7653706,4369050,275.38,275.64,12022756,33119964995,64338,39982,24029,21030857540,12032788974,7633173,4363447,275.52,275.76,11996620,33063646515,64011,0.8,8.4,2.1,1027,715,334080,296745,891546296,835002652,0.22,0.22,0.06,0.03,266.86,281.39,275.59,275.65
2025-01-08,12:40:00,SBER,275.75,275.86,275.62,275.84,0.0001,4499,12406110,712,275.75,0.0326,124,588,5766401,6639709,2091,2408,-0.07,275.77,275.74,1,234,135,300,30328,7234,15608249265,3172198446,5663938,1150566,275.57,275.71,6814504,18780447712,37562,30192,6581,15593204509,3167991233,5657980,1148253,275.6,275.9,6806233,18761195742,36773,1.2,8.6,2.5,1036,707,345503,291483,922839323,820252973,0.07,0.07,0.08,0.06,267.1,281.41,275.73,275.8
2025-01-08,12:45:00,SBER,275.85,276.41,275.85,276.13,0.0001,24518,67704910,635,276.14,0.1015,458,177,51698145,16006765,18721,5797,0.53,276.15,276.12,2,67,2,299,11051,17519,5199972669,7754507268,1892406,2809451,274.78,276.02,4701857,12954479937,28570,10769,17207,5147844776,7677902242,1866229,2779503,275.84,276.23,4645732,12825747019,27976,0.6,8.2,1.7,1056,682,347606,291675,928759499,820876214,0.05,0.05,0.09,0.06,267.19,281.44,276.05,276.09
2025-01-08,12:50:00,SBER,276.13,276.38,276.01,276.1,0.0,18299,50550307,851,276.25,-0.0109,208,643,33685797,16864510,12193,6106,0.33,276.27,276.2,2,101,209,300,5424,15186,2703178480,6654628688,989549,2410367,273.17,276.08,3399916,9357807169,20610,5223,14487,2680937651,6552907114,971628,2371761,275.92,276.29,3343389,9233844765,19710,0.8,8.4,1.8,1073,675,352362,311439,941947931,875894775,0.12,0.12,0.06,0.04,267.32,281.24,276.16,276.21
2025-01-08,12:55:00,SBER,276.1,276.1,276.0,276.01,0.0,6224,17180763,183,276.04,-0.0326,83,100,2230716,14950047,808,5416,-0.74,276.08,276.03,1,1,82,300,7439,19611,3250163734,8191720794,1178717,2970140,275.74,275.8,4148857,11441884529,27050,7295,19479,3229327958,8229308153,1170634,2979786,275.86,276.17,4150420,11458636111,26774,0.7,8.3,2.0,1075,688,353464,315442,945093880,886992894,0.02,0.02,0.06,0.03,267.38,281.19,276.03,276.09
2025-01-08,13:00:00,SBER,276.01,276.02,275.79,275.86,0.0,7231,19949058,267,275.88,-0.0543,105,162,4713310,15235748,1708,5523,-0.53,275.95,275.86,1,2,247,299,25300,24983,12040503280,11146407053,4367248,4043019,275.7,275.7,8410267,23186910334,50283,25135,24857,12029711396,11144720670,4362220,4038044,275.77,275.99,8400264,23174432066,49992,0.6,8.0,2.4,1068,703,352026,302560,941053164,851108581,0.19,0.19,0.08,0.05,267.32,281.3,275.87,275.94
2025-01-08,13:05:00,SBER,275.86,276.2,275.86,276.02,0.0001,4300,11870608,253,276.06,0.058,177,76,9987582,1883026,3618,682,0.68,276.05,276.1,1,103,1,298,37614,3164,16612380105,1393701539,6021449,504209,275.89,276.41,6525658,18006081645,40778,37474,3013,16606732034,1314422154,6017366,475697,275.98,276.31,6493063,17921154189,40487,1.0,8.3,2.7,1084,688,352868,302614,943357011,851304599,-0.06,-0.06,0.08,0.05,267.34,281.32,276.04,276.11
2025-01-08,13:10:00,SBER,276.06,276.2,275.99,276.19,0.0001,4177,11534960,208,276.15,0.0471,127,81,10251244,1283716,3712,465,0.78,276.16,276.07,4,251,4,300,19604,2023,9952537112,1052648928,3608600,381239,275.8,276.11,3989839,11005186040,21627,19474,1890,9946268652,1046354591,3603584,378675,276.01,276.32,3982259,10992623243,21364,1.2,8.6,3.0,1086,690,353687,325626,945615475,915637157,0.16,0.16,0.04,0.02,267.36,281.19,276.06,276.14
2025-01-08,13:15:00,SBER,276.19,276.19,275.76,275.96,0.0001,8852,24429576,231,275.98,-0.0833,84,147,1829991,22599586,663,8189,-0.85,276.02,275.97,1,1,236,296,13317,6868,5844002966,3259021723,2118447,1182344,275.86,275.64,3300791,9103024690,20185,13162,6769,5822921179,3290366010,2110443,1191549,275.91,276.14,3301992,9113287189,19931,1.3,8.7,3.5,1085,695,354123,312866,946742608,879899376,-0.25,-0.25,0.06,0.04,267.35,281.24,275.99,276.08
2025-01-08,13:20:00,SBER,275.96,275.98,275.78,275.91,0.0001,4065,11213866,186,275.86,-0.0181,97,89,3346355,7867511,1213,2852,-0.4,275.87,275.86,6,8,236,298,2872,31584,1631955184,14460243288,592380,5242361,275.49,275.83,5834741,16092198473,34456,2728,31490,1612553857,14325232788,584968,5191627,275.67,275.93,5776595,15937786645,34218,0.7,8.4,2.7,1077,708,355612,322822,950669674,907527284,0.13,0.13,0.05,0.02,267.33,281.13,275.84,275.92
2025-01-08,13:25:00,SBER,275.92,275.97,275.79,275.8,0.0001,3206,8844068,171,275.86,-0.0435,88,83,2634519,6209549,955,2251,-0.4,275.87,275.86,1,71,162,298,5939,5291,2857754097,2786369604,1036454,1010791,275.72,275.66,2047245,5644123701,11230,5811,5182,2848735350,2775696223,1032961,1005678,275.78,276.0,2038639,5624431574,10993,0.6,7.8,2.3,1085,709,358107,365117,957451915,1025287834,0.19,0.19,-0.01,-0.03,267.36,280.82,275.83,275.9
2025-01-08,13:30:00,SBER,275.79,275.79,275.0,275.4,0.0001,33362,91862100,518,275.35,-0.1414,129,389,11134397,80727703,4043,29319,-0.76,275.4,275.34,1,1,150,298,120469,6373,52970339124,3912381771,19245111,1441027,275.24,271.5,20686138,56882720895,126842,120181,6226,52887231826,3858495005,19211231,1399277,275.29,275.75,20610508,56745726831,126407,0.6,8.0,1.7,1056,727,359215,364466,958821855,1023404915,-0.16,-0.16,-0.01,-0.03,266.92,280.8,275.48,275.53
2025-01-08,13:35:00,SBER,275.4,275.67,275.39,275.57,0.0001,5277,14539188,222,275.52,0.0617,144,78,12621599,1917589,4581,696,0.74,275.52,275.52,2,179,16,298,117057,25968,50928080494,20392284981,18491793,7395578,275.41,275.74,25887371,71320365475,143025,116875,25871,50911946982,20404301823,18484941,7399471,275.42,275.75,25884412,71316248805,142746,0.9,8.5,2.6,1054,733,361840,362074,965934519,1016738490,-0.29,-0.29,0.0,-0.03,266.95,280.81,275.45,275.52
2025-01-08,13:40:00,SBER,275.55,275.98,275.55,275.88,0.0001,6637,18305614,202,275.81,0.1198,156,46,16910375,1395240,6131,506,0.85,275.82,275.74,2,225,2,297,91064,56637,41181413540,36544222586,14938899,13244101,275.67,275.93,28183000,77725636127,147701,90940,56530,41168667912,36537284384,14933359,13241272,275.68,275.93,28174631,77705952297,147470,0.8,8.4,2.1,1072,715,362120,359324,966763588,1008843796,-0.13,-0.13,0.0,-0.02,266.97,280.76,275.74,275.8
2025-01-08,13:45:00,SBER,275.96,276.25,275.96,276.12,0.0001,14409,39789375,387,276.14,0.058,257,130,31842439,7946936,11531,2878,0.6,276.15,276.13,8,189,8,296,9084,16186,4637610814,7727144495,1683188,2797961,275.53,276.17,4481149,12364755309,25270,8969,15908,4587200126,7690725745,1662794,2784178,275.87,276.23,4446972,12277925872,24877,1.1,9.0,2.7,1087,688,366758,356406,979622502,1000861522,0.15,0.15,0.01,-0.01,267.1,280.82,276.08,276.15
2025-01-08,13:50:00,SBER,276.12,276.21,275.95,276.21,0.0,13073,36094220,778,276.1,0.0326,194,584,20621630,15472590,7469,5604,0.14,276.1,276.1,6,257,65,300,10577,32003,3995242513,14866220925,1451202,5384876,275.31,276.07,6836078,18861463438,42580,10337,31378,3922319626,14833727233,1421828,5372523,275.86,276.1,6794351,18756046859,41715,0.8,8.5,1.9,1085,692,377233,359731,1008481093,1010055721,0.04,0.04,0.02,0.0,267.33,280.78,276.05,276.1
2025-01-08,13:55:00,SBER,276.2,276.24,276.1,276.16,0.0001,11446,31608951,234,276.16,-0.0145,149,85,17628773,13980178,6383,5063,0.12,276.18,276.12,1,54,82,297,2051,3684,1253598615,2117328319,455273,768699,275.35,275.44,1223972,3370926935,5735,1914,3520,1254753020,2074052550,454744,750730,275.93,276.27,1205474,3328805571,5434,0.9,8.0,1.6,1092,689,377117,366116,1008110273,1027721158,0.26,0.26,0.01,-0.01,267.32,280.71,276.13,276.17
2025-01-08,14:00:00,SBER,276.16,276.24,276.16,276.21,0.0,11983,33099846,1900,276.22,0.0181,106,1794,14101339,18998507,5105,6878,-0.15,276.23,276.22,1,64,1,300,3633,2858,1484489050,529906785,539129,192160,275.35,275.76,731289,2014395836,6491,3541,1053,1462577259,520321538,529731,188241,276.1,276.41,717972,1982898798,4594,0.4,7.4,0.5,1093,687,380223,365221,1016648809,1025323459,0.01,0.01,0.02,0.0,267.38,280.74,276.21,276.23
2025-01-08,14:05:00,SBER,276.22,276.22,275.54,276.02,0.0001,10630,29335721,332,275.97,-0.0724,114,218,7318487,22017235,2652,7978,-0.5,275.96,275.97,4,4,98,299,10364,6505,6411704508,3950816657,2327053,1434125,275.53,275.49,3761178,10362521166,16869,10142,6352,6378689729,3928781971,2314774,1421872,275.56,276.31,3736646,10307471701,16494,1.0,11.6,2.8,1074,700,373420,361126,997748708,1014003198,-0.47,-0.47,0.02,-0.01,267.19,280.79,275.99,276.06
2025-01-08,14:10:00,SBER,275.98,276.0,275.9,275.98,0.0,2714,7489765,188,275.97,0.0,104,84,3985022,3504743,1444,1270,0.06,275.97,275.96,2,26,117,299,4403,5334,2256542426,2583416697,818744,936575,275.61,275.84,1755319,4839959123,9737,4232,5216,2235281681,2555094502,810615,925458,275.75,276.09,1736073,4790376183,9448,0.5,8.0,2.0,1082,710,381171,369095,1018965376,1036003715,-0.04,-0.04,0.02,-0.01,267.32,280.69,275.94,275.99
2025-01-08,14:15:00,SBER,275.99,276.14,275.52,276.08,0.0001,18926,52213017,320,275.88,0.0326,162,158,11856773,40356244,4295,14631,-0.55,276.06,275.83,1,185,10,299,82917,21575,36928378243,21118509063,13388356,7659856,275.82,275.7,21048212,58046887306,104492,82675,21477,36872916343,21115278238,13365193,7647608,275.89,276.1,21012801,57988194582,104152,0.9,8.3,2.0,1084,706,379463,371503,1015976444,1042671444,-0.2,-0.2,0.01,-0.01,267.74,280.66,275.98,276.04
2025-01-08,14:20:00,SBER,276.08,276.09,275.61,275.7,0.0,11268,31085594,319,275.87,-0.1376,160,159,11994012,19091582,4347,6921,-0.23,275.91,275.85,2,6,251,298,20283,10683,9628682075,8278572224,3495563,3000180,275.45,275.94,6495743,17907254299,30966,20032,10545,9604883020,8246872953,3484376,2987478,275.66,276.05,6471854,17851755974,30577,0.7,8.3,1.9,1075,715,386074,367152,1033990778,1030643328,-0.42,-0.42,0.03,0.0,267.82,280.71,275.85,275.9
2025-01-08,14:25:00,SBER,275.7,275.93,275.64,275.92,0.0001,4256,11735645,209,275.74,0.0798,124,85,6819754,4915890,2473,1783,0.16,275.77,275.71,1,260,77,298,64637,3748,28385200180,2238150612,10294964,811802,275.72,275.7,11106766,30623350792,68385,64453,3664,28378042557,2231049834,10290586,808350,275.77,276.0,11098936,30609092391,68117,1.2,8.6,3.3,1075,722,389292,368581,1042793986,1034581058,0.01,0.01,0.03,0.0,267.87,280.69,275.75,275.84
2025-01-08,14:30:00,SBER,275.93,276.0,275.85,276.0,0.0001,6210,17137703,182,275.97,0.0254,118,64,15849156,1288548,5743,467,0.85,275.97,275.92,3,145,206,299,55034,2386,25197372843,1449041140,9137957,525034,275.74,275.99,9662991,26646413984,57420,54900,2302,25199079222,1432156931,9135668,518617,275.83,276.15,9654285,26631236153,57202,0.9,8.6,2.9,1088,714,389838,368178,1044319434,1033498839,-0.33,-0.33,0.03,0.01,267.88,280.71,275.89,275.97
2025-01-08,14:35:00,SBER,276.0,276.0,275.9,276.0,0.0,2611,7205482,181,275.97,0.0,118,63,4981258,2224224,1805,806,0.38,275.97,275.96,5,5,63,296,11532,2897,4887502580,1854707385,1773287,671723,275.62,276.11,2445010,6742209965,14429,11416,2800,4887421570,1845316564,1772111,668292,275.8,276.12,2440403,6732738135,14216,0.6,8.7,1.9,1088,710,385027,370124,1031213851,1038896109,-0.23,-0.23,0.02,0.0,267.83,280.69,275.92,275.97
2025-01-08,14:40:00,SBER,276.0,276.0,275.92,275.97,0.0,1265,3491126,147,275.98,-0.0109,87,60,1573099,1918027,570,695,-0.1,275.98,275.98,1,1,181,296,1356,3796,718434681,2330768444,260833,844799,275.44,275.9,1105632,3049203125,5152,1240,3734,699808345,2331840349,253770,844616,275.76,276.08,1098386,3031648694,4974,0.7,8.1,2.3,1089,708,389066,369762,1042357753,1037926206,-0.29,-0.29,0.03,0.0,267.91,280.7,275.92,275.99
2025-01-08,14:45:00,SBER,275.98,276.15,275.92,276.15,0.0,7162,19773520,284,276.09,0.0616,213,71,14550366,5223155,5270,1892,0.47,276.1,276.07,1,151,42,298,32403,1551,13178295145,899228508,4777730,327226,275.83,274.8,5104956,14077523653,33954,32226,1435,13159551907,923969743,4767562,334354,276.02,276.34,5101916,14083521651,33661,0.8,8.5,2.7,1100,697,393200,359193,1053789940,1008621565,-0.46,-0.46,0.05,0.02,268.0,280.8,276.04,276.11
2025-01-08,14:50:00,SBER,276.14,276.18,276.05,276.08,0.0,2447,6756736,367,276.12,-0.0217,184,183,4898488,1858248,1774,673,0.45,276.13,276.11,5,271,299,300,14956,1024,6390143044,636185253,2316342,230502,275.87,276.0,2546844,7026328297,15980,14778,830,6396696232,636668823,2317666,230404,276.0,276.33,2548070,7033365055,15608,1.0,8.6,2.0,1104,697,393941,354720,1055844974,996238716,-0.17,-0.17,0.05,0.03,268.02,280.85,276.09,276.15
2025-01-08,14:55:00,SBER,276.05,276.3,276.05,276.29,0.0,12326,34047415,758,276.22,0.0869,335,423,25345835,8701580,9176,3150,0.49,276.22,276.24,1,126,1,299,3838,1972,1966429205,1106238876,715563,401044,274.81,275.84,1116607,3072668081,5810,3581,1483,1940171141,1076693474,703010,389546,275.98,276.4,1092556,3016864616,5064,0.5,7.3,1.1,1110,690,392772,353822,1052654619,993765814,-0.32,-0.32,0.05,0.03,268.01,280.87,276.19,276.23
2025-01-08,15:00:00,SBER,276.29,276.55,276.27,276.55,0.0,36946,102135547,775,276.45,0.0941,652,123,92204976,9930572,33354,3592,0.81,276.44,276.46,2,271,3,300,14038,1646,6178370635,1091276606,2250026,395630,274.59,275.83,2645656,7269647241,15684,13603,1427,6107553995,1053985206,2209897,380979,276.37,276.65,2590876,7161539201,15030,0.5,7.2,1.1,1120,675,402943,344869,1080793232,969058023,-0.27,-0.27,0.08,0.05,268.21,281.0,276.37,276.4
2025-01-08,15:05:00,SBER,276.55,277.38,276.54,277.3,0.0,101017,279703201,2077,276.89,0.2712,1680,397,233934145,45769056,84492,16525,0.67,276.87,276.97,1,274,2,300,7714,10067,4744005374,5063526848,1731619,1832656,273.96,276.29,3564275,9807532222,17781,6713,9269,4585524276,4959182318,1657791,1788512,276.6,277.28,3446303,9544706594,15982,0.4,7.3,0.7,1142,642,412618,294738,1109544187,830665944,0.22,0.22,0.16,0.14,268.82,281.85,276.9,276.92
2025-01-08,15:10:00,SBER,277.3,277.31,276.93,277.09,0.0,36914,102269830,1104,277.05,-0.0757,331,773,48660358,53609472,17565,19349,-0.05,277.03,277.07,1,1,125,298,64007,25297,26875076749,12153901131,9706191,4395570,276.89,276.5,14101761,39028977880,89304,63668,24420,26837222286,12025290999,9687365,4338576,277.03,277.17,14025941,38862513285,88088,0.8,8.3,2.1,1153,633,379510,290636,1018769474,819594699,0.07,0.07,0.13,0.11,268.44,282.0,277.0,277.06
2025-01-08,15:15:00,SBER,277.07,277.08,276.75,276.8,0.0,18192,50368966,429,276.87,-0.0974,147,282,18080027,32288939,6529,11663,-0.28,276.92,276.85,1,2,251,300,3040,21486,1630955712,11410274853,591178,4125352,275.88,276.59,4716530,13041230565,24526,2761,21229,1597868787,11262383371,577574,4066228,276.65,276.97,4643802,12860252159,23990,0.5,7.3,1.1,1147,648,372486,338029,999361649,950965308,-0.44,-0.44,0.05,0.03,268.29,281.33,276.84,276.87
2025-01-08,15:20:00,SBER,276.8,276.86,276.57,276.63,0.0,13357,36962618,824,276.73,-0.0614,196,628,11879801,25082817,4292,9065,-0.36,276.79,276.7,4,20,268,300,6927,3394,3074909973,1350016040,1112658,493564,276.36,273.52,1606222,4424926013,10321,6552,2829,3046768227,1316504535,1101168,475375,276.69,276.94,1576543,4363272763,9381,0.5,7.5,1.5,1139,654,371849,344771,997593239,969619262,-0.38,-0.38,0.04,0.01,268.28,281.24,276.74,276.78
2025-01-08,15:25:00,SBER,276.63,276.86,276.57,276.76,0.0,11873,32852107,463,276.7,0.047,202,261,19137424,13714684,6916,4957,0.16,276.71,276.67,1,143,3,297,29559,4712,13638943005,2378748414,4932016,860947,276.54,276.29,5792963,16017691419,34271,29325,4447,13583788911,2361846812,4909516,852933,276.68,276.91,5762449,15945635723,33772,0.6,8.4,2.2,1129,658,380125,345256,1020349696,970939143,-0.34,-0.34,0.05,0.02,268.42,281.22,276.67,276.73
2025-01-08,15:30:00,SBER,276.72,277.0,276.72,276.96,0.0,45977,127343094,716,276.97,0.0867,356,360,117533710,9809384,42435,3542,0.85,276.97,276.94,4,225,4,300,4848,2300,2458166459,1134468381,894134,409987,274.92,276.71,1304121,3592634840,7148,4566,1803,2347470608,1115080970,848346,402310,276.71,277.17,1250656,3462551579,6369,0.5,7.5,1.4,1146,647,386957,337605,1039250560,949761064,-0.36,-0.36,0.07,0.05,268.56,281.33,276.9,276.94
2025-01-08,15:35:00,SBER,276.96,277.24,276.95,277.09,0.0,39347,109024986,680,277.09,0.0469,465,215,85649956,23375030,30912,8435,0.57,277.08,277.12,1,135,226,298,23940,8833,11269536072,4512637747,4073972,1633315,276.62,276.29,5707287,15782173819,32773,23678,8348,11180162653,4380823986,4036159,1580550,277.0,277.17,5616709,15560986639,32026,0.5,7.8,1.1,1157,632,384320,313434,1032072093,882730805,-0.31,-0.31,0.1,0.08,268.54,281.64,277.08,277.11
2025-01-08,15:40:00,SBER,277.05,277.11,276.8,276.8,0.0001,10732,29720371,594,276.93,-0.0902,128,466,8594584,21125787,3103,7629,-0.42,276.98,276.91,1,49,168,300,4649,41014,2587801899,18686530764,936210,6750545,276.41,276.82,7686755,21274332663,45663,4403,40554,2578574639,18635986552,931861,6728831,276.71,276.96,7660692,21214561192,44957,0.7,8.2,2.3,1147,648,383859,337643,1030746022,949917103,-0.11,-0.11,0.06,0.04,268.52,281.34,276.89,276.96
2025-01-08,15:45:00,SBER,276.8,276.87,276.63,276.76,0.0,9215,25500795,425,276.73,-0.0145,94,331,4619529,20881266,1669,7546,-0.64,276.78,276.72,5,107,26,300,107743,8158,43349677085,3898592003,15667944,1414960,276.68,275.53,17082904,47248269089,115901,107564,7840,43318703885,3911193299,15655280,1412549,276.7,276.89,17067829,47229897184,115404,0.9,8.5,2.8,1137,662,382973,337440,1028183083,949364084,0.18,0.18,0.06,0.04,268.47,281.34,276.74,276.81
2025-01-08,15:50:00,SBER,276.76,276.86,276.47,276.53,0.0,9456,26159134,399,276.64,-0.0831,111,288,6024182,20134952,2178,7278,-0.54,276.59,276.66,1,46,244,293,5359,3964,2095867918,1928702139,758537,700100,276.3,275.49,1458637,4024570058,9323,5203,3767,2053704400,1963081671,742722,709147,276.51,276.82,1451869,4016786072,8970,0.8,7.9,2.0,1131,668,384695,316587,1032924558,891570772,-0.01,-0.01,0.1,0.07,268.5,281.62,276.64,276.7
2025-01-08,15:55:00,SBER,276.51,276.75,276.48,276.5,0.0,3848,10643860,212,276.61,-0.0036,133,79,7070596,3573265,2556,1292,0.33,276.63,276.57,2,127,8,299,49896,7552,23732255805,3443012113,8582289,1244639,276.53,276.63,9826928,27175267919,57448,49744,7429,23731808734,3311709962,8580034,1196527,276.59,276.78,9776561,27043518697,57173,0.7,8.1,2.3,1125,677,393135,347403,1056180130,976892294,-0.01,-0.01,0.06,0.04,268.66,281.21,276.56,276.62
2025-01-08,16:00:00,SBER,276.49,276.7,276.43,276.7,0.0,11250,31113714,278,276.57,0.076,182,96,18315839,12797874,6622,4628,0.18,276.59,276.53,3,261,4,299,21732,7423,10146622413,3502182351,3671278,1269307,276.38,275.91,4940585,13648804764,29155,21493,7343,10090097310,3497422641,3649280,1264484,276.5,276.59,4913764,13587519952,28836,0.7,8.2,1.7,1123,679,397992,357679,1069454109,1005344412,-0.61,-0.61,0.05,0.03,268.71,281.07,276.55,276.6
2025-01-08,16:05:00,SBER,276.7,277.0,276.67,276.96,0.0,37134,102844738,640,276.96,0.094,405,235,98683082,4161656,35631,1503,0.92,276.96,276.89,1,72,48,300,32763,22125,13767499257,8536568690,5003397,3082619,275.16,276.93,8086016,22304067948,54888,32426,21802,13743576201,8497596942,4967414,3067840,276.67,276.99,8035254,22241173143,54228,0.8,8.0,3.0,1148,652,404370,347758,1086975463,977923882,-0.21,-0.21,0.08,0.05,268.81,281.21,276.83,276.92
2025-01-08,16:10:00,SBER,276.92,276.99,276.73,276.82,0.0001,6285,17400331,259,276.85,-0.0361,105,154,4976852,12423479,1797,4488,-0.43,276.95,276.82,1,103,299,300,10936,5130,5088963165,2419605320,1839481,877376,276.65,275.78,2716857,7508568486,16066,10762,4987,5074045132,2408435038,1833195,869267,276.79,277.07,2702462,7482480170,15749,1.5,9.1,4.0,1148,649,404263,335522,1086704501,944140830,-0.27,-0.27,0.09,0.07,268.81,281.39,276.84,276.95
2025-01-08,16:15:00,SBER,276.89,276.96,276.85,276.94,0.0,3669,10159266,185,276.89,0.0181,118,67,3475299,6683967,1255,2414,-0.32,276.92,276.88,1,274,45,296,2417,897,1534370228,604391071,555110,220210,276.41,274.46,775320,2138761299,3314,2289,821,1519010286,673672797,548868,243114,276.75,277.1,791982,2192683083,3110,0.7,8.2,2.5,1151,649,406902,321036,1093897673,904118730,-0.31,-0.31,0.12,0.1,268.83,281.63,276.87,276.94
2025-01-08,16:20:00,SBER,276.96,277.3,276.94,277.25,0.0,24642,68305041,681,277.19,0.1047,559,122,59738806,8566235,21552,3090,0.75,277.18,277.22,3,223,6,299,1994,1546,1242354242,1021890553,456956,370754,271.88,275.62,827710,2264244796,3540,1601,1405,1175505067,985363571,424515,355210,276.91,277.4,779725,2160868638,3006,0.5,7.2,1.0,1162,625,413928,319799,1113483401,900774769,-0.34,-0.34,0.13,0.11,269.0,281.67,277.16,277.19
2025-01-08,16:25:00,SBER,277.25,277.26,277.0,277.15,0.0001,23616,65451995,326,277.15,-0.0361,144,182,15627341,49824654,5638,17978,-0.52,277.18,277.14,4,7,231,300,1898,6595,1317002951,4248782347,479674,1534659,274.56,276.86,2014333,5565785298,8493,1737,6378,1341897459,4172687266,484672,1505024,276.87,277.25,1989696,5514584726,8115,1.2,8.5,2.4,1162,625,398052,323005,1069759109,909691342,0.09,0.09,0.1,0.08,268.74,281.63,277.13,277.19
2025-01-08,16:30:00,SBER,277.15,277.25,277.02,277.21,0.0001,5849,16209361,185,277.13,0.0216,106,79,8431292,7778070,3042,2807,0.04,277.16,277.1,4,270,45,295,958,730,645070193,485446518,233414,177150,276.36,274.03,410564,1130516712,1688,832,646,599642522,487926436,216556,175905,276.9,277.38,392461,1087568958,1478,0.8,8.5,1.6,1162,624,398859,323866,1071955232,912076088,-0.04,-0.04,0.1,0.08,268.75,281.62,277.14,277.19
2025-01-08,16:35:00,SBER,277.25,277.8,277.22,277.61,0.0001,64812,179894970,988,277.56,0.1298,727,261,152521561,27373409,54952,9860,0.7,277.55,277.62,5,70,5,298,5301,3938,3716182472,2736040158,1362414,992650,272.76,275.63,2355064,6452222631,9239,4966,3448,3559173958,2622060936,1283069,943654,277.4,277.86,2226723,6181234894,8414,1.2,8.6,2.7,1184,582,416522,296322,1121066228,835790763,-0.2,-0.2,0.17,0.15,269.15,282.06,277.59,277.66
2025-01-08,16:40:00,SBER,277.63,277.77,277.57,277.69,0.0001,22193,61626039,420,277.68,0.0216,293,127,54106516,7519523,19485,2708,0.76,277.68,277.68,2,141,22,300,2798,1556,1759070380,1133889375,642212,410132,273.91,276.47,1052344,2892959756,4354,2495,1316,1763190619,1079316391,635498,388385,277.45,277.9,1023883,2842507011,3811,1.2,8.7,2.3,1188,580,415401,305222,1118081516,860651637,-0.4,-0.4,0.15,0.13,269.16,281.98,277.64,277.71
2025-01-08,16:45:00,SBER,277.69,277.75,277.59,277.65,0.0,12455,34583344,216,277.67,-0.0144,121,95,18733976,15849369,6747,5708,0.08,277.66,277.67,1,43,106,297,1240,1053,952402921,768867081,344297,279064,276.62,275.52,623361,1721270003,2293,1081,894,880103524,728983359,317258,262347,277.41,277.87,579605,1609086883,1975,0.8,8.1,1.3,1191,586,413528,313298,1112961371,883129096,-0.36,-0.36,0.14,0.12,269.14,281.88,277.63,277.67
2025-01-08,16:50:00,SBER,277.62,277.76,277.55,277.74,0.0,19007,52780176,347,277.69,0.0432,195,152,21866530,30913646,7874,11133,-0.17,277.71,277.68,2,95,96,296,3290,1355,1812270693,927712931,654658,334817,276.83,277.08,989475,2739983624,4645,3057,1226,1758458706,888338813,633597,319605,277.54,277.95,953202,2646797519,4283,0.7,7.9,1.7,1193,587,423240,310763,1139767279,876104262,-0.19,-0.19,0.15,0.13,269.3,281.92,277.69,277.74
2025-01-08,16:55:00,SBER,277.74,277.87,277.69,277.8,0.0,22850,63475195,409,277.79,0.0216,296,113,57128475,6346720,20565,2285,0.8,277.79,277.76,3,254,5,299,6284,1972,3574284121,1043087906,1301845,376670,274.56,276.92,1678515,4617372028,8256,6077,1782,3550412304,1031076992,1278925,370932,277.61,277.97,1649857,4581489297,7859,1.0,8.1,1.8,1196,586,424558,305978,1143369968,862843404,-0.27,-0.27,0.16,0.14,269.31,282.0,277.73,277.78
2025-01-08,17:00:00,SBER,277.8,277.83,277.56,277.8,0.0001,19235,53423962,417,277.74,0.0,168,249,29094402,24329560,10474,8761,0.09,277.78,277.7,1,10,221,296,2586,1621,1681346139,1063538376,608250,387794,276.42,274.25,996044,2744884516,4207,2377,1367,1621088869,1039239795,584124,373895,277.52,277.95,958019,2660328664,3744,0.7,7.8,1.2,1200,588,426617,294357,1149074121,830598958,0.01,0.01,0.18,0.16,269.35,282.17,277.76,277.79
2025-01-08,17:05:00,SBER,277.8,277.83,277.55,277.57,0.0001,16277,45193259,357,277.65,-0.0828,154,203,20676794,24516465,7447,8830,-0.08,277.65,277.65,1,5,274,300,2356,2414,1452646574,1488196142,525289,537524,276.54,276.86,1062813,2940842716,4770,2153,2194,1408802888,1439646073,507722,518109,277.48,277.87,1025831,2848448961,4347,0.8,8.4,1.6,1192,600,432650,293311,1165698934,827657679,0.05,0.05,0.19,0.17,269.43,282.18,277.62,277.67
2025-01-08,17:10:00,SBER,277.58,277.63,277.54,277.54,0.0,10023,27819531,240,277.56,-0.0144,105,135,5951403,21868128,2144,7879,-0.57,277.58,277.55,2,117,55,300,1330,1606,711000835,1064946177,258190,385075,275.38,276.56,643265,1775947013,2936,1177,1478,687660730,1075661208,247916,387268,277.38,277.76,635184,1763321938,2655,0.7,8.0,1.1,1192,610,437326,288634,1178584074,814604920,0.41,0.41,0.2,0.18,269.5,282.23,277.55,277.58
2025-01-08,17:15:00,SBER,277.54,277.55,277.21,277.22,0.0001,50531,140181796,390,277.42,-0.1153,114,276,7884709,132297087,2843,47688,-0.89,277.34,277.42,2,4,61,300,2462,3854,1650463636,2498612141,596038,909229,276.91,274.81,1505267,4149075777,6316,2266,3664,1544024172,2361403622,557226,850719,277.09,277.58,1407945,3905427794,5930,0.9,8.1,1.9,1180,623,430191,287264,1158582043,810729112,0.32,0.32,0.2,0.18,269.31,282.23,277.34,277.39
2025-01-08,17:20:00,SBER,277.25,277.34,277.14,277.23,0.0001,28941,80232091,323,277.23,-0.0072,136,187,67028874,13203217,24178,4763,0.67,277.23,277.2,4,199,44,296,2522,1812,1830156530,1307195933,664249,472785,275.52,276.49,1137034,3137352463,4334,2297,1672,1764232787,1229701089,636814,443206,277.04,277.46,1080020,2993933876,3969,1.0,8.4,1.9,1172,634,427614,299890,1151300677,845691651,-0.17,-0.17,0.18,0.15,269.24,282.0,277.21,277.27
2025-01-08,17:25:00,SBER,277.23,277.3,277.2,277.26,0.0,2314,6414917,180,277.22,0.0108,88,92,2700238,3714679,974,1340,-0.16,277.23,277.21,1,259,155,299,767,1892,566223416,1023237376,204908,369825,276.33,276.68,574733,1589460793,2659,651,1769,537270252,969679212,193984,349564,276.97,277.4,543548,1506949464,2420,0.6,8.0,2.1,1174,638,434550,310477,1170355757,875065778,0.17,0.17,0.17,0.14,269.33,281.85,277.21,277.27
2025-01-08,17:30:00,SBER,277.26,277.33,277.26,277.31,0.0,4622,12817108,187,277.31,0.018,102,85,4714344,8102764,1700,2922,-0.26,277.31,277.3,1,108,1,300,1219,777,768613738,560375423,277869,203771,276.61,275.0,481640,1328989162,1996,1102,693,766154889,550467760,276535,198359,277.06,277.51,474894,1316622649,1795,0.5,7.7,1.0,1182,634,436111,315280,1174573073,888397238,0.18,0.18,0.16,0.14,269.33,281.78,277.29,277.32
2025-01-08,17:35:00,SBER,277.31,277.34,277.21,277.27,0.0001,7420,20575009,178,277.29,-0.0144,105,73,12048546,8526464,4345,3075,0.17,277.3,277.28,1,26,102,296,1153,1079,667517477,692683149,241150,250392,276.81,276.64,491542,1360200626,2232,1016,1003,650183092,672960458,234659,242540,277.08,277.46,477199,1323143551,2019,1.3,8.3,2.5,1178,635,434494,315732,1170172231,889656364,-0.18,-0.18,0.16,0.14,269.32,281.78,277.23,277.3
2025-01-08,17:40:00,SBER,277.26,277.34,277.26,277.33,0.0,12134,33651418,205,277.33,0.0252,122,83,28410194,5241224,10244,1890,0.69,277.33,277.31,5,238,5,299,999,553,516829232,388076346,187135,140662,276.18,275.89,327797,904905579,1552,852,472,478247302,394790787,172574,142229,277.13,277.57,314803,873038090,1324,0.4,7.2,0.8,1182,633,436034,312891,1174437246,881737429,-0.03,-0.03,0.16,0.14,269.34,281.8,277.29,277.31
2025-01-08,17:45:00,SBER,277.34,277.5,277.33,277.48,0.0,10993,30497773,298,277.43,0.0505,198,100,21048296,9449477,7587,3406,0.38,277.43,277.44,3,180,3,300,1391,1128,861294155,733689755,313846,265553,274.43,276.29,579399,1594983910,2519,1208,972,843770060,694700062,304371,250198,277.22,277.66,554569,1538470122,2180,0.4,7.5,0.9,1194,620,440290,304583,1186247227,858726836,-0.5,-0.5,0.18,0.16,269.42,281.94,277.43,277.46
2025-01-08,17:50:00,SBER,277.48,277.5,277.44,277.44,0.0,18649,51750291,292,277.5,-0.0144,208,84,45382274,6368017,16354,2295,0.75,277.5,277.47,2,7,293,300,1956,689,1241418351,467146357,449362,169345,276.26,275.85,618707,1708564708,2645,1745,587,1191389171,441243948,429513,158888,277.38,277.71,588401,1632633119,2332,0.4,7.6,0.5,1195,618,439519,302708,1184121976,853579468,-0.79,-0.79,0.18,0.16,269.41,281.98,277.48,277.5
2025-01-08,17:55:00,SBER,277.44,277.5,277.41,277.45,0.0,5572,15461138,180,277.48,0.0036,92,88,11723790,3737348,4225,1347,0.52,277.49,277.46,5,72,46,298,1360,1445,909929402,1064346249,328322,383753,277.15,277.35,712075,1974275651,2805,1290,1328,914237321,1043963339,330085,376035,276.97,277.62,706120,1958200660,2618,0.7,7.6,1.2,1189,621,435648,302386,1174270447,852688261,-0.27,-0.27,0.18,0.16,269.55,281.99,277.44,277.47
2025-01-08,18:00:00,SBER,277.45,277.6,277.3,277.3,0.0,24844,68939488,332,277.49,-0.0541,197,135,46122582,22816906,16621,8223,0.34,277.5,277.48,2,33,285,300,1891,2512,1014188559,1525150632,366717,553021,276.56,275.79,919738,2539339192,4403,1742,2352,1000468522,1486003216,360823,535184,277.27,277.66,896007,2486471738,4094,0.6,7.9,1.5,1185,622,433723,297660,1169107302,839583914,-0.12,-0.12,0.19,0.16,269.55,282.06,277.43,277.47
2025-01-08,18:05:00,SBER,277.31,277.43,277.23,277.27,0.0,8680,24071403,242,277.32,-0.0144,134,108,6553491,17517912,2363,6317,-0.46,277.34,277.31,2,88,263,296,1499,2009,850402924,1104094910,307333,402769,276.7,274.13,710102,1954497834,3508,1351,1879,844686267,1093751073,304821,394079,277.11,277.55,698900,1938437341,3230,0.6,8.1,1.5,1174,634,427628,298624,1152216295,842236758,0.05,0.05,0.18,0.16,269.44,282.04,277.29,277.33
2025-01-08,18:10:00,SBER,277.26,277.27,276.82,277.0,0.0,22667,62794780,557,277.03,-0.0938,118,439,8334975,54459805,3009,19658,-0.73,277.0,277.04,1,14,227,299,3058,3408,1689379748,2047251369,610543,743412,276.7,275.39,1353955,3736631118,6466,2891,3177,1658505762,1998394926,599079,720959,276.84,277.19,1320038,3656900688,6068,0.5,7.9,1.3,1154,648,416518,300034,1121436842,846065137,-0.11,-0.11,0.16,0.14,269.24,281.99,277.03,277.06
2025-01-08,18:15:00,SBER,276.99,277.06,276.7,276.74,0.0001,10531,29156021,307,276.86,-0.0903,75,232,4735478,24420542,1710,8821,-0.68,276.93,276.85,1,33,292,300,2225,2131,1313277374,1347062458,475294,490528,276.31,274.61,965822,2660339832,4356,2034,1994,1293071577,1329160771,467285,479598,276.72,277.14,946883,2622232348,4028,1.2,8.7,2.9,1145,657,414576,299818,1115910197,845468166,-0.09,-0.09,0.16,0.14,269.17,281.99,276.87,276.95
2025-01-08,18:20:00,SBER,276.73,277.0,276.73,276.82,0.0001,9377,25961520,262,276.86,0.0325,126,136,17321255,8640266,6256,3121,0.33,276.87,276.84,1,87,1,297,3201,2468,1860916836,1498442175,675439,541254,275.51,276.85,1216693,3359359011,5669,3030,2325,1857016596,1468569618,671097,529924,276.71,277.13,1201021,3325586214,5355,1.4,9.1,3.3,1141,659,410803,301152,1105470758,849161661,-0.26,-0.26,0.15,0.13,269.1,281.97,276.84,276.93
2025-01-08,18:25:00,SBER,276.83,276.9,276.72,276.78,0.0,4850,13425504,188,276.81,-0.0181,76,112,5744638,7680866,2075,2775,-0.14,276.85,276.79,6,36,272,298,1062,1090,575508225,742926743,209442,269964,274.78,275.19,479406,1318434969,2152,914,1005,566611704,713703619,204844,257574,276.61,277.09,462418,1280315324,1919,0.6,8.0,1.9,1139,666,409371,308382,1101539501,869212213,-0.45,-0.45,0.14,0.12,269.08,281.86,276.81,276.86
2025-01-08,18:30:00,SBER,276.79,276.79,276.6,276.62,0.0,16333,45187047,343,276.66,-0.0614,111,232,9716222,35470825,3512,12821,-0.57,276.66,276.66,6,6,77,299,1878,1558,914936890,998252513,332977,364044,274.77,274.21,697021,1913189404,3436,1682,1431,890281427,981104163,322034,354304,276.46,276.91,676338,1871385590,3113,0.6,8.2,1.6,1125,673,404915,310033,1089190625,873730410,-0.08,-0.08,0.13,0.11,268.99,281.82,276.65,276.7
2025-01-08,18:35:00,SBER,276.63,276.95,276.52,276.95,0.0001,25411,70303768,376,276.67,0.1157,185,191,35688122,34615645,12898,12513,0.02,276.7,276.64,2,296,118,296,2865,4495,1525551875,2719972461,554155,988137,275.29,275.26,1542292,4245524337,7360,2626,4309,1465773599,2679252810,530079,967421,276.52,276.95,1497500,4145026409,6935,0.8,8.4,2.1,1124,671,400999,309575,1078329052,872443998,0.02,0.02,0.13,0.11,268.91,281.82,276.69,276.75
2025-01-08,18:40:00,SBER,276.95,277.0,276.87,276.97,0.0001,9014,24962969,226,276.94,0.0072,130,96,11729356,13233612,4235,4779,-0.06,276.96,276.91,1,245,25,299,1743,3592,992978700,1943231158,360310,704472,275.59,275.84,1064782,2936209858,5335,1664,3553,953877885,1940578675,344696,700411,276.73,277.06,1045107,2894456561,5217,0.8,8.3,1.7,1138,661,409538,306968,1101945011,865239233,-0.07,-0.07,0.14,0.12,269.07,281.87,276.91,276.96
2025-01-08,19:10:00,SBER,276.97,276.98,276.73,276.77,0.0,10992,30435807,252,276.89,-0.0722,111,141,13500844,16934963,4876,6116,-0.11,276.88,276.9,1,1,275,300,87267,14460,35370541030,5431196956,12785185,1962013,276.65,276.82,14747198,40801737986,101727,87069,14287,35339902897,5378818630,12769813,1941873,276.75,276.99,14711686,40718721527,101356,0.5,8.1,1.4,1142,664,416319,300333,1120610220,846812153,-0.22,-0.22,0.16,0.14,269.17,281.96,276.82,276.86
2025-01-08,19:15:00,SBER,276.77,276.78,276.64,276.65,0.0,7062,19538851,214,276.68,-0.0434,105,109,6651791,12887060,2404,4658,-0.32,276.7,276.67,10,14,138,296,4034,4370,1647607290,2037327201,597239,736999,275.87,276.44,1334238,3684934491,8404,3922,4259,1651582128,2012290028,597015,726695,276.64,276.91,1323710,3663872156,8181,0.6,7.7,1.2,1126,673,411323,304422,1106801945,858107581,0.11,0.11,0.15,0.13,269.08,281.88,276.67,276.7
2025-01-08,19:20:00,SBER,276.65,276.69,276.54,276.64,0.0,10991,30401490,231,276.6,-0.0036,94,137,9059794,21341696,3275,7716,-0.4,276.63,276.59,1,5,126,294,5568,3912,2051176342,1805644117,742846,655507,276.12,275.46,1398353,3856820459,9480,5448,3804,2028101498,1790761117,733475,647015,276.51,276.77,1380490,3818862615,9252,1.1,8.0,2.0,1118,675,410524,308281,1104509102,868790369,0.0,0.0,0.14,0.12,269.05,281.82,276.57,276.63
2025-01-08,19:25:00,SBER,276.69,276.84,276.64,276.79,0.0001,6037,16704255,110,276.7,0.0361,72,38,13837704,2866551,5001,1036,0.66,276.7,276.69,4,290,5,294,71563,2782,27135999859,1269853793,9811349,458610,276.58,276.89,10269959,28405853653,74345,71463,2730,27090926560,1258004482,9794364,454313,276.6,276.9,10248677,28348931042,74193,0.6,8.2,1.7,1129,672,416078,306098,1119981054,862767333,-0.05,-0.05,0.15,0.13,269.18,281.86,276.68,276.73
2025-01-08,19:30:00,SBER,276.79,276.86,276.73,276.74,0.0,1710,4733431,150,276.81,-0.0181,101,49,3020133,1713298,1091,619,0.28,276.82,276.78,4,97,199,300,42303,12223,17707594012,4558493794,6399147,1646355,276.72,276.88,8045502,22266087806,54526,42184,12166,17711818166,4558502768,6399902,1646114,276.75,276.93,8046016,22270320934,54350,0.8,7.9,1.9,1135,668,421014,304395,1133612057,858067042,-0.12,-0.12,0.16,0.14,269.26,281.89,276.77,276.82
2025-01-08,19:35:00,SBER,276.75,276.77,276.6,276.6,0.0,4618,12776834,139,276.67,-0.0542,48,91,2307939,10468895,834,3784,-0.64,276.73,276.66,6,73,259,300,2127,1496,631342446,533328632,228928,194211,275.78,274.61,423139,1164671078,3623,2039,1428,621137199,506552773,224598,182932,276.56,276.91,407530,1127689972,3467,0.6,8.1,1.8,1126,676,420710,309103,1132786956,871215068,-0.18,-0.18,0.15,0.13,269.26,281.85,276.65,276.7
2025-01-08,19:40:00,SBER,276.6,276.63,276.56,276.59,0.0,3193,8831871,130,276.6,-0.0036,63,67,3712097,5119774,1342,1851,-0.16,276.61,276.6,3,239,101,298,623,5698,296435841,1636766860,107421,592475,275.96,276.26,699896,1933202702,6321,531,5626,271896896,1629197963,98379,588779,276.38,276.71,687158,1901094859,6157,0.4,7.7,1.1,1121,684,423866,312038,1141430821,879389077,0.01,0.01,0.15,0.13,269.29,281.82,276.58,276.61
2025-01-08,19:45:00,SBER,276.57,276.67,276.56,276.64,0.0,2140,5919396,111,276.61,0.0253,56,55,3783943,2135453,1368,772,0.28,276.6,276.61,6,103,6,300,555,933,244523312,425380832,88639,153878,275.86,276.44,242517,669904144,1488,506,873,231799086,420862055,83893,152079,276.3,276.74,235972,652661142,1379,0.5,7.4,1.4,1123,686,428266,312215,1153577048,879877989,-0.1,-0.1,0.16,0.13,269.36,281.82,276.6,276.64
2025-01-08,19:50:00,SBER,276.62,276.64,276.6,276.62,0.0,1949,5391199,95,276.61,0.0,52,43,2500617,2890582,904,1045,-0.07,276.62,276.61,4,217,40,296,760,6008,370577501,2471710429,134132,893419,276.28,276.66,1027551,2842287930,6768,683,5967,365924006,2465779014,132371,890980,276.44,276.75,1023351,2831703020,6650,0.4,7.1,0.7,1122,687,429956,312640,1158302974,881073082,0.28,0.28,0.16,0.14,269.4,281.82,276.61,276.63
2025-01-08,19:55:00,SBER,276.63,276.84,276.6,276.83,0.0,3770,10431895,156,276.71,0.0723,119,37,8149612,2282283,2945,825,0.56,276.73,276.64,1,265,11,299,22720,4932,9511373437,2353950767,3437509,850356,276.69,276.82,4287865,11865324204,27652,22612,4892,9491777780,2355854503,3430075,850797,276.72,276.9,4280872,11847632283,27504,0.4,7.5,1.4,1129,681,431392,311019,1162285615,876558768,-0.29,-0.29,0.16,0.14,269.43,281.83,276.68,276.71
2025-01-08,20:00:00,SBER,276.83,276.86,276.68,276.82,0.0001,2683,7426490,128,276.8,-0.0036,60,68,2995233,4431257,1082,1601,-0.19,276.82,276.78,2,27,151,298,1581,60301,741873582,24661347907,268417,8907815,276.39,276.85,9176232,25403221489,61882,1504,60241,743401305,24653541059,268769,8904889,276.59,276.85,9173658,25396942365,61745,1.2,8.8,3.2,1136,673,433110,310213,1167022906,874324886,-0.2,-0.2,0.17,0.14,269.45,281.85,276.75,276.83
2025-01-08,20:05:00,SBER,276.84,276.87,276.74,276.8,0.0001,1146,3172141,84,276.8,-0.0144,42,42,1353689,1818452,489,657,-0.15,276.83,276.78,4,103,194,282,43649,28836,20298683721,14064685259,7336570,5079753,276.68,276.88,12416323,34363368981,72485,43578,28800,20305662369,14061581648,7338698,5078282,276.69,276.9,12416980,34367244018,72378,1.2,8.5,3.4,1141,673,431744,309881,1163228798,873400067,-0.34,-0.34,0.16,0.14,269.42,281.85,276.76,276.85
2025-01-08,20:10:00,SBER,276.81,276.99,276.78,276.97,0.0001,4462,12356900,164,276.94,0.0578,122,42,10994510,1362390,3970,492,0.78,276.94,276.91,1,50,1,299,63326,2344,26705041542,1166361272,9646871,421146,276.83,276.95,10068017,27871402814,65670,63263,2242,26702083067,1151648015,9645014,415644,276.85,277.08,10060658,27853731083,65505,0.8,8.3,1.8,1149,666,430998,309850,1161178215,873336059,-0.23,-0.23,0.16,0.14,269.42,281.86,276.91,276.96
2025-01-08,20:15:00,SBER,276.96,277.0,276.81,276.87,0.0,9771,27061223,199,276.95,-0.0325,118,81,12677542,14383681,4577,5194,-0.06,276.98,276.93,5,49,298,298,12811,1460,5596932444,820144929,2022475,297343,276.74,275.82,2319818,6417077374,14271,12711,1392,5577028464,783262792,2014506,282639,276.84,277.12,2297145,6360291256,14103,0.6,8.0,1.2,1147,666,431000,311716,1161187992,878532524,-0.21,-0.21,0.16,0.14,269.42,281.84,276.92,276.95
2025-01-08,20:20:00,SBER,276.87,276.9,276.76,276.84,0.0001,1858,5143871,101,276.85,-0.0108,56,45,3510721,1633150,1268,590,0.36,276.87,276.81,6,79,51,298,2087,2532,983390967,1234217079,356406,445718,275.92,276.91,802124,2217608046,4619,2009,2486,978337836,1232353618,353543,444949,276.72,276.97,798492,2210691454,4495,0.6,8.0,2.3,1143,674,431076,316471,1161385769,891773386,-0.3,-0.3,0.15,0.13,269.42,281.79,276.81,276.87
2025-01-08,20:25:00,SBER,276.84,277.0,276.82,276.99,0.0001,2688,7442748,131,276.89,0.0542,101,30,5822936,1619812,2103,585,0.56,276.89,276.89,1,262,41,300,72699,4445,30922242074,2254502252,11169565,813986,276.84,276.97,11983551,33176744327,77144,72587,4414,30924138400,2248069668,11168605,811395,276.88,277.06,11980000,33172208069,77001,0.7,8.5,1.9,1146,670,430617,316684,1160140006,892373207,-0.7,-0.7,0.15,0.13,269.41,281.79,276.85,276.91
2025-01-08,20:30:00,SBER,276.99,277.0,276.86,276.99,0.0001,2160,5981751,142,276.93,0.0,77,65,1625872,4355879,587,1573,-0.46,276.98,276.92,2,20,96,298,102667,8754,44079158278,4084404995,15920131,1475279,276.88,276.86,17395410,48163563273,111421,102537,8700,44067573077,4077334573,15915537,1471532,276.88,277.08,17387069,48144907650,111237,0.8,8.6,3.1,1154,663,431047,317253,1161338598,893958420,-0.76,-0.76,0.15,0.13,269.42,281.78,276.9,276.98
2025-01-08,20:35:00,SBER,276.98,276.99,276.87,276.89,0.0,965,2672195,87,276.91,-0.0325,39,48,725510,1946685,262,703,-0.46,276.91,276.91,1,7,238,298,504,1974,239546819,882168272,86686,318566,276.34,276.92,405252,1121715092,2478,446,1934,235407962,864259328,85063,311981,276.75,277.02,397044,1099667291,2380,0.5,7.7,1.6,1153,669,433135,324411,1167111638,913784111,-0.57,-0.57,0.14,0.12,269.46,281.67,276.88,276.92
2025-01-08,20:40:00,SBER,276.88,276.97,276.81,276.96,0.0,4366,12088206,157,276.87,0.0289,98,59,6161079,5927126,2225,2141,0.02,276.9,276.84,5,264,68,300,705,580,329569622,314132664,119506,115452,275.78,272.09,234958,643702287,1285,583,533,330709558,303425019,119526,109504,276.68,277.09,229030,634134578,1116,0.6,7.7,1.4,1153,668,430156,324729,1158848907,914660408,-0.47,-0.47,0.14,0.12,269.4,281.67,276.88,276.92
2025-01-08,20:45:00,SBER,276.96,276.97,276.9,276.95,0.0,2236,6192265,121,276.93,-0.0036,76,45,2417819,3774446,873,1363,-0.22,276.96,276.92,7,63,138,297,933,482,400844681,248121872,145031,89754,276.39,276.45,234785,648966554,1415,827,437,435144182,237359041,157828,85646,275.71,277.14,243474,672503224,1264,0.4,7.1,1.1,1158,666,420576,327532,1133015908,922438928,-0.3,-0.3,0.12,0.1,269.4,281.63,276.93,276.96
2025-01-08,20:50:00,SBER,276.94,276.96,276.9,276.92,0.0,1406,3893708,105,276.94,-0.0072,62,43,2855284,1038424,1031,375,0.47,276.94,276.91,2,255,25,300,551,749,331288555,421230249,120096,152298,275.85,276.58,272394,752518805,1300,475,714,318973458,419845647,115324,151508,276.59,277.11,266832,738819105,1189,0.6,7.5,1.5,1155,666,416566,327978,1122496528,923671861,-0.45,-0.45,0.12,0.1,269.46,281.63,276.91,276.95
2025-01-08,20:55:00,SBER,276.93,276.93,276.84,276.86,0.0,1331,3685253,78,276.88,-0.0253,38,40,985738,2699516,356,975,-0.47,276.89,276.87,3,3,112,297,498,1458,211265529,706312788,76451,255061,276.34,276.92,331512,917578317,1956,448,1412,197871554,690739811,71508,249354,276.71,277.01,320862,888611366,1860,0.6,7.6,1.8,1155,669,420751,330721,1133931945,931305077,-0.42,-0.42,0.12,0.1,269.5,281.6,276.86,276.9
2025-01-08,21:00:00,SBER,276.85,276.86,276.75,276.75,0.0,3513,9724092,132,276.8,-0.0361,49,83,1179222,8544870,426,3087,-0.76,276.81,276.8,1,4,262,300,5272,2009,2378848634,925393368,859895,335072,276.64,276.18,1194967,3304242002,7281,5185,1971,2373155485,920094205,857701,332273,276.69,276.91,1189974,3293249690,7156,0.4,7.3,1.1,1149,675,421039,331441,1134698324,933285061,0.09,0.09,0.12,0.1,269.5,281.58,276.79,276.82
2025-01-08,21:05:00,SBER,276.75,276.79,276.71,276.74,0.0001,1206,3337591,96,276.75,-0.0036,45,51,1087688,2249904,393,813,-0.35,276.77,276.74,1,277,158,299,11992,10312,5177533079,4843674639,1871454,1749992,276.66,276.78,3621446,10021207719,22304,11932,10278,5175562681,4844859843,1870677,1750023,276.67,276.85,3620700,10020422524,22210,1.0,8.3,1.8,1145,674,420399,331848,1132906438,934401245,-0.34,-0.34,0.12,0.1,269.48,281.57,276.73,276.78
2025-01-08,21:10:00,SBER,276.74,276.78,276.66,276.74,0.0001,2555,7069504,92,276.69,0.0,39,53,1452806,5616698,525,2030,-0.59,276.73,276.68,8,132,123,286,12425,25161,4991220582,9426317119,1804597,3405994,276.58,276.76,5210591,14417537701,37586,12351,25128,4987632141,9425492455,1803059,3405298,276.62,276.79,5208357,14413124596,37479,1.0,8.6,2.5,1143,676,419879,330334,1131468277,930182841,-0.3,-0.3,0.12,0.1,269.47,281.59,276.68,276.75
2025-01-08,21:15:00,SBER,276.75,276.8,276.72,276.73,0.0001,873,2415973,52,276.74,-0.0072,33,19,1909563,506410,690,183,0.58,276.75,276.73,10,174,80,298,23098,25111,10603643533,10433994385,3832538,3769214,276.67,276.82,7601752,21037637919,48209,23060,25086,10601873517,10428758669,3831753,3767204,276.68,276.83,7598957,21030632186,48146,1.0,8.1,2.8,1146,679,419402,329178,1130182188,926936876,0.2,0.2,0.12,0.1,269.47,281.59,276.71,276.79
2025-01-08,21:20:00,SBER,276.72,276.73,276.63,276.65,0.0,3213,8889076,137,276.66,-0.0253,35,102,3981121,4907954,1439,1774,-0.1,276.66,276.66,4,34,79,293,564,23405,290431784,8791977143,105691,3178312,274.79,276.62,3284003,9082408927,23969,533,23306,300029828,8787473631,108526,3175544,276.46,276.72,3284070,9087503460,23839,0.6,7.9,1.7,1137,683,414063,331530,1115453062,933443258,0.15,0.15,0.11,0.09,269.39,281.56,276.64,276.69
2025-01-08,21:25:00,SBER,276.66,276.68,276.58,276.6,0.0,3822,10572420,150,276.62,-0.0217,53,97,3775949,6796471,1365,2457,-0.29,276.63,276.62,5,5,250,300,568,24133,291594827,11240873515,106072,4062511,274.9,276.7,4168583,11532468342,24701,490,24050,284047904,11239180820,102757,4061380,276.43,276.73,4164137,11523228725,24540,0.5,7.5,1.2,1133,686,412916,329614,1112280334,928084728,0.47,0.47,0.11,0.09,269.37,281.57,276.6,276.64
2025-01-08,21:30:00,SBER,276.6,276.72,276.59,276.7,0.0,8539,23624040,188,276.66,0.0362,135,53,14046607,9577432,5077,3462,0.19,276.67,276.64,7,249,26,299,1328,812,721795013,483957553,261150,174851,276.39,276.78,436001,1205752567,2140,1197,763,680022271,480585019,245924,173540,276.52,276.93,419464,1160607291,1960,0.4,7.7,0.9,1135,684,417056,323895,1123759223,912220489,0.13,0.13,0.13,0.1,269.45,281.64,276.64,276.67
2025-01-08,21:35:00,SBER,276.69,276.74,276.69,276.74,0.0,1699,4701471,74,276.72,0.0181,43,31,3669290,1032180,1326,373,0.56,276.72,276.72,11,86,11,289,383,408,133863863,195751276,48507,70939,275.97,275.94,119446,329615139,791,321,377,127827868,192231876,46215,69416,276.59,276.93,115631,320059745,698,0.4,7.4,0.9,1141,679,420542,321575,1133435164,905801318,-0.21,-0.21,0.13,0.11,269.52,281.68,276.71,276.74
2025-01-08,21:40:00,SBER,276.74,276.83,276.65,276.65,0.0001,7841,21695732,114,276.7,-0.0325,56,58,7195890,14499842,2600,5241,-0.34,276.77,276.66,3,81,273,291,6719,866,2372170387,479070951,858420,173180,276.34,276.63,1031600,2851241339,7585,6686,823,2368103825,455721165,855783,164567,276.72,276.92,1020350,2823824991,7509,1.0,7.9,1.7,1142,678,419890,321948,1131633105,906837615,0.08,0.08,0.13,0.11,269.51,281.67,276.72,276.77
2025-01-08,21:45:00,SBER,276.65,276.76,276.65,276.7,0.0001,1374,3802020,57,276.71,0.0181,23,34,498112,3303908,180,1194,-0.74,276.73,276.71,15,97,15,295,1461,39923,571856685,16489044370,206922,5958076,276.36,276.75,6164998,17060901056,41384,1409,39892,552500797,16480215197,199811,5954554,276.51,276.77,6154365,17032715995,41301,1.6,8.8,2.5,1137,681,417968,322275,1126319174,907757227,0.02,0.02,0.13,0.11,269.47,281.67,276.67,276.74
2025-01-08,21:50:00,SBER,276.7,276.76,276.68,276.75,0.0001,1275,3528458,71,276.74,0.0181,41,30,2617997,910462,946,329,0.48,276.74,276.74,6,21,188,297,416,2723,149704283,1273334060,54318,460122,275.61,276.74,514440,1423038344,3139,364,2694,155546923,1279538214,56256,462105,276.5,276.89,518361,1435085138,3058,0.6,8.5,1.9,1140,680,420878,323931,1134353853,912509766,-0.27,-0.27,0.13,0.11,269.52,281.7,276.71,276.76
2025-01-08,21:55:00,SBER,276.76,276.76,276.69,276.71,0.0001,1751,4845487,72,276.73,-0.0181,43,29,1566433,3279054,566,1185,-0.35,276.76,276.71,5,5,75,300,318,33975,112785226,12925611700,41231,4669787,273.54,276.79,4711018,13038396927,34293,265,33946,109283443,12922713665,39511,4668377,276.59,276.81,4707888,13031997109,34211,1.4,8.1,2.2,1139,679,418799,321252,1128656612,905040450,-0.06,-0.06,0.13,0.11,269.5,281.72,276.7,276.76
2025-01-08,22:00:00,SBER,276.71,276.81,276.66,276.78,0.0,5175,14321517,105,276.74,0.0253,60,45,7099013,7222504,2565,2610,-0.01,276.76,276.72,12,230,70,299,8258,57631,3029185028,27432278910,1095917,9910489,276.41,276.8,11006406,30461463938,65889,8201,57587,3019097311,27424098406,1091336,9906046,276.64,276.84,10997382,30443195718,65788,0.8,8.6,1.6,1138,679,419266,321061,1129949964,904509790,0.15,0.15,0.13,0.11,269.51,281.73,276.73,276.77
2025-01-08,22:05:00,SBER,276.74,276.88,276.74,276.88,0.0,2183,6042882,67,276.82,0.0506,48,19,4631196,1411686,1673,510,0.53,276.82,276.8,4,293,4,294,7590,7646,3539052231,3576029537,1279037,1291593,276.7,276.87,2570630,7115081768,15236,7532,7608,3520524161,3579405938,1272178,1292630,276.73,276.91,2564808,7099930100,15140,0.4,7.8,1.4,1144,675,421105,318485,1135039571,896945758,0.22,0.22,0.14,0.12,269.54,281.63,276.78,276.82
2025-01-08,22:10:00,SBER,276.89,276.9,276.83,276.86,0.0,13909,38508283,122,276.86,-0.0108,80,42,34543864,3964418,12477,1432,0.79,276.86,276.84,4,239,48,297,562,17925,319312562,8342444702,117134,3013462,272.6,276.84,3130596,8661757264,18487,505,17869,330889640,8309691545,119587,3000598,276.69,276.93,3120185,8640581185,18374,0.5,7.6,1.2,1149,671,420431,320852,1133180382,903502299,0.02,0.02,0.13,0.11,269.53,281.6,276.84,276.88
2025-01-08,22:15:00,SBER,276.86,276.86,276.8,276.8,0.0,2152,5957311,70,276.83,-0.0217,38,32,423576,5533736,153,1999,-0.86,276.85,276.83,4,4,220,299,10465,255,4423780234,164852185,1598635,61073,276.72,269.93,1659708,4588632419,10720,10407,226,4380282950,161723650,1582754,58377,276.75,277.03,1641131,4542006601,10633,0.6,8.0,1.2,1147,672,421191,317732,1135219540,894863390,0.37,0.37,0.14,0.12,269.52,281.64,276.81,276.85
2025-01-08,22:20:00,SBER,276.82,276.83,276.8,276.83,0.0,3504,9699303,66,276.81,0.0036,37,29,3368882,6330422,1217,2287,-0.31,276.82,276.8,10,31,30,283,3695,339,1468207861,225749310,530794,81668,276.61,276.42,612462,1693957171,4034,3662,307,1459488073,217212640,527380,78420,276.74,276.99,605800,1676700713,3969,0.6,7.3,1.4,1146,673,430592,318163,1161070279,896046676,0.17,0.17,0.15,0.13,269.64,281.63,276.79,276.83
2025-01-08,22:25:00,SBER,276.83,276.9,276.8,276.87,0.0,3373,9338386,75,276.86,0.0144,50,25,6564654,2773733,2371,1002,0.41,276.87,276.82,26,138,64,293,1216,379,583715169,226723794,212601,82688,274.56,274.19,295289,810438963,1595,1184,354,576774388,222638017,208444,80366,276.7,277.03,288810,799412405,1538,0.7,7.5,1.6,1147,669,434647,317146,1172304682,893220050,-0.2,-0.2,0.16,0.14,269.71,281.64,276.83,276.88
2025-01-08,22:30:00,SBER,276.87,276.98,276.86,276.95,0.0,4884,13525392,114,276.93,0.0289,85,29,12057845,1467547,4354,530,0.78,276.94,276.9,15,271,66,291,375,1799,188811913,687692187,68313,248504,276.39,276.73,316817,876504100,2174,320,1749,185182156,680574477,66919,245705,276.73,276.99,312624,865756634,2069,0.4,7.6,1.0,1151,665,433137,316498,1168150864,891431562,0.27,0.27,0.16,0.13,269.69,281.65,276.9,276.93
2025-01-08,22:35:00,SBER,276.95,276.95,276.8,276.81,0.0,3895,10784916,89,276.89,-0.0506,36,53,3181790,7603126,1149,2746,-0.41,276.92,276.88,5,5,189,287,343,9967,173134956,4566660151,63002,1649435,274.81,276.86,1712437,4739795108,10310,302,9933,170382750,4559876548,61580,1646806,276.69,276.89,1708386,4730259298,10235,0.7,8.6,1.7,1147,666,430283,315374,1160241664,888320915,-0.07,-0.07,0.15,0.13,269.65,281.67,276.86,276.91
2025-01-08,22:40:00,SBER,276.82,276.97,276.81,276.95,0.0,3307,9158160,82,276.93,0.047,54,28,7020190,2137970,2535,772,0.53,276.93,276.94,2,199,3,297,731,40982,391895399,18893754386,142932,6820897,274.18,277.0,6963829,19285649786,41713,680,40940,378593196,18883987090,136818,6816789,276.71,277.02,6953607,19262580287,41620,0.7,8.4,1.2,1151,663,431411,314771,1163378451,886659648,0.18,0.18,0.16,0.13,269.67,281.68,276.91,276.94
2025-01-08,22:45:00,SBER,276.96,276.98,276.96,276.98,0.0,1647,4561756,57,276.97,0.0072,38,19,3570205,991551,1289,358,0.57,276.97,276.97,39,74,39,277,2815,4150,1200881318,1927634026,433991,695769,276.71,277.05,1129760,3128515344,6965,2775,4123,1197123992,1931644106,432405,697159,276.85,277.07,1129564,3128768099,6898,0.4,8.1,0.6,1155,658,431846,314088,1164604788,884770497,-0.72,-0.72,0.16,0.14,269.68,281.69,276.96,276.98
2025-01-08,22:50:00,SBER,276.98,276.98,276.9,276.94,0.0,2405,6660639,73,276.95,-0.0144,24,49,2212911,4447728,799,1606,-0.34,276.96,276.94,2,2,236,297,484,1217,256497252,566081781,92842,204890,276.27,276.29,297732,822579034,1701,457,1176,252922977,560141092,91373,202122,276.8,277.13,293495,813064070,1633,0.6,8.3,1.6,1152,658,431895,312177,1164738427,879449717,-0.73,-0.73,0.16,0.14,269.68,281.72,276.92,276.96
2025-01-08,22:55:00,SBER,276.94,276.95,276.83,276.85,0.0001,2287,6331837,79,276.86,-0.0325,46,33,2187413,4144424,790,1497,-0.31,276.89,276.85,2,4,111,293,300,4209,172165606,2029954001,62384,734387,275.98,276.41,796771,2202119607,4509,244,4172,170117738,2024469516,61486,730995,276.68,276.95,792481,2194587254,4416,0.7,8.0,1.3,1147,665,430531,312482,1160958842,880272279,0.15,0.15,0.16,0.14,269.66,281.7,276.84,276.88
2025-01-08,23:00:00,SBER,276.83,276.87,276.83,276.87,0.0,1385,3834261,56,276.84,0.0144,26,30,1223678,2610583,442,943,-0.36,276.85,276.84,13,297,13,297,183,167,98835094,113479825,35891,41129,275.38,275.91,77020,212314919,350,152,138,102851750,116203617,37169,41941,276.71,277.06,79110,219055367,290,0.4,7.1,0.8,1147,668,429253,312223,1157421977,879544532,-0.23,-0.23,0.16,0.14,269.64,281.7,276.83,276.86
2025-01-08,23:05:00,SBER,276.84,276.9,276.83,276.9,0.0,1128,3123256,65,276.88,0.0217,44,21,2663668,459588,962,166,0.71,276.89,276.86,1,168,1,294,248,268,124677339,159470632,45195,57622,275.87,276.75,102817,284147971,516,213,251,126530777,159964990,45733,57739,276.67,277.05,103472,286495767,464,0.7,7.9,1.7,1148,666,426556,311280,1149981358,876924325,-0.06,-0.06,0.16,0.13,269.6,281.71,276.84,276.89
2025-01-08,23:10:00,SBER,276.86,276.98,276.86,276.94,0.0001,1972,5461153,80,276.93,0.0289,51,29,4912889,548265,1774,198,0.8,276.94,276.9,4,297,4,297,287,301,178077185,176091526,65792,63700,270.67,276.44,129492,354168712,588,232,265,172349863,168112502,62285,60667,276.71,277.11,122952,340462365,497,0.7,7.6,2.0,1152,664,426720,311292,1150448646,876987672,-0.66,-0.66,0.16,0.13,269.6,281.72,276.88,276.93
2025-01-08,23:15:00,SBER,276.95,276.98,276.84,276.85,0.0,4299,11902255,129,276.86,-0.0361,31,98,742089,11160166,268,4031,-0.88,276.9,276.86,7,30,127,263,351,863,239170338,497758806,86552,181036,276.33,274.95,267588,736929145,1214,309,786,244367925,498769231,88592,180037,275.84,277.04,268629,743137156,1095,0.7,8.1,1.7,1151,667,431281,311453,1163113351,877449525,0.18,0.18,0.16,0.14,269.69,281.73,276.86,276.91
2025-01-08,23:20:00,SBER,276.85,276.94,276.83,276.87,0.0,5077,14057243,150,276.88,0.0072,52,98,8448284,5608959,3051,2026,0.2,276.9,276.85,8,137,259,281,245,560,163251063,341876940,61070,123645,267.32,276.5,184715,505128003,805,208,451,161013277,319268443,58198,115249,276.66,277.02,173447,480281721,659,0.9,8.2,1.9,1148,668,421845,311774,1137750212,878325475,0.0,0.0,0.15,0.13,269.71,281.72,276.84,276.9
2025-01-08,23:25:00,SBER,276.85,276.9,276.83,276.89,0.0,2308,6390146,113,276.87,0.0144,35,78,3170324,3219821,1145,1163,-0.01,276.88,276.85,6,197,78,282,152,267,114087327,147194711,41760,53473,273.2,275.27,95233,261282038,419,118,184,114160888,147532487,41260,53251,276.69,277.05,94511,261693376,302,1.0,8.1,1.6,1145,671,419485,311045,1131235006,876303146,0.48,0.48,0.15,0.13,269.67,281.73,276.85,276.89
2025-01-08,23:30:00,SBER,276.9,276.95,276.87,276.94,0.0001,3556,9846636,69,276.9,0.0144,43,26,3444934,6401702,1244,2312,-0.3,276.92,276.89,1,113,8,300,198,190,165472707,143625816,59964,53913,275.95,266.4,113877,309098524,388,164,177,144149150,134636127,52167,48586,276.32,277.11,100753,278785278,341,1.0,8.7,1.6,1144,666,422024,311539,1138349701,877691304,0.29,0.29,0.15,0.13,269.74,281.73,276.89,276.93
2025-01-08,23:35:00,SBER,276.9,276.95,276.83,276.93,0.0001,5007,13864204,79,276.9,0.0108,43,36,5801759,8062445,2095,2912,-0.16,276.93,276.87,2,153,9,287,207,350,154935139,257219364,57790,95002,268.1,270.75,152792,412154503,557,167,311,159292527,255695517,57604,92287,276.53,277.07,149891,414988045,478,1.6,8.8,2.5,1143,663,419994,311999,1132782040,878976768,-0.11,-0.11,0.15,0.13,269.71,281.72,276.87,276.93
2025-01-08,23:40:00,SBER,276.94,276.98,276.75,276.79,0.0001,13667,37840609,168,276.88,-0.0542,51,117,13966537,23874072,5043,8624,-0.26,276.95,276.83,3,44,48,300,297,350,188438336,278992465,72946,108902,258.33,256.19,181848,467430802,647,232,317,172136735,269925637,62221,97408,276.65,277.11,159629,442062373,549,1.7,10.4,3.3,1138,664,416705,306818,1123759730,864607478,-0.37,-0.37,0.15,0.13,269.68,281.8,276.83,276.92
2025-01-08,23:45:00,SBER,276.78,276.9,276.72,276.81,0.0001,11543,31950781,131,276.8,0.0108,42,89,6486925,25463856,2343,9200,-0.59,276.86,276.78,7,9,289,293,208,289,81873367,162706804,30099,64574,272.01,251.97,94673,244580172,497,129,250,83452941,156242860,30207,56397,276.27,277.04,86604,239695802,379,1.7,10.2,2.9,1133,668,413031,307717,1113629637,867056811,-0.13,-0.13,0.15,0.12,269.62,281.77,276.79,276.86
2025-01-08,23:50:00,SBER,276.81,277.06,276.73,277.0,0.0001,23161,64138292,246,276.92,0.0686,163,83,45274287,18864005,16349,6812,0.41,276.92,276.92,1,259,143,294,184,250,94580119,108338849,35907,41051,263.4,263.91,76958,202918968,434,302,281,91765643,193555904,33404,68459,274.71,282.73,101863,285321548,583,1.3,12.4,2.4,1118,652,402775,278445,1085702372,783623513,0.29,0.29,0.18,0.16,269.56,281.4,276.88,276.94
2025-01-09,10:05:00,SBER,276.89,278.0,276.45,277.99,0.0001,137671,381754840,2641,277.3,0.3973,1526,1115,232310085,149444756,83741,53930,0.22,277.41,277.11,1,287,49,300,25944,36805,11209366652,16479850185,4095258,5960750,273.72,276.47,10056008,27689216837,62749,24651,35017,10890350530,16175810366,3933729,5834726,276.85,277.23,9768455,27066160896,59668,1.2,9.0,2.3,861,628,262147,198971,710034748,568416841,0.22,0.22,0.14,0.11,270.85,285.69,277.26,277.32
2025-01-09,10:10:00,SBER,277.99,278.77,277.71,278.26,0.0001,131825,366830565,2136,278.27,0.0971,1308,828,232902509,133928056,83699,48126,0.27,278.26,278.29,1,172,44,300,9115,12449,5106888792,6950889605,1862965,2510381,274.13,276.89,4373346,12057778397,21564,8131,10892,4825731098,6509512948,1736987,2337406,277.82,278.49,4074393,11335244046,19023,1.0,8.6,1.9,926,595,278031,213489,754259251,609531742,-0.06,-0.06,0.13,0.11,271.28,285.55,278.21,278.26
2025-01-09,10:15:00,SBER,278.27,278.3,277.97,278.0,0.0,47783,132869109,967,278.07,-0.097,381,586,49729846,83139263,17883,29900,-0.25,278.08,278.06,2,3,280,300,3397,4080,2027804068,2375254676,734526,863197,276.07,275.17,1597723,4403058745,7477,2839,3334,1916707452,2228908957,689972,800898,277.79,278.3,1490870,4145616410,6173,0.8,8.1,1.3,924,636,282674,255471,766950538,726923524,-0.04,-0.04,0.05,0.03,271.32,284.54,278.07,278.11
2025-01-09,10:20:00,SBER,278.0,278.01,277.33,277.33,0.0001,48194,133824424,1135,277.68,-0.241,396,739,40883738,92940686,14722,33472,-0.39,277.71,277.67,1,1,299,300,7302,4563,5176471829,3261151941,1869179,1191815,276.94,273.63,3060994,8437623771,11865,6703,3898,5077931105,3141949771,1830491,1130431,277.41,277.94,2960922,8219880877,10601,1.1,8.4,2.2,903,675,280018,271754,758989943,772260572,0.33,0.33,0.02,-0.01,271.05,284.18,277.62,277.68
2025-01-09,10:25:00,SBER,277.33,277.63,277.05,277.08,0.0001,59615,165350557,1112,277.36,-0.0901,497,615,77371683,87978874,27887,31728,-0.06,277.45,277.29,1,144,283,298,6639,5597,4435674496,4640667858,1605174,1692981,276.34,274.11,3298155,9076342355,12236,5991,5029,4311784831,4615339425,1555665,1662598,277.17,277.6,3218263,8927124257,11020,1.1,8.5,1.9,905,692,281204,271702,761527751,772151186,-0.11,-0.11,0.02,-0.01,270.81,284.2,277.44,277.5
2025-01-09,10:30:00,SBER,277.1,277.4,276.22,276.38,0.0001,111240,307798569,1975,276.7,-0.2598,630,1345,95224511,212574058,34412,76828,-0.38,276.72,276.69,1,54,252,300,26833,44456,13387169145,42832567704,4848916,15490489,276.09,276.51,20339405,56219736849,71289,25867,43389,13147358152,42630205302,4756371,15381048,276.42,277.16,20137419,55777563454,69256,1.1,8.7,2.4,875,733,267435,267069,723032854,759129347,-0.06,-0.06,0.0,-0.02,270.36,284.25,276.8,276.87
2025-01-09,10:35:00,SBER,276.43,276.61,275.32,275.65,0.0001,129883,358288526,2482,275.85,-0.2822,831,1651,143157485,215131041,51882,78001,-0.2,275.93,275.81,1,1,214,300,51422,40280,23433529198,26209235974,8523192,9537803,274.94,274.79,18060995,49642765172,91702,49939,39094,23171396318,25973937111,8403938,9408241,275.72,276.08,17812179,49145333430,89033,1.1,8.4,2.0,841,774,253852,275867,684828267,783278178,0.02,0.02,-0.04,-0.07,269.77,283.93,275.85,275.9
2025-01-09,10:40:00,SBER,275.66,276.2,275.17,275.2,0.0001,77030,212403440,1631,275.74,-0.1669,806,825,105107503,107295938,38102,38928,-0.01,275.86,275.63,1,99,300,300,26356,60309,12239176459,31619178870,4462523,11487977,274.27,275.24,15950500,43858355329,86665,25386,59533,12057548272,31471466453,4375952,11410106,275.54,275.82,15786058,43529014725,84919,0.8,8.3,1.9,861,793,272582,283059,735509767,803228699,-0.11,-0.11,-0.02,-0.04,269.83,283.77,275.72,275.77
2025-01-09,10:45:00,SBER,275.19,275.37,274.72,275.0,0.0,142151,390990717,3360,275.05,-0.069,1081,2279,136182634,254808083,49498,92653,-0.3,275.13,275.01,1,193,53,300,32290,39779,16366132968,19062199079,5962107,6954032,274.5,274.12,12916139,35428332047,72069,31020,37564,16021703551,18704088396,5826533,6795106,274.98,275.26,12621639,34725791948,68584,0.6,7.9,1.5,833,830,280094,300366,754894560,850920429,-0.15,-0.15,-0.04,-0.06,269.51,283.3,275.09,275.13
2025-01-09,10:50:00,SBER,275.0,275.8,274.89,275.72,0.0001,90751,249947260,1245,275.42,0.2618,773,472,161790986,88156274,58735,32016,0.29,275.46,275.35,1,206,47,300,88185,17660,40833820643,10888130782,14848641,3975334,275.0,273.89,18823975,51721951425,105845,87365,16988,40624817129,10778647332,14749355,3912345,275.43,275.5,18661700,51403464461,104353,0.9,8.5,2.6,874,824,287490,303319,774945681,859306775,-0.19,-0.19,-0.03,-0.05,269.55,283.3,275.44,275.51
2025-01-09,10:55:00,SBER,275.72,275.76,275.08,275.27,0.0001,35774,98541179,790,275.45,-0.1632,334,456,39065622,59475557,14178,21596,-0.21,275.54,275.4,4,148,272,300,57107,39321,27095425012,19628769316,9844093,7137581,275.25,275.01,16981674,46724194328,96428,56684,38871,27047853249,19565312563,9818369,7102183,275.48,275.48,16920552,46613165812,95555,1.3,8.8,2.8,882,834,289393,295685,780075452,838368050,-0.02,-0.02,-0.01,-0.04,269.55,283.53,275.49,275.57
2025-01-09,11:00:00,SBER,275.21,275.29,274.52,274.75,0.0001,92544,254354358,1849,274.85,-0.1671,591,1258,80610245,173744114,29332,63212,-0.37,274.82,274.86,1,12,177,300,10797,31229,6301249550,15154305003,2301508,5526633,273.79,274.21,7828141,21455554553,42026,9920,30182,6048333050,14907142311,2202462,5419930,274.62,275.04,7622392,20955475361,40102,1.0,8.4,2.1,841,855,287208,303882,773465008,860837522,0.28,0.28,-0.03,-0.05,269.29,283.28,274.84,274.9
2025-01-09,11:05:00,SBER,274.73,274.95,274.03,274.75,0.0001,144964,397853133,1910,274.45,0.0073,806,1104,166812268,231040865,60769,84195,-0.16,274.5,274.41,1,229,138,300,66220,31619,32170401016,16698224077,11731844,6117669,274.21,272.95,17849513,48868625094,97839,65108,30724,31791614332,16422745655,11581429,5979289,274.51,274.66,17560718,48214359988,95832,0.7,8.3,2.2,821,891,293534,326556,790028827,923387255,-0.12,-0.12,-0.05,-0.08,269.13,282.77,274.49,274.55
2025-01-09,11:10:00,SBER,274.77,275.46,274.56,275.35,0.0,47638,130995040,896,274.98,0.2111,564,332,77252341,53742699,28087,19551,0.18,275.05,274.88,1,230,129,300,62102,34164,27992063210,22178040372,10203633,8069075,274.33,274.85,18272708,50170103583,96266,61586,33663,27906703601,22077051036,10151675,8019374,274.9,275.3,18171049,49983754637,95249,0.7,8.6,1.9,859,880,313889,331181,845952672,936676578,-0.1,-0.1,-0.03,-0.05,269.51,282.83,274.96,275.01
2025-01-09,11:15:00,SBER,275.35,275.38,274.85,274.93,0.0,29327,80695682,589,275.16,-0.1525,258,331,32696646,47999036,11882,17445,-0.19,275.18,275.14,1,8,116,300,9694,31286,5094437660,24255596206,1861197,8814248,273.72,275.19,10675445,29350033866,40980,9341,30915,5036937498,24177559869,1832602,8783009,274.85,275.28,10615611,29214497367,40256,0.7,8.4,2.0,876,880,314546,338952,847936546,958439073,-0.23,-0.23,-0.04,-0.06,269.57,282.77,275.04,275.1
2025-01-09,11:20:00,SBER,274.87,275.0,274.5,274.98,0.0,39235,107793650,709,274.74,0.04,299,410,36006744,71786906,13105,26130,-0.33,274.76,274.73,3,281,84,300,15998,28282,8021411044,19848265131,2925830,7226495,274.16,274.66,10152325,27869676176,44280,15588,27891,7910969727,19790729603,2880536,7197190,274.64,274.98,10077726,27701699331,43479,0.6,8.2,1.5,868,903,327022,339867,881404063,960888112,0.4,0.4,-0.02,-0.04,269.52,282.73,274.76,274.8
2025-01-09,11:25:00,SBER,274.98,275.8,274.78,275.68,0.0,54472,149982850,980,275.34,0.2546,683,297,112060903,37921947,40696,13776,0.49,275.36,275.28,5,284,32,300,28704,38627,13901664734,31409836923,5077435,11416432,273.79,275.13,16493867,45311501657,67331,28216,38126,13804731772,31299760584,5019240,11372933,275.04,275.21,16392173,45104492357,66342,0.7,8.3,2.0,895,879,339764,333480,916379970,943471870,-0.05,-0.05,0.01,-0.02,269.7,282.92,275.18,275.24
2025-01-09,11:30:00,SBER,275.67,275.67,275.07,275.3,0.0001,38258,105370338,564,275.42,-0.1342,221,343,21025734,84344605,7634,30624,-0.6,275.42,275.42,1,1,59,300,34279,20174,15717064365,9720536752,5715307,3531785,275.0,275.23,9247092,25437601117,54453,33912,19823,15636679371,9578660706,5680824,3476164,275.25,275.55,9156988,25215340077,53735,0.9,8.5,2.3,911,867,334775,339920,902932729,961482181,0.16,0.16,-0.01,-0.03,269.71,282.86,275.4,275.47
2025-01-09,11:35:00,SBER,275.31,275.35,274.91,275.16,0.0001,18146,49929901,466,275.16,-0.0545,216,250,26024616,23905285,9457,8689,0.04,275.19,275.12,1,4,62,300,27038,40773,12584760534,18493594341,4582864,6721598,274.6,275.14,11304462,31078354875,67811,26737,40514,12544675087,18502688983,4561410,6721290,275.02,275.28,11282700,31047364070,67251,1.0,8.5,2.6,904,889,332167,344349,895859417,973625365,-0.08,-0.08,-0.02,-0.04,269.7,282.74,275.12,275.2
2025-01-09,11:40:00,SBER,275.14,275.24,274.54,274.54,0.0001,33073,90880827,720,274.79,-0.2181,220,500,31080978,59799850,11313,21760,-0.32,274.74,274.82,1,9,150,300,12309,49808,6111524492,23799721258,2230046,8672746,274.05,274.42,10902792,29911245750,62117,11843,49526,5979025846,23723441812,2177618,8630592,274.57,274.88,10808210,29702467658,61369,0.8,8.4,2.0,881,899,334718,341444,902445954,965218461,-0.25,-0.25,-0.01,-0.03,269.61,282.69,274.77,274.83
2025-01-09,11:45:00,SBER,274.54,274.78,274.07,274.08,0.0,49289,135256846,997,274.42,-0.1676,316,681,31690624,103566223,11547,37742,-0.53,274.45,274.41,1,94,283,300,21295,11286,10039418822,5625460498,3663401,2056490,274.05,273.55,5719891,15664879321,32581,20807,10813,9978726156,5512430515,3635754,2006730,274.46,274.7,5642484,15491156672,31620,0.7,8.1,1.3,859,915,354857,348174,957378013,983881414,0.22,0.22,0.01,-0.01,269.79,282.58,274.48,274.52
2025-01-09,11:50:00,SBER,274.08,274.47,274.0,274.18,0.0,63759,174792712,1220,274.15,0.0365,448,772,49611121,125181591,18091,45668,-0.43,274.23,274.11,1,133,16,300,29979,23164,14109294745,11348574696,5153633,4149901,273.77,273.47,9303534,25457869442,53143,29239,22597,13953459754,11221381746,5089305,4089011,274.17,274.43,9178316,25174841501,51836,0.8,8.2,2.0,845,932,339768,350826,915572682,991134814,-0.13,-0.13,-0.02,-0.04,269.47,282.51,274.22,274.27
2025-01-09,11:55:00,SBER,274.17,274.27,273.61,274.13,0.0001,79691,218340433,1299,273.98,-0.0146,464,835,78802810,139537623,28758,50933,-0.28,274.02,273.96,1,146,63,300,19636,17769,9600756881,8190754510,3517192,3006888,272.97,272.4,6524080,17791511391,37405,18907,17208,9322658015,8022676826,3405085,2926336,273.79,274.15,6331421,17345334842,36115,0.7,8.5,1.6,831,948,347427,355898,935415251,1004883099,0.18,0.18,-0.01,-0.04,269.23,282.35,274.01,274.05
2025-01-09,12:00:00,SBER,274.13,274.56,274.05,274.52,0.0001,37850,103845901,683,274.36,0.1423,467,216,81036528,22809373,29534,8316,0.56,274.38,274.28,1,275,68,296,31566,17893,14709053135,7521087152,5376804,2745257,273.56,273.97,8122061,22230140287,49459,31115,17534,14488492544,7453120919,5282710,2716296,274.26,274.39,7999006,21941613463,48649,0.7,8.1,1.8,849,946,397809,352382,1071242195,995304008,-0.13,-0.13,0.06,0.04,269.29,282.45,274.26,274.31
2025-01-09,12:05:00,SBER,274.55,274.55,274.4,274.48,0.0,23012,63157795,456,274.46,-0.0255,204,252,14659577,48498218,5341,17671,-0.54,274.47,274.45,1,1,249,299,7560,24927,6080271978,13624143674,2218976,4966064,274.01,274.34,7185040,19704415652,32487,7318,24620,5965365138,13561708019,2175484,4939101,274.21,274.58,7114585,19527073158,31938,0.5,7.7,1.2,865,943,448834,351914,1210185670,994068571,0.33,0.33,0.12,0.1,269.63,282.47,274.45,274.49
2025-01-09,12:10:00,SBER,274.46,274.79,274.44,274.79,0.0001,28801,79103800,572,274.66,0.1202,364,208,49251134,29852666,17931,10870,0.25,274.67,274.63,3,299,46,299,17644,49366,8344247439,23950423159,3053657,8719574,273.25,274.67,11773231,32294670598,67010,17316,49028,8314141504,23867934627,3028415,8688955,274.54,274.69,11717370,32182076132,66344,1.2,8.7,2.2,882,930,465902,352301,1256875617,995209071,-0.02,-0.02,0.14,0.12,269.77,282.49,274.62,274.68
2025-01-09,12:15:00,SBER,274.79,274.81,274.04,274.05,0.0001,24751,67900514,635,274.33,-0.2693,202,433,7658648,60241866,2789,21962,-0.77,274.6,274.3,1,5,279,300,18343,41038,7094769659,17247732638,2587319,6285646,274.21,274.4,8872965,24342502297,59381,18004,40706,7077079415,17164497389,2580393,6252276,274.26,274.53,8832669,24241576804,58710,0.8,8.2,1.9,875,941,462896,359310,1248673149,1014537280,0.29,0.29,0.13,0.1,269.75,282.36,274.43,274.48
2025-01-09,12:20:00,SBER,274.04,274.05,273.19,273.36,0.0,143957,393895520,1861,273.62,-0.2481,502,1359,63106320,330789200,23069,120888,-0.68,273.55,273.63,1,2,203,300,18859,21269,9411506396,10767744724,3451334,3977327,272.69,270.73,7428661,20179251121,40128,18006,20401,9243032719,10528384510,3380719,3845433,273.4,273.79,7226152,19771417230,38407,1.0,8.2,1.7,809,981,400120,365627,1076562323,1031654542,0.28,0.28,0.04,0.02,269.04,282.16,273.57,273.61
2025-01-09,12:25:00,SBER,273.39,273.71,273.06,273.09,0.0,72050,196900238,1031,273.28,-0.1097,399,632,43427424,153472814,15886,56164,-0.56,273.37,273.26,1,58,297,299,23540,23598,11837257186,11774947621,4339157,4317729,272.8,272.71,8656886,23612204807,47138,22954,23116,11705651170,11606721735,4282120,4245153,273.36,273.41,8527273,23312372905,46070,0.7,7.8,1.5,793,1002,385765,367459,1036776600,1036457772,0.08,0.08,0.02,0.0,268.76,282.06,273.28,273.32
2025-01-09,12:30:00,SBER,273.1,273.66,273.02,273.44,0.0001,70839,193545199,1033,273.22,0.1245,613,420,98772870,94772329,36146,34693,0.02,273.26,273.17,1,238,174,298,39974,33918,17576663682,16095192824,6439022,5897001,272.97,272.94,12336023,33671856506,73892,39299,33438,17473485870,15941209096,6394069,5828786,273.28,273.49,12222855,33414694967,72737,1.0,8.4,2.0,797,1012,364186,367691,977361283,1036990146,-0.13,-0.13,0.0,-0.03,268.37,282.03,273.27,273.33
2025-01-09,12:35:00,SBER,273.44,273.45,272.51,272.52,0.0001,109024,297459664,1633,272.84,-0.3365,531,1102,77163768,220295896,28291,80733,-0.48,272.75,272.87,1,33,218,300,25039,56182,11263852680,43146474397,4136291,15848085,272.32,272.25,19984376,54410327077,81221,24132,55603,11058515805,42903629563,4051991,15719934,272.92,272.92,19771925,53962145368,79735,1.0,8.4,1.9,770,1037,337626,392520,904598814,1104581620,0.01,0.01,-0.08,-0.1,267.92,281.42,272.85,272.9
2025-01-09,12:40:00,SBER,272.54,272.76,272.51,272.75,0.0,44520,121356322,813,272.59,0.0771,489,324,70510840,50845482,25866,18654,0.16,272.6,272.57,1,290,3,300,13046,23074,6618809793,24568541452,2441541,9009701,271.09,272.69,11451242,31187351245,36120,12379,22677,6439534313,24518359575,2363125,8986210,272.5,272.84,11349335,30957893888,35056,0.5,7.7,1.0,753,1051,362754,405033,972001156,1138446280,0.2,0.2,-0.06,-0.08,267.95,281.08,272.59,272.62
2025-01-09,12:45:00,SBER,272.75,272.84,272.16,272.5,0.0001,71040,193521869,1232,272.41,-0.0917,574,658,92218318,101303552,33856,37184,-0.05,272.38,272.44,1,8,96,299,30332,35880,14156655247,40303801513,5205982,14783120,271.93,272.63,19989102,54460456761,66212,29530,35457,13990669792,40102800633,5137068,14702760,272.35,272.76,19839828,54093470426,64987,0.8,8.4,2.2,747,1048,366729,410568,982526871,1153680897,-0.27,-0.27,-0.06,-0.08,267.91,281.0,272.39,272.45
2025-01-09,12:50:00,SBER,272.5,272.76,272.4,272.66,0.0001,29051,79196111,629,272.61,0.0587,425,204,51349276,27846834,18835,10216,0.3,272.63,272.58,1,248,15,300,64136,69070,28217994660,101308613193,10358953,37148189,272.4,272.71,47507142,129526607853,133206,63627,68782,28142279370,101246519737,10327109,37121668,272.51,272.74,47448777,129388799107,132409,1.0,8.8,2.5,768,1049,385297,411603,1032775003,1156641328,-0.3,-0.3,-0.03,-0.06,268.05,281.01,272.56,272.63
2025-01-09,12:55:00,SBER,272.67,273.27,272.67,272.92,0.0,90545,247164066,1139,272.97,0.0917,838,301,214775603,32388462,78681,11864,0.74,272.97,273.0,1,214,1,299,77631,21495,34872363683,15640216061,12810951,5734074,272.21,272.76,18545025,50512579745,99126,76898,21061,34696485608,15536835685,12722258,5691765,272.72,272.97,18414023,50233321293,97959,0.6,7.9,1.8,800,1039,392301,392099,1051791542,1103515208,-0.32,-0.32,0.0,-0.02,268.11,281.46,272.92,272.97
2025-01-09,13:00:00,SBER,272.92,273.22,272.78,272.79,0.0001,41127,112280648,700,273.01,-0.0476,350,350,60243454,52037194,22064,19063,0.07,273.04,272.97,1,121,296,299,44576,9932,21882666292,5098447044,8023874,1872391,272.72,272.3,9896265,26981113336,54508,44171,9549,21739968612,4978238952,7965720,1822388,272.92,273.17,9788108,26718207565,53720,0.9,8.4,1.7,803,1038,396342,376374,1062449659,1060624528,-0.07,-0.07,0.03,0.0,268.06,281.8,273.02,273.06
2025-01-09,13:05:00,SBER,272.79,272.88,272.5,272.65,0.0001,26675,72743783,630,272.7,-0.0513,234,396,27400762,45343021,10046,16629,-0.25,272.75,272.67,1,55,23,298,18820,10891,8636843952,5382329638,3169385,1978504,272.51,272.04,5147889,14019173590,29711,18431,10618,8567537467,5336459946,3142553,1955589,272.63,272.88,5098142,13903997414,29049,0.9,8.7,2.5,787,1063,406924,387458,1091118337,1090889562,-0.08,-0.08,0.02,0.0,268.14,281.55,272.71,272.78
2025-01-09,13:10:00,SBER,272.64,272.92,272.5,272.7,0.0001,13858,37786156,433,272.67,0.022,183,250,19051080,18735076,6986,6872,0.01,272.7,272.63,2,212,82,300,4454,13882,2219762260,6699739929,817089,2457582,271.67,272.62,3274671,8919502190,18336,4153,13663,2155133728,6631104959,790857,2430699,272.51,272.81,3221556,8786238687,17816,0.8,8.4,2.1,788,1066,417210,389675,1118958334,1096993101,0.26,0.26,0.03,0.01,268.2,281.52,272.68,272.74
2025-01-09,13:15:00,SBER,272.75,272.75,272.39,272.42,0.0001,55269,150628814,633,272.54,-0.121,253,380,33550033,117078781,12309,42960,-0.55,272.57,272.53,2,2,294,300,3860,28364,2437843732,12092380003,897084,4448140,271.75,271.85,5345224,14530223735,32224,3479,28143,2372971948,11953964019,871120,4382443,272.4,272.77,5253563,14326935967,31622,1.0,8.2,1.7,782,1073,420683,412170,1128302971,1158542727,-0.33,-0.33,0.01,-0.01,268.21,281.08,272.59,272.63
2025-01-09,13:20:00,SBER,272.42,272.93,272.33,272.83,0.0001,29868,81422386,609,272.61,0.1505,345,264,55524445,25897941,20366,9502,0.36,272.63,272.55,1,290,13,300,15920,5916,7811124167,3455725813,2878193,1271641,271.39,271.75,4149834,11266849980,21836,15455,5640,7696571945,3433732208,2824560,1258583,272.49,272.83,4083143,11130304154,21095,1.0,8.8,2.0,780,1076,407288,410820,1091564882,1154798803,-0.43,-0.43,0.0,-0.03,268.01,281.1,272.49,272.55
2025-01-09,13:25:00,SBER,272.87,273.39,272.61,273.38,0.0001,36454,99529202,698,273.03,0.1869,522,176,80046696,19482507,29317,7137,0.61,273.04,272.98,2,300,31,300,24118,11674,11696832489,5647513163,4302405,2068544,271.87,273.02,6370949,17344345652,35792,23746,11333,11642150680,5600281322,4268416,2050314,272.75,273.14,6318730,17242432002,35079,0.7,7.8,1.2,820,1047,426681,390909,1144390019,1100400070,0.11,0.11,0.04,0.02,268.21,281.5,273.0,273.03
2025-01-09,13:30:00,SBER,273.38,274.12,273.38,274.0,0.0001,106074,290475273,1476,273.84,0.2268,877,599,212327055,78148218,77539,28535,0.46,273.83,273.87,1,83,1,299,28136,26502,17214523309,13451312664,6326343,4923399,272.11,273.21,11249742,30665835974,54638,27476,25648,17037236813,13243451355,6226173,4833674,273.64,273.98,11059847,30280688168,53124,0.9,8.0,1.4,864,980,428303,375025,1149940216,1057270059,-0.08,-0.08,0.07,0.04,268.49,281.92,273.87,273.91
2025-01-09,13:35:00,SBER,274.0,274.24,273.48,273.91,0.0001,41805,114508726,711,273.91,-0.0328,318,393,48655267,65853458,17753,24052,-0.15,274.07,273.8,1,232,44,298,46535,81059,20796194445,33913312992,7600400,12385448,273.62,273.82,19985848,54709507437,127594,46124,80696,20695447622,33806755971,7562160,12341580,273.67,273.93,19903740,54502203593,126820,1.0,8.7,2.3,868,983,444772,381717,1194795708,1075646056,0.06,0.06,0.07,0.05,268.6,281.79,273.87,273.93
2025-01-09,13:40:00,SBER,273.9,274.11,273.74,273.82,0.0001,23135,63377887,449,273.95,-0.0292,197,252,30620114,32757773,11176,11959,-0.03,273.98,273.92,2,65,20,300,15804,89911,12424789114,43035383965,4541803,15708358,273.57,273.96,20250161,55460173079,105715,15568,89631,12362100292,42978134073,4516905,15682720,273.69,274.05,20199625,55340234366,105199,1.2,9.0,1.9,874,983,445810,394998,1197213994,1112386772,0.22,0.22,0.06,0.04,268.55,281.62,273.91,273.96
2025-01-09,13:45:00,SBER,273.82,273.82,273.4,273.77,0.0001,17323,47395749,500,273.6,-0.0183,175,325,12488712,34907036,4564,12759,-0.47,273.64,273.59,3,3,160,300,86685,18650,55892480321,8740212627,20441337,3196335,273.43,273.44,23637672,64632692949,105335,86394,18386,55828107768,8702033143,20416057,3178941,273.45,273.74,23594998,64530140912,104780,0.7,8.4,2.2,857,1003,444235,396739,1192732570,1117123532,0.0,0.0,0.06,0.03,268.49,281.58,273.61,273.67
2025-01-09,13:50:00,SBER,273.77,273.97,273.51,273.7,0.0001,9733,26644107,354,273.75,-0.0256,188,166,14833857,11810250,5418,4315,0.11,273.79,273.7,1,106,221,293,74234,36278,54019815130,16698644125,19752658,6100494,273.48,273.73,25853152,70718459256,110512,74018,36058,53995230771,16682221766,19739893,6092181,273.53,273.83,25832074,70677452537,110076,1.1,8.7,3.0,870,997,462666,396302,1242445757,1115976916,0.13,0.13,0.08,0.05,268.54,281.6,273.73,273.81
2025-01-09,13:55:00,SBER,273.71,273.92,273.5,273.5,0.0001,6768,18519090,318,273.63,-0.0767,153,165,8296409,10222681,3032,3736,-0.1,273.63,273.63,1,248,291,299,14954,27700,9705439163,12919493904,3550282,4720449,273.37,273.69,8270731,22624933068,42654,14773,27492,9696824537,12887829154,3546492,4708209,273.42,273.73,8254701,22584653692,42265,0.9,8.3,2.7,862,1007,458515,401737,1230973724,1130951727,0.13,0.13,0.07,0.04,268.47,281.52,273.59,273.66
2025-01-09,14:00:00,SBER,273.5,273.9,273.3,273.31,0.0001,28785,78740380,570,273.55,-0.0695,208,362,30129805,48610576,11009,17776,-0.24,273.68,273.46,1,86,277,300,69558,37259,51763721789,16878199235,18945023,6174829,273.23,273.34,25119852,68641921024,106817,69277,37015,51711177273,16826899579,18916383,6147471,273.37,273.72,25063854,68538076853,106292,1.3,9.3,2.6,861,1004,462486,403129,1241775996,1134807088,0.24,0.24,0.07,0.04,268.5,281.5,273.54,273.62
2025-01-09,14:05:00,SBER,273.3,273.95,273.3,273.9,0.0001,15895,43477643,425,273.53,0.2195,277,148,25441975,18035668,9298,6597,0.17,273.63,273.39,9,284,9,299,49555,38762,55832641509,24377725097,20438236,8906240,273.18,273.72,29344476,80210366607,88317,49211,38630,55867354081,24342491134,20447610,8889685,273.22,273.83,29337295,80209845215,87841,2.0,13.6,5.3,861,1001,455651,404648,1223285320,1138944214,-0.6,-0.6,0.06,0.04,268.47,281.47,273.44,273.58
2025-01-09,14:10:00,SBER,273.86,273.86,273.0,273.02,0.0001,46160,126067760,1172,273.11,-0.3067,410,762,52286678,73781083,19144,27016,-0.17,273.12,273.1,2,2,179,300,42542,56473,35075797925,28008383631,12850959,10244664,272.94,273.39,23095623,63084181557,99015,42133,55662,35034186584,27910206334,12831442,10204837,273.03,273.5,23036279,62944392918,97795,0.6,8.2,1.9,844,1014,422935,406971,1134680528,1145157736,0.09,0.09,0.02,0.0,268.29,281.39,273.11,273.16
2025-01-09,14:15:00,SBER,273.01,273.49,273.0,273.48,0.0001,20854,56979224,567,273.23,0.1722,365,202,40938969,16040254,14984,5870,0.44,273.22,273.26,4,287,9,295,24690,30465,13674488526,14854470310,5013853,5432572,272.73,273.43,10446425,28528958836,55155,24340,30182,13619668935,14821592654,4987083,5418045,273.1,273.56,10405128,28441261590,54522,1.2,8.9,2.5,850,1017,420396,407944,1127703385,1147842885,0.14,0.14,0.02,-0.01,268.25,281.37,273.22,273.29
2025-01-09,14:20:00,SBER,273.47,274.09,273.18,273.93,0.0001,27155,74303843,534,273.63,0.1682,338,196,58007375,16296468,21197,5958,0.56,273.66,273.52,1,290,142,300,33115,52602,20773665266,23921071270,7603165,8735859,273.22,273.83,16339024,44694736537,85717,32892,52310,20624043772,23869426415,7544190,8716052,273.38,273.86,16260242,44493470187,85202,1.2,8.9,2.9,863,1008,429584,408009,1152869115,1148116363,-0.09,-0.09,0.03,0.0,268.36,281.39,273.49,273.57
2025-01-09,14:25:00,SBER,273.92,274.42,273.87,274.26,0.0,42255,115839673,1016,274.14,0.1241,592,424,75118747,40720926,27397,14858,0.3,274.19,274.07,1,203,4,299,27655,58214,21466451925,26961841223,7844473,9834481,273.65,274.16,17678954,48428293148,85869,27178,57666,21411683458,26890312472,7817387,9806348,273.9,274.21,17623735,48301995930,84844,0.7,8.0,1.4,883,974,451926,398319,1214024600,1121664122,0.07,0.07,0.06,0.04,268.63,281.6,274.09,274.13
2025-01-09,14:30:00,SBER,274.25,274.25,273.63,273.88,0.0001,38538,105583503,554,273.97,-0.1349,232,322,33282150,72301353,12147,26391,-0.37,273.99,273.96,1,1,6,300,84215,41332,50156505931,21608183209,18323651,7905882,273.73,273.32,26229533,71764689141,125547,83888,40994,50092262461,21562440180,18298132,7866909,273.76,274.09,26165041,71654702641,124882,1.5,8.9,2.5,885,989,444342,404646,1193159510,1139140233,-0.07,-0.07,0.05,0.02,268.52,281.52,273.92,273.99
2025-01-09,14:35:00,SBER,273.83,273.95,273.62,273.78,0.0001,9300,25460296,293,273.77,-0.0183,139,154,14576292,10884003,5324,3976,0.14,273.78,273.74,7,19,249,300,162707,27238,103439039723,14902838730,37791189,5440647,273.71,273.92,43231836,118341878453,189945,162502,27067,103421432059,14869653128,37784693,5427579,273.71,273.96,43212272,118291085187,189569,1.7,9.3,3.2,882,997,439680,404300,1180539618,1137953823,0.06,0.06,0.04,0.02,268.5,281.46,273.74,273.83
2025-01-09,14:40:00,SBER,273.78,274.13,273.78,274.04,0.0001,12078,33096370,344,274.02,0.095,198,146,24804260,8292110,9052,3026,0.5,274.02,274.03,2,126,2,300,111621,24395,68915033701,13353707767,25172174,4872277,273.77,274.08,30044451,82268741469,136016,111433,24201,68889616813,13342084669,25157211,4866922,273.84,274.14,30024133,82231701483,135634,1.3,8.4,2.4,896,986,442225,405117,1187552306,1140270762,0.19,0.19,0.04,0.02,268.54,281.47,273.97,274.03
2025-01-09,14:45:00,SBER,274.04,274.1,273.76,273.91,0.0001,13697,37526722,561,273.98,-0.0474,159,402,13870266,23656456,5062,8635,-0.26,274.01,273.96,2,37,253,300,48700,7894,27186176555,3619848298,9929456,1326795,273.79,272.83,11256251,30806024854,56594,48509,7488,27127232222,3599225698,9906649,1312887,273.83,274.15,11219536,30726457920,55997,1.5,8.8,2.4,893,985,445599,408082,1196714306,1148418780,-0.02,-0.02,0.04,0.02,268.56,281.42,273.96,274.03
2025-01-09,14:50:00,SBER,273.91,273.93,273.61,273.64,0.0001,15240,41718959,365,273.75,-0.0986,133,232,10545950,31173009,3852,11388,-0.49,273.78,273.74,4,82,281,296,36273,38863,23224942153,16889248785,8487011,6170260,273.65,273.72,14657271,40114190938,75136,36067,38637,23207700946,16848335888,8480286,6153081,273.67,273.82,14633367,40056036834,74704,1.4,8.7,2.8,884,1000,451957,407548,1214050149,1147041339,0.29,0.29,0.05,0.03,268.62,281.45,273.76,273.84
2025-01-09,14:55:00,SBER,273.64,273.68,272.68,273.03,0.0001,84474,230827698,1100,273.25,-0.2229,342,758,59468528,171359170,21766,62708,-0.48,273.22,273.27,1,17,280,300,36491,53892,16438386308,26112356623,6022738,9559895,272.94,273.14,15582633,42550742932,90383,36067,53377,16338835621,25933970397,5984980,9481512,273.0,273.52,15466492,42272806019,89444,1.1,8.9,2.0,857,1021,424136,409610,1137889100,1152675622,0.18,0.18,0.02,-0.01,268.28,281.41,273.31,273.37
2025-01-09,15:00:00,SBER,273.0,273.13,272.56,272.77,0.0001,50285,137206341,978,272.86,-0.0842,377,601,78879679,58326662,28907,21378,0.15,272.87,272.83,4,178,119,299,30972,21100,13605855924,10428047275,4990349,3825538,272.64,272.59,8815887,24033903200,52072,30503,20522,13475258655,10328274031,4939532,3781285,272.8,273.14,8720817,23803532687,51025,1.3,9.1,2.7,828,1042,408486,408297,1095041994,1148927065,0.08,0.08,0.0,-0.02,268.07,281.4,272.85,272.92
2025-01-09,15:05:00,SBER,272.77,272.94,272.55,272.75,0.0001,41657,113592253,769,272.68,-0.0073,275,494,58210711,55381542,21347,20310,0.02,272.69,272.68,1,107,17,300,24429,62957,10291369950,25462736774,3778125,9343561,272.39,272.52,13121686,35754106725,87386,23987,62536,10206724224,25375669751,3744189,9300878,272.6,272.83,13045067,35582393975,86523,1.3,8.5,2.6,813,1045,410133,409464,1099454643,1152068132,0.11,0.11,0.0,-0.02,268.07,281.36,272.65,272.72
2025-01-09,15:10:00,SBER,272.75,273.33,272.7,273.26,0.0001,20486,55908268,436,272.91,0.187,250,186,39955152,15953116,14639,5847,0.43,272.94,272.84,1,284,112,299,41360,44682,18994241612,19612604244,6962810,7180705,272.8,273.13,14143515,38606845857,86042,41102,44445,18950950815,19553787999,6944634,7158785,272.89,273.14,14103419,38504738814,85547,1.5,9.0,2.7,831,1037,409717,412820,1098404542,1161354488,-0.23,-0.23,0.0,-0.03,268.09,281.32,272.9,272.98
2025-01-09,15:15:00,SBER,273.23,273.23,272.85,272.91,0.0001,9282,25342413,331,273.03,-0.1171,166,165,11005277,14337135,4031,5251,-0.13,273.02,273.04,1,1,255,299,12998,7209,5747090641,3667583680,2106558,1344078,272.82,272.87,3450636,9414674322,20207,12804,7004,5743143330,3637583581,2104921,1331698,272.84,273.15,3436619,9380726911,19808,0.8,8.3,1.8,840,1043,404267,415100,1083562694,1167676930,0.0,0.0,-0.01,-0.04,268.03,281.3,272.97,273.02
2025-01-09,15:20:00,SBER,272.91,272.96,272.27,272.32,0.0,54744,149177464,975,272.5,-0.2162,281,694,36481510,112695954,13386,41358,-0.51,272.53,272.49,3,42,244,299,36468,32187,16554062409,14217815926,6071980,5239817,272.63,271.34,11311797,30771878335,68655,36118,31721,16431120073,14155601212,6024767,5190544,272.73,272.72,11215311,30586721286,67839,0.9,8.6,1.9,802,1062,399582,416910,1070671793,1172551465,-0.19,-0.19,-0.02,-0.05,267.95,281.25,272.56,272.61
2025-01-09,15:25:00,SBER,272.33,272.77,272.3,272.6,0.0001,13372,36452324,530,272.6,0.0991,245,285,22976620,13475704,8428,4944,0.26,272.62,272.57,2,56,13,300,16680,13175,7721228406,5729825258,2837148,2101732,272.15,272.62,4938880,13451053664,29855,16394,12828,7682718889,5696456771,2819584,2088129,272.48,272.8,4907713,13379175660,29222,1.0,8.9,2.3,798,1067,402413,416895,1078342310,1172465475,-0.21,-0.21,-0.02,-0.04,267.97,281.24,272.56,272.63
2025-01-09,15:30:00,SBER,272.6,272.65,272.0,272.01,0.0,57756,157177711,1240,272.14,-0.2164,271,969,17601672,139576039,6463,51293,-0.78,272.35,272.12,3,5,282,300,24405,6098,12240636443,3713281034,4496914,1376781,272.2,269.71,5873695,15953917478,30503,23993,5697,12196790269,3501366575,4477697,1284742,272.39,272.53,5762439,15698156844,29690,0.7,8.1,1.2,786,1081,404680,441896,1084447073,1240826973,-0.05,-0.05,-0.04,-0.07,267.97,280.8,272.4,272.44
2025-01-09,15:35:00,SBER,272.02,272.05,271.4,271.44,0.0001,67370,183044670,1305,271.7,-0.2132,347,958,42486630,140558040,15639,51731,-0.54,271.67,271.71,1,4,287,299,8922,28351,4660486798,12187264117,1722590,4501110,270.55,270.76,6223700,16847750915,37273,8201,27783,4535615664,12062875830,1672052,4438458,271.26,271.78,6110510,16598491494,35984,0.9,8.0,1.5,738,1109,359900,450097,962399454,1262839454,0.0,0.0,-0.11,-0.14,267.41,280.57,271.71,271.75
2025-01-09,15:40:00,SBER,271.44,271.48,271.22,271.35,0.0,47900,129994727,970,271.39,-0.0332,397,573,54838896,75155831,20205,27695,-0.16,271.41,271.37,1,214,270,300,4254,32327,3043690730,14933753567,1129884,5512892,269.38,270.89,6642776,17977444297,36581,3606,31924,2857094875,14866247469,1053541,5476476,271.19,271.46,6530017,17723342345,35530,0.6,7.6,1.3,723,1119,380464,448936,1017638736,1259478257,0.08,0.08,-0.08,-0.11,267.47,280.55,271.36,271.4
2025-01-09,15:45:00,SBER,271.3,271.69,271.17,271.54,0.0001,38064,103283969,787,271.34,0.0885,392,395,58003744,45280226,21373,16691,0.12,271.39,271.29,3,221,134,299,9185,109523,4607746352,47703812426,1713165,17579909,268.96,271.35,19293074,52311558778,118708,8677,109135,4550325289,47638940827,1678087,17551321,271.16,271.43,19229408,52189266117,117812,1.3,8.5,2.5,723,1130,386472,448623,1033690948,1258331371,-0.06,-0.06,-0.07,-0.1,267.47,280.49,271.3,271.37
2025-01-09,15:50:00,SBER,271.61,271.61,271.33,271.42,0.0001,12679,34419629,426,271.47,-0.07,206,220,12485667,21933962,4599,8080,-0.27,271.49,271.46,1,1,50,300,17675,7918,8944809038,4112288514,3298462,1518285,271.18,270.85,4816747,13057097553,25593,17331,7667,8915847985,4066424478,3285876,1497003,271.34,271.64,4782879,12982272463,24998,1.0,8.5,2.3,738,1134,386796,452861,1034415572,1269759853,0.17,0.17,-0.08,-0.1,267.43,280.39,271.44,271.5
2025-01-09,15:55:00,SBER,271.41,271.43,271.09,271.18,0.0001,40875,110855954,828,271.21,-0.0847,316,512,44958065,65897889,16575,24300,-0.19,271.24,271.18,1,15,153,300,20310,54036,8753849451,23564714976,3240139,8697245,270.17,270.94,11937384,32318564428,74346,19906,53632,8703918655,23509510240,3210862,8662802,271.08,271.38,11873664,32213428896,73538,0.8,8.2,1.8,720,1148,379891,457166,1015612550,1281343224,0.16,0.16,-0.09,-0.12,267.34,280.28,271.22,271.27
2025-01-09,16:00:00,SBER,271.17,271.18,270.75,271.0,0.0001,72270,195844939,1538,270.99,-0.0627,491,1047,56019701,139825238,20666,51604,-0.43,271.07,270.96,1,1,255,300,10251,10547,5626623142,5390305108,2089148,2008203,269.33,268.41,4097351,11016928250,20798,9564,9907,5457676642,5271965750,2015118,1944307,270.84,271.15,3959425,10729642393,19471,1.0,8.4,2.2,708,1152,368711,464961,985189125,1302241641,0.06,0.06,-0.12,-0.14,267.2,280.08,270.99,271.05
2025-01-09,16:05:00,SBER,271.0,271.03,270.73,270.95,0.0001,43877,118852033,949,270.88,-0.0185,300,649,35544454,83307579,13121,30756,-0.4,270.9,270.87,1,4,125,299,4403,4741,2923952563,3143229186,1087858,1166617,268.78,269.43,2254475,6067181749,9144,3950,4095,2789510093,3040005992,1030604,1121298,270.67,271.11,2151902,5829516085,8045,0.8,7.8,1.6,698,1160,384520,465331,1027712420,1302955550,0.09,0.09,-0.1,-0.12,267.27,280.01,270.83,270.87
2025-01-09,16:10:00,SBER,270.95,271.17,270.86,271.11,0.0001,43998,119250383,660,271.04,0.0591,357,303,84907706,34342677,31327,12671,0.42,271.04,271.03,4,201,6,300,20396,3681,8785340404,2392043751,3251622,882413,270.18,271.08,4134035,11177384155,24077,20021,3291,8683794525,2309313459,3205973,851354,270.86,271.25,4057327,10993107985,23312,0.7,8.2,1.6,713,1158,406503,466703,1086992620,1306421434,0.06,0.06,-0.07,-0.09,267.4,279.93,270.98,271.03
2025-01-09,16:15:00,SBER,271.12,271.63,271.12,271.58,0.0001,42912,116465362,825,271.41,0.1697,447,378,77810809,38654553,28669,14243,0.34,271.41,271.39,2,239,2,300,14416,27305,7073223825,12418084764,2624362,4579228,269.52,271.18,7203590,19491308590,41721,13932,26888,7044735030,12328045266,2597788,4543745,271.18,271.32,7141533,19372780297,40820,1.0,8.4,1.9,745,1141,408021,453956,1091193970,1271976340,-0.11,-0.11,-0.05,-0.08,267.44,280.2,271.4,271.45
2025-01-09,16:20:00,SBER,271.58,272.08,271.54,272.01,0.0,58698,159582454,843,271.87,0.1583,495,348,101077543,58504912,37179,21519,0.27,271.87,271.88,1,238,1,300,4075,14378,2790791477,7703598118,1035517,2838546,269.51,271.39,3874063,10494389596,18453,3661,13895,2606155296,7567969935,959346,2781860,271.66,272.05,3741206,10174125232,17556,0.8,7.9,1.2,772,1109,435538,448778,1166044052,1258067548,0.02,0.02,-0.02,-0.04,267.72,280.33,271.89,271.92
2025-01-09,16:25:00,SBER,272.02,272.02,271.8,271.93,0.0001,27547,74903323,459,271.91,-0.0331,209,250,28068810,46834513,10322,17225,-0.25,271.93,271.9,3,3,110,300,12567,4798,6035032495,2751931774,2224082,1023108,271.35,268.98,3247190,8786964270,17365,12310,4548,5977358886,2678209637,2199696,984407,271.74,272.06,3184103,8655568523,16858,1.2,8.3,1.7,780,1113,437962,468877,1171806703,1312981848,0.12,0.12,-0.03,-0.06,267.56,280.03,271.89,271.94
2025-01-09,16:30:00,SBER,271.95,272.49,271.85,272.41,0.0001,44671,121591026,718,272.19,0.1691,451,267,93642313,27948713,34404,10267,0.54,272.18,272.22,1,209,113,300,59137,6676,28093125503,3680817105,10325767,1353976,272.07,271.85,11679743,31773942608,65813,58811,6300,27985601166,3593369556,10281738,1319215,272.19,272.39,11600953,31578970722,65111,1.0,8.5,2.1,791,1097,437665,462376,1170650894,1295351948,-0.13,-0.13,-0.03,-0.05,267.48,280.15,272.11,272.17
2025-01-09,16:35:00,SBER,272.36,272.5,272.19,272.23,0.0001,22135,60297346,467,272.41,-0.0477,218,249,27413161,32884185,10063,12072,-0.09,272.42,272.4,1,135,184,300,95085,17336,73538172674,7686383933,27020392,2824237,272.16,272.16,29844629,81224556607,112421,94823,17035,73494518118,7601279123,26998699,2789908,272.22,272.46,29788607,81095797241,111858,1.0,8.4,1.9,798,1086,443977,465969,1187848477,1305242826,0.08,0.08,-0.02,-0.05,267.55,280.11,272.37,272.43
2025-01-09,16:40:00,SBER,272.25,272.5,272.23,272.5,0.0001,30898,84173008,570,272.42,0.0918,337,233,46297001,37876006,16993,13905,0.1,272.45,272.39,1,166,6,299,44157,14993,27699195663,6783856256,10179537,2497925,272.11,271.58,12677462,34483051919,59150,43862,14653,27611059216,6758431054,10142479,2479885,272.23,272.53,12622364,34369490270,58515,0.7,8.0,1.7,803,1086,447843,469266,1198348187,1314162808,0.01,0.01,-0.02,-0.05,267.58,280.05,272.41,272.46
2025-01-09,16:45:00,SBER,272.5,272.55,272.46,272.49,0.0,27559,75097317,468,272.5,-0.0037,239,229,20770532,54326786,7622,19937,-0.45,272.51,272.49,1,63,4,300,3177,1999,2599150428,1433294325,958172,528895,271.26,271.0,1487067,4032444754,5176,2895,1734,2464608002,1392304208,905240,510551,272.26,272.71,1415791,3856912211,4629,0.4,7.7,0.7,809,1095,480920,454343,1288352898,1273174054,0.11,0.11,0.03,0.01,267.89,280.22,272.5,272.52
2025-01-09,16:50:00,SBER,272.49,273.08,272.49,273.01,0.0,60300,164527483,1099,272.85,0.1908,744,355,117314005,47213478,42992,17308,0.43,272.87,272.78,1,233,1,300,31463,7952,21104413801,4499272084,7752324,1653457,272.23,272.11,9405781,25603685885,39415,30958,7438,21026037894,4400583236,7714271,1611918,272.56,273.0,9326189,25426621130,38396,0.5,7.9,1.1,823,1080,475573,449467,1273829017,1260053192,0.14,0.14,0.03,0.01,267.85,280.35,272.72,272.75
2025-01-09,16:55:00,SBER,273.0,273.44,273.0,273.43,0.0,44042,120319966,934,273.19,0.1575,574,360,72064962,48255004,26376,17666,0.2,273.22,273.15,2,300,2,300,6012,20745,4650576820,10058434318,1716262,3684461,270.97,273.0,5400723,14709011138,26757,5565,20247,4591229097,9975747399,1682482,3650842,272.88,273.25,5333324,14566976496,25812,0.7,8.0,1.4,838,1046,479070,436043,1283548495,1223585372,0.28,0.28,0.05,0.02,267.92,280.61,273.14,273.18
2025-01-09,17:00:00,SBER,273.42,273.69,273.17,273.27,0.0001,55437,151589232,1136,273.44,-0.0549,579,557,77581060,74008172,28369,27068,0.02,273.47,273.42,3,149,59,299,45882,34373,30930576559,16043772338,11328763,5877661,273.03,272.96,17206424,46974348897,80255,45296,33760,30833947064,15930014630,11283252,5824675,273.27,273.49,17107927,46763961695,79056,0.9,8.2,1.9,850,1025,483263,430496,1295139446,1208589699,0.1,0.1,0.06,0.03,267.99,280.74,273.41,273.46
2025-01-09,17:05:00,SBER,273.25,273.49,272.99,272.99,0.0001,38505,105186716,723,273.18,-0.0952,263,460,34156343,71030373,12500,26005,-0.35,273.25,273.14,1,46,266,300,34133,77511,24149348523,33969477859,8844223,12447898,273.05,272.89,21292121,58118826382,111644,33725,77122,24077492175,33884791144,8815246,12400819,273.13,273.25,21216065,57962283319,110847,1.2,9.0,2.4,851,1041,474701,439373,1271696052,1232839625,0.18,0.18,0.04,0.02,267.89,280.59,273.18,273.25
2025-01-09,17:10:00,SBER,273.0,273.46,273.0,273.43,0.0,20307,55501888,415,273.31,0.1575,262,153,46659086,8842802,17071,3236,0.68,273.32,273.26,1,293,1,300,21280,3682,9067193617,2044130218,3325938,748468,272.62,273.11,4074406,11111323836,24962,21029,3473,9100538112,2014460301,3331831,736510,273.14,273.51,4068341,11114998414,24502,0.6,7.9,1.4,868,1042,471161,440150,1262057653,1234996194,0.07,0.07,0.03,0.01,267.86,280.59,273.25,273.29
2025-01-09,17:15:00,SBER,273.46,273.77,273.0,273.38,0.0001,53123,145220914,982,273.37,-0.0293,472,510,56990123,88230791,20839,32284,-0.22,273.48,273.3,1,61,189,299,35620,63588,16733657511,28256891985,6132015,10343204,272.89,273.19,16475219,44990549497,99208,35108,63057,16659936403,28107749476,6097616,10279932,273.22,273.42,16377548,44767685880,98165,0.7,7.9,1.8,875,1032,491059,450019,1316701179,1262400557,0.08,0.08,0.04,0.02,268.05,280.52,273.37,273.42
2025-01-09,17:20:00,SBER,273.38,273.39,272.4,273.2,0.0001,37836,103255630,693,272.9,-0.0658,287,406,35230256,68025374,12900,24936,-0.32,273.1,272.8,1,6,103,295,70921,45462,30568988024,28197093407,11195902,10336438,273.04,272.79,21532340,58766081432,116383,70502,45096,30476199124,28097838975,11161097,10281920,273.06,273.27,21443017,58574038100,115598,0.7,8.3,2.1,857,1053,460730,465144,1233584112,1303808226,0.16,0.16,0.0,-0.03,267.74,280.3,273.03,273.08
2025-01-09,17:25:00,SBER,273.19,273.3,272.76,273.18,0.0001,22566,61638108,425,273.15,-0.0037,175,250,17644791,43993317,6460,16106,-0.43,273.14,273.15,2,162,28,300,20762,52201,10081253120,24528413027,3695145,8979937,272.82,273.15,12675082,34609666148,72963,20563,51927,10011370679,24485363836,3668342,8962769,272.91,273.19,12631111,34496734516,72490,1.0,8.9,2.4,862,1053,462201,473381,1237664042,1326382321,0.42,0.42,-0.01,-0.03,267.78,280.19,273.09,273.16
2025-01-09,17:30:00,SBER,273.18,273.24,272.64,272.78,0.0001,24122,65821678,484,272.87,-0.1464,178,306,16677248,49144430,6112,18010,-0.49,272.86,272.87,1,73,242,300,23427,27776,10874934625,11272425159,3988546,4143881,272.65,272.03,8132427,22147359784,51203,23145,27560,10834657450,11271165113,3971461,4128212,272.81,273.03,8099673,22105822564,50705,1.3,8.8,2.8,853,1063,464661,469413,1244475001,1315478459,0.18,0.18,-0.01,-0.03,267.82,280.24,272.89,272.97
2025-01-09,17:35:00,SBER,272.71,273.5,272.67,273.04,0.0001,18941,51754034,593,273.24,0.121,313,280,32982824,18771210,12071,6870,0.27,273.24,273.23,1,175,13,298,63413,74644,27569476368,37878212368,10104875,13863332,272.83,273.23,23968207,65447688736,138057,63103,74326,27493537422,37809318516,10072048,13836305,272.97,273.26,23908353,65302855938,137429,1.0,8.6,2.1,865,1047,470139,469269,1259354328,1315100278,0.11,0.11,0.0,-0.02,267.87,280.24,273.17,273.23
2025-01-09,17:40:00,SBER,273.05,273.31,272.95,273.08,0.0001,4838,13212548,303,273.1,0.011,129,174,6151248,7061300,2252,2586,-0.07,273.15,273.06,3,219,32,300,17264,51924,7664107357,24250980852,2807389,8876142,273.0,273.22,11683531,31915088210,69188,17108,51755,7664223326,24230214169,2806733,8867403,273.07,273.25,11674136,31894437495,68863,1.3,8.9,3.0,870,1050,478453,475847,1282008868,1333104918,0.25,0.25,0.0,-0.02,267.95,280.15,273.1,273.18
2025-01-09,17:45:00,SBER,273.15,273.2,272.95,272.99,0.0,18820,51387178,286,273.05,-0.0586,116,170,6308382,45078796,2310,16510,-0.75,273.09,273.04,1,94,257,300,4577,13265,2382432459,6283638071,874160,2308641,272.54,272.18,3182801,8666070530,17842,4434,13041,2344271714,6255190247,858794,2289764,272.97,273.18,3148558,8599461962,17475,0.6,8.2,1.6,868,1056,484813,483181,1299360568,1353095509,0.44,0.44,0.0,-0.02,268.01,280.04,273.05,273.1
2025-01-09,17:50:00,SBER,273.01,273.01,272.6,272.84,0.0001,17700,48296749,423,272.86,-0.0623,147,276,10436561,37860188,3825,13875,-0.57,272.85,272.87,1,1,147,300,34798,16454,14348921952,8524044895,5263158,3125229,272.63,272.75,8388387,22872966848,51252,34616,16185,14357459660,8499786721,5264154,3113879,272.74,272.96,8378033,22857246381,50801,1.1,8.8,2.2,859,1070,460082,480049,1232089917,1344423463,0.24,0.24,-0.02,-0.04,267.8,280.06,272.84,272.9
2025-01-09,17:55:00,SBER,272.81,272.92,272.61,272.71,0.0001,7358,20069028,319,272.75,-0.0367,136,183,8774942,11294086,3217,4141,-0.13,272.77,272.74,3,21,134,300,24207,12796,11605055089,7087404986,4257579,2598770,272.57,272.72,6856349,18692460076,37003,24018,12638,11589786258,7080043918,4250820,2594158,272.65,272.92,6844978,18669830176,36656,1.3,8.6,2.6,852,1076,459344,480967,1230081502,1346951437,0.02,0.02,-0.02,-0.05,267.79,280.05,272.73,272.8
2025-01-09,18:00:00,SBER,272.72,272.9,272.66,272.84,0.0001,4841,13206227,234,272.8,0.044,111,123,6181472,7024755,2266,2575,-0.06,272.79,272.81,2,130,9,300,46463,37201,20218486516,15428776618,7413574,5653992,272.72,272.88,13067566,35647263135,83664,46304,37077,20191311881,15435409423,7403101,5655808,272.74,272.91,13058909,35626721305,83381,1.1,8.5,2.6,855,1069,462665,477869,1239112477,1338504779,0.26,0.26,-0.02,-0.04,267.82,280.1,272.77,272.84
2025-01-09,18:05:00,SBER,272.84,272.87,272.51,272.68,0.0001,26448,72103936,439,272.63,-0.0586,161,278,26153950,45949986,9593,16855,-0.27,272.64,272.62,5,5,168,297,7682,15175,3489982747,7617191624,1282035,2797421,272.22,272.29,4079456,11107174372,22857,7479,14957,3496881705,7583215447,1283519,2779817,272.44,272.8,4063336,11080097153,22436,1.3,8.5,2.2,846,1075,457611,470638,1225499452,1318607672,0.1,0.1,-0.01,-0.04,267.8,280.17,272.66,272.72
2025-01-09,18:10:00,SBER,272.68,273.04,272.64,272.89,0.0001,11857,32354457,292,272.87,0.077,187,105,26270597,6083860,9627,2230,0.62,272.88,272.82,3,241,32,299,20572,30918,9184103710,15668892071,3368847,5740209,272.62,272.97,9109056,24852995781,51490,20429,30762,9125018912,15645540280,3345771,5731220,272.73,272.99,9076991,24770559192,51191,1.4,8.9,2.7,853,1067,452248,464224,1211201962,1301022795,0.14,0.14,-0.01,-0.04,267.82,280.26,272.76,272.84
2025-01-09,18:15:00,SBER,272.9,273.1,272.69,272.71,0.0001,15887,43361590,316,272.94,-0.0696,120,196,13541085,29820504,4961,10926,-0.38,272.95,272.93,1,140,240,300,10907,38344,5476113970,20491906492,2009473,7506269,272.51,273.0,9515742,25968020463,49251,10737,38173,5436640350,20467172263,1993335,7495375,272.74,273.06,9488710,25903812613,48910,0.8,8.4,1.5,858,1059,457484,461642,1225449372,1293967944,0.23,0.23,0.0,-0.03,267.87,280.3,272.9,272.94
2025-01-09,18:20:00,SBER,272.71,272.9,272.55,272.64,0.0001,20690,56409600,344,272.64,-0.0257,126,218,29911318,26498282,10971,9719,0.06,272.64,272.64,1,8,240,298,9330,20697,4450522428,10925445077,1633409,4005282,272.47,272.78,5638691,15375967506,30027,9177,20510,4409580436,10892038162,1617464,3991332,272.62,272.89,5608796,15301618598,29687,0.9,8.1,1.6,849,1072,457327,458327,1224964141,1284730175,0.05,0.05,0.0,-0.02,267.85,280.31,272.68,272.72
2025-01-09,18:25:00,SBER,272.63,272.75,272.57,272.65,0.0001,6880,18758086,235,272.65,0.0073,96,139,7553006,11205080,2770,4110,-0.19,272.67,272.63,1,126,27,293,2671,111319,1380780454,48694739329,507077,17855184,272.3,272.72,18362261,50075519783,113990,2551,111159,1358228572,48672995700,498532,17846407,272.45,272.73,18344939,50031224273,113710,0.7,8.4,2.2,843,1074,456249,457644,1222038931,1282775473,0.39,0.39,0.0,-0.02,267.84,280.3,272.62,272.69
2025-01-09,18:30:00,SBER,272.67,272.85,272.65,272.68,0.0001,8656,23606892,226,272.72,0.0037,107,119,12144794,11462098,4453,4203,0.03,272.73,272.71,1,65,7,292,2759,13222,1408241931,6351903421,518397,2328154,271.65,272.83,2846551,7760145352,15981,2628,13096,1389526066,6334040847,509850,2321125,272.54,272.89,2830975,7723566913,15724,0.7,8.1,1.7,845,1071,459319,458456,1230417122,1285012173,-0.12,-0.12,0.0,-0.02,267.88,280.29,272.69,272.73
2025-01-09,18:35:00,SBER,272.69,272.76,272.62,272.7,0.0,14421,39322280,266,272.67,0.0037,151,115,16620425,22701855,6095,8326,-0.15,272.69,272.66,1,136,187,298,3205,25458,1549903509,11129090143,569427,4080383,272.19,272.75,4649810,12678993653,28663,3056,25306,1521467704,11103497648,558370,4070282,272.48,272.79,4628652,12624965353,28362,0.6,7.8,1.2,843,1074,455865,455294,1221025049,1276334077,0.13,0.13,0.0,-0.02,267.85,280.33,272.66,272.69
2025-01-09,18:40:00,SBER,272.69,272.84,272.13,272.18,0.0,50332,137137890,781,272.47,-0.187,178,603,33810586,103327304,12404,37928,-0.51,272.58,272.43,2,32,297,299,9031,18957,4282758634,10065710981,1575148,3702459,271.9,271.87,5277607,14348469615,27988,8868,18576,4271453060,9970541431,1569372,3656151,272.18,272.71,5225523,14241994491,27444,0.8,8.2,1.3,828,1076,447599,457717,1198508263,1282939796,0.04,0.04,-0.01,-0.03,267.76,280.29,272.5,272.54
2025-01-09,19:10:00,SBER,271.92,272.34,271.88,272.25,0.0001,19581,53287014,458,272.14,0.1214,301,157,40804528,12482486,14993,4588,0.53,272.16,272.07,1,163,1,300,32642,9784,13908682619,5279467931,5119216,1940294,271.7,272.1,7059510,19188150550,42426,32291,9523,13835519628,5208485269,5086738,1912706,271.99,272.31,6999444,19044004897,41814,0.5,8.1,1.5,814,1074,414396,454473,1109372379,1273421800,-0.22,-0.22,-0.05,-0.07,267.71,280.2,272.12,272.16
2025-01-09,19:15:00,SBER,272.25,272.25,272.0,272.03,0.0,12580,34231883,352,272.11,-0.0808,137,215,8531728,25700156,3135,9445,-0.5,272.14,272.1,1,1,170,299,8019,2919,3452453147,1752158260,1271024,644019,271.63,272.07,1915043,5204611407,10938,7819,2722,3385631234,1676232377,1244630,615667,272.02,272.26,1860297,5061863611,10541,0.5,7.3,1.2,817,1087,427697,469384,1144645095,1313833415,-0.12,-0.12,-0.05,-0.07,267.63,279.91,272.11,272.14
2025-01-09,19:20:00,SBER,272.04,272.05,271.81,271.82,0.0,8664,23559299,310,271.92,-0.0809,98,212,5838214,17721085,2147,6517,-0.5,271.92,271.92,2,55,259,300,18519,3327,8647515131,1520579335,3181085,560150,271.84,271.46,3741235,10168094467,21846,18368,3184,8629648956,1553630089,3174036,570993,271.88,272.09,3745029,10183279045,21552,0.4,7.6,1.1,807,1106,432936,455938,1158363032,1277197597,-0.06,-0.06,-0.03,-0.05,267.56,280.13,271.93,271.96
2025-01-09,19:25:00,SBER,271.81,271.95,271.81,271.85,0.0,6843,18603424,268,271.86,0.0147,102,166,6144003,12459421,2260,4583,-0.34,271.86,271.86,1,67,1,299,86825,2140,33644289213,1164643978,12376504,430127,271.84,270.77,12806631,34808933191,88965,86649,1988,33624571694,1142048514,12368589,419764,271.85,272.07,12788353,34766620208,88637,0.7,8.2,1.6,805,1108,433411,456015,1159617730,1277419299,0.17,0.17,-0.03,-0.05,267.56,280.13,271.87,271.91
2025-01-09,19:30:00,SBER,271.86,272.0,271.85,272.0,0.0,10786,29335628,204,271.98,0.0515,123,81,27078468,2257160,9956,830,0.85,271.98,271.95,1,84,3,300,67367,2505,28320349365,1331691907,10416432,489443,271.88,272.08,10905875,29652041273,69872,67229,2415,28292238202,1312419636,10404864,482184,271.91,272.18,10887048,29604657838,69644,0.5,8.4,1.4,808,1107,434797,460559,1163415473,1289815401,-0.26,-0.26,-0.03,-0.05,267.58,280.05,271.94,271.98
2025-01-09,19:35:00,SBER,271.99,272.25,271.99,272.24,0.0,19240,52343885,264,272.06,0.0919,189,75,50115380,2228506,18421,819,0.91,272.06,272.1,2,176,2,294,3348,2127,1446077139,956207233,532393,350935,271.62,272.47,883328,2402284373,5475,3156,2065,1402896909,934388587,515870,342819,271.95,272.56,858689,2337285496,5221,0.4,8.4,0.6,817,1088,435201,462779,1164526014,1296060320,-0.35,-0.35,-0.03,-0.05,267.58,280.06,272.1,272.11
2025-01-09,19:40:00,SBER,272.23,272.47,272.23,272.31,0.0,8953,24380977,262,272.32,0.0294,166,96,15694044,8686933,5763,3190,0.29,272.32,272.32,1,148,1,300,9695,12774,4251638291,5833933112,1563844,2141817,271.87,272.38,3705661,10085571403,22469,9525,12659,4194011264,5820965643,1541160,2136606,272.13,272.44,3677766,10014976907,22184,0.5,8.0,1.8,827,1073,436977,461426,1169417507,1292211000,-0.21,-0.21,-0.03,-0.05,267.61,280.05,272.31,272.35
2025-01-09,19:45:00,SBER,272.26,272.28,272.07,272.07,0.0,1499,4079960,167,272.18,-0.0698,58,109,884533,3195427,325,1174,-0.57,272.16,272.18,1,2,300,300,1949,59677,825187046,22091941714,303480,8115188,271.91,272.23,8418668,22917128760,61626,1845,59575,818448829,22134414635,300890,8130214,272.01,272.25,8431104,22952863465,61420,0.5,8.0,2.4,821,1085,447162,453150,1197044320,1269442830,0.33,0.33,-0.01,-0.03,267.7,280.14,272.14,272.2
2025-01-09,19:50:00,SBER,272.07,272.14,272.04,272.11,0.0,5018,13653471,160,272.09,0.0147,74,86,7232484,6420987,2658,2360,0.06,272.1,272.08,12,283,21,293,1480,24331,678402106,10041194239,249831,3689176,271.54,272.18,3939007,10719596345,25811,1388,24241,664112941,9983109716,244214,3667579,271.94,272.2,3911793,10647222657,25629,0.6,8.4,1.2,817,1087,448809,453635,1201510744,1270760138,0.25,0.25,-0.01,-0.03,267.71,280.13,272.08,272.12
2025-01-09,19:55:00,SBER,272.11,272.42,272.11,272.36,0.0001,12667,34490477,266,272.29,0.0919,159,107,15836728,18653749,5816,6851,-0.08,272.3,272.28,2,74,2,300,53424,25962,22456303802,14394269688,8251081,5289395,272.16,272.13,13540476,36850573490,79386,53292,25792,22438882015,14359693659,8241337,5271335,272.27,272.41,13512672,36798575674,79084,0.6,8.4,1.8,831,1074,448699,462013,1201279400,1293613454,-0.05,-0.05,-0.01,-0.04,267.72,279.99,272.3,272.35
2025-01-09,20:00:00,SBER,272.36,272.37,272.18,272.3,0.0,4898,13337600,255,272.31,-0.022,160,95,9778656,3558943,3591,1307,0.47,272.31,272.3,1,8,141,297,16670,37415,6794501887,21509288178,2496070,7898230,272.21,272.33,10394300,28303790065,54085,16502,37312,6778976076,21499491388,2490071,7894403,272.24,272.34,10384474,28278467465,53814,0.7,8.3,2.4,829,1077,448310,465818,1200233450,1303955298,-0.1,-0.1,-0.02,-0.04,267.72,279.93,272.24,272.3
2025-01-09,20:05:00,SBER,272.3,272.31,272.1,272.15,0.0,6976,18988137,192,272.19,-0.0551,79,113,5038218,13949919,1851,5125,-0.47,272.19,272.19,1,13,257,294,2854,7600,1206495522,3825874768,444254,1406867,271.58,271.94,1851121,5032370291,10454,2752,7494,1191979202,3813125873,438088,1400226,272.09,272.32,1838314,5005105075,10246,0.5,7.8,1.9,823,1085,449095,466525,1202355838,1305876428,-0.11,-0.11,-0.02,-0.04,267.73,279.92,272.16,272.21
2025-01-09,20:10:00,SBER,272.15,272.16,271.84,271.87,0.0,18040,49066454,307,271.99,-0.1029,68,239,4534386,44532068,1667,16373,-0.82,272.01,271.98,14,51,206,299,29109,13875,11542200107,5964106861,4244964,2198713,271.9,271.25,6443677,17506306968,42984,28958,13757,11522327546,5931209308,4236805,2180321,271.96,272.03,6417126,17453536854,42715,0.8,8.2,1.8,812,1097,442445,467504,1184222050,1308510617,-0.14,-0.14,-0.03,-0.05,267.65,279.89,271.98,272.02
2025-01-09,20:15:00,SBER,271.84,272.11,271.84,272.09,0.0001,5467,14870242,133,272.0,0.092,86,47,10731356,4138886,3945,1522,0.44,272.02,271.94,1,214,1,296,75069,55974,30535794653,23711639278,11228274,8714398,271.95,272.1,19942672,54247433932,131043,74986,55895,30523602643,23708748435,11223629,8712528,271.96,272.12,19936157,54232351079,130881,0.8,8.6,2.9,815,1096,438829,467486,1174355377,1308417021,-0.27,-0.27,-0.03,-0.05,267.61,279.88,271.99,272.07
2025-01-09,20:20:00,SBER,272.1,272.1,271.82,271.84,0.0,5199,14135851,199,271.9,-0.0956,95,104,3010350,11125501,1107,4092,-0.57,271.94,271.88,2,2,299,299,1321,39434,587040830,16203318597,216292,5958900,271.41,271.92,6175192,16790359428,40755,1180,39365,567759420,16190038564,208923,5951677,271.76,272.02,6160600,16757797985,40545,0.7,8.4,2.2,808,1102,441354,468009,1181143260,1309674386,0.21,0.21,-0.03,-0.05,267.62,279.84,271.89,271.95
2025-01-09,20:25:00,SBER,271.83,271.97,271.4,271.57,0.0,33350,90598850,601,271.66,-0.0956,224,377,16904148,73694703,6225,27125,-0.63,271.55,271.69,3,59,204,300,9025,29801,3768179526,12169941599,1389375,4481674,271.21,271.55,5871049,15938121125,38826,8745,29604,3701216058,12114744899,1363318,4456090,271.49,271.87,5819408,15815960958,38349,0.8,8.2,1.7,789,1113,434513,470558,1162458086,1316498532,0.07,0.07,-0.04,-0.06,267.53,279.77,271.64,271.69
2025-01-09,20:30:00,SBER,271.58,271.59,271.12,271.18,0.0,28082,76191268,521,271.32,-0.1473,182,339,12483123,63708145,4600,23482,-0.67,271.37,271.31,6,22,265,294,3080,20966,1309356394,7778733808,484993,2872591,269.97,270.79,3357584,9088090202,24046,2784,20789,1265942580,7748154698,466853,2854335,271.17,271.45,3321188,9014097279,23573,0.5,7.9,1.2,768,1123,428931,469967,1147051275,1314689513,-0.01,-0.01,-0.05,-0.07,267.42,279.74,271.38,271.41
2025-01-09,20:35:00,SBER,271.22,271.84,271.17,271.73,0.0001,30395,82487964,402,271.39,0.188,254,148,56002776,26485188,20634,9761,0.36,271.41,271.34,1,260,56,298,29805,28304,11848515076,12670860510,4370348,4668402,271.11,271.42,9038750,24519375587,58109,29507,28122,11875404767,12633467902,4376982,4648591,271.31,271.77,9025573,24508872670,57629,1.1,8.8,2.3,763,1125,388851,462553,1038716288,1294235217,0.04,0.04,-0.09,-0.11,267.12,279.8,271.37,271.43
2025-01-09,20:40:00,SBER,271.7,271.71,271.27,271.54,0.0001,14989,40690899,195,271.47,-0.0589,88,107,7618163,33072736,2806,12183,-0.63,271.5,271.47,2,11,48,296,30253,38015,13449205327,14655585777,4955797,5403425,271.38,271.23,10359222,28104791104,68268,30084,37930,13394314115,14627546947,4934770,5385599,271.43,271.6,10320369,28021861062,68014,1.4,8.7,2.4,771,1128,393670,459190,1051826724,1284946456,0.11,0.11,-0.08,-0.1,267.18,279.83,271.42,271.49
2025-01-09,20:45:00,SBER,271.54,271.83,271.54,271.78,0.0001,12937,35143502,197,271.65,0.0884,146,51,17717272,17426229,6522,6415,0.01,271.65,271.65,13,276,13,295,19786,18487,7779299384,8342088485,2865473,3069563,271.48,271.77,5935036,16121387869,38273,19653,18396,7783795713,8312063209,2865904,3058263,271.6,271.79,5924167,16095858922,38049,1.0,8.9,1.8,782,1120,392502,458363,1048774546,1282723417,0.1,0.1,-0.08,-0.1,267.2,279.85,271.64,271.69
2025-01-09,20:50:00,SBER,271.79,271.82,271.71,271.77,0.0,3541,9623647,134,271.78,-0.0074,65,69,4884027,4739620,1797,1744,0.01,271.79,271.77,3,128,77,300,3733,1679,1650716611,960489788,608026,353821,271.49,271.46,961847,2611206399,5412,3631,1614,1636781633,951702414,602620,349923,271.61,271.97,952543,2588484048,5245,0.5,7.6,1.3,789,1118,392275,459685,1048226505,1286321412,-0.45,-0.45,-0.08,-0.1,267.22,279.83,271.75,271.79
2025-01-09,20:55:00,SBER,271.76,271.76,271.32,271.46,0.0001,8044,21849449,183,271.62,-0.1104,48,135,972337,20877113,358,7686,-0.91,271.6,271.63,5,5,202,298,1913,7765,805000528,4252555059,296850,1565157,271.18,271.7,1862007,5057555587,9678,1802,7699,797349357,4242416654,293872,1560841,271.33,271.8,1854713,5039766012,9501,0.9,8.5,2.1,776,1124,389335,459146,1040211130,1284815317,0.09,0.09,-0.08,-0.11,267.18,279.83,271.54,271.6
2025-01-09,21:00:00,SBER,271.48,271.6,271.4,271.51,0.0001,3014,8181735,144,271.46,0.0111,97,47,5866565,2315170,2161,853,0.43,271.47,271.41,8,21,154,298,78141,16752,33056139763,7062642322,12178247,2600747,271.44,271.56,14778994,40118782086,94893,78025,16678,33055674545,7088512075,12177194,2610019,271.46,271.59,14787213,40144186620,94703,0.7,8.8,2.6,771,1128,386290,448286,1031952569,1255193447,-0.39,-0.39,-0.07,-0.1,267.14,280.0,271.43,271.5
2025-01-09,21:05:00,SBER,271.5,271.5,271.23,271.3,0.0001,12017,32611070,218,271.37,-0.0737,64,154,7324894,25286176,2699,9318,-0.55,271.39,271.37,2,2,264,298,1134,1229,613691341,858187101,227799,321333,269.4,267.07,549132,1471878443,2363,1000,1162,595470542,841467325,219580,309696,271.19,271.71,529276,1436937867,2162,0.7,8.4,1.7,764,1133,384179,448803,1026196551,1256472280,-0.29,-0.29,-0.08,-0.1,267.11,279.96,271.35,271.39
2025-01-09,21:10:00,SBER,271.3,271.3,271.2,271.23,0.0,6562,17798726,582,271.24,-0.0258,279,303,5511661,12287065,2032,4530,-0.38,271.24,271.24,2,2,162,300,1465,1659,775053408,1064876812,286772,393861,270.27,270.37,680633,1839930220,3124,1092,1407,773349081,1046785216,285462,385595,270.91,271.47,671057,1820134298,2499,0.5,8.5,1.5,755,1137,380183,449838,1015646008,1259107349,-0.42,-0.42,-0.08,-0.11,267.15,279.9,271.22,271.26
2025-01-09,21:15:00,SBER,271.22,271.33,271.12,271.31,0.0,19771,53612206,349,271.17,0.0332,186,163,22535754,31076452,8310,11461,-0.16,271.19,271.15,1,206,134,299,1278,1497,635110292,953526720,235108,355172,270.14,268.47,590280,1588637013,2775,1031,1424,608542637,924878839,224526,340694,271.03,271.47,565220,1533421477,2455,0.6,8.4,1.5,755,1138,373431,447262,997376187,1252078712,-0.16,-0.16,-0.09,-0.11,267.08,279.94,271.2,271.25
2025-01-09,21:20:00,SBER,271.31,271.32,271.2,271.32,0.0,6532,17719483,173,271.27,0.0037,96,77,8365995,9353488,3084,3448,-0.06,271.27,271.27,1,219,114,300,736,864,469912316,679965296,173466,252098,270.9,269.72,425564,1149877612,1600,589,803,449260109,665915873,165728,245210,271.08,271.57,410938,1115175983,1392,0.4,8.5,1.5,760,1134,370802,445364,990266326,1246876613,-0.16,-0.16,-0.09,-0.11,267.06,279.97,271.25,271.29
2025-01-09,21:25:00,SBER,271.32,271.32,271.17,271.21,0.0001,14998,40678182,181,271.22,-0.0405,78,103,7822850,32855332,2884,12114,-0.62,271.25,271.22,8,8,162,299,767,985,469444633,659960315,173410,247737,270.71,266.4,421147,1129404948,1752,661,915,463423786,649286216,170992,239178,271.02,271.47,410170,1112710002,1576,0.6,8.1,1.4,756,1138,362963,444370,969001133,1244119910,0.28,0.28,-0.1,-0.12,266.97,279.97,271.21,271.24
2025-01-09,21:30:00,SBER,271.21,271.31,271.2,271.22,0.0001,8087,21937297,164,271.27,0.0037,77,87,10278321,11658976,3789,4298,-0.06,271.27,271.27,8,72,14,300,646,958,386403219,622425917,143888,229930,268.54,270.7,373818,1008829137,1604,560,870,380999640,608065976,140600,224004,270.98,271.45,364604,989065617,1430,1.1,8.5,1.7,761,1132,359314,439742,959148449,1231439247,0.17,0.17,-0.1,-0.12,266.94,280.04,271.22,271.27
2025-01-09,21:35:00,SBER,271.22,271.31,271.2,271.3,0.0001,5445,14769193,131,271.24,0.0295,76,55,8807880,5961313,3247,2198,0.19,271.26,271.22,2,258,81,298,569,636,295646923,362155069,111162,135149,265.96,267.97,246311,657801993,1205,477,569,284514546,352218324,104961,129780,271.07,271.4,234741,636732870,1046,1.3,8.3,2.3,760,1132,358627,441053,957342709,1235008167,0.47,0.47,-0.1,-0.13,266.95,280.01,271.22,271.28
2025-01-09,21:40:00,SBER,271.31,271.46,271.3,271.46,0.0,3067,8322883,145,271.37,0.0553,100,45,7286418,1036465,2685,382,0.75,271.37,271.33,2,294,11,298,943,590,425652320,303283290,159081,111833,267.57,271.19,270914,728935610,1533,795,534,421781372,305289629,155514,112401,271.22,271.61,267915,727071001,1329,0.6,7.8,2.4,769,1129,358840,440282,957929584,1232932570,-0.26,-0.26,-0.1,-0.13,266.95,280.03,271.31,271.37
2025-01-09,21:45:00,SBER,271.46,271.67,271.45,271.6,0.0,10811,29363273,197,271.61,0.0516,128,69,21799098,7564174,8026,2785,0.48,271.61,271.6,2,115,9,298,1449,1420,599092808,725009837,224998,269130,266.27,269.39,494128,1324102645,2869,1327,1318,596491678,691925827,219851,254597,271.32,271.77,474448,1288417506,2645,0.6,8.1,1.6,789,1116,356053,438695,950424203,1228667019,-0.42,-0.42,-0.1,-0.13,266.93,280.07,271.58,271.63
2025-01-09,21:50:00,SBER,271.61,271.88,271.6,271.67,0.0,9778,26573673,177,271.77,0.0221,134,43,21712127,4861546,7989,1789,0.63,271.78,271.75,1,192,11,298,6474,1575,3535477607,873200485,1304926,321836,270.93,271.32,1626762,4408678092,8049,6396,1487,3519654487,867831277,1296944,319133,271.38,271.93,1616077,4387485765,7883,0.8,8.0,1.9,793,1112,355599,438899,949331741,1229324084,0.05,0.05,-0.1,-0.13,266.97,280.09,271.7,271.75
2025-01-09,21:55:00,SBER,271.66,271.73,271.57,271.7,0.0001,4355,11830675,117,271.66,0.0147,46,71,2130259,9700416,784,3571,-0.64,271.72,271.64,2,159,5,293,1535,1636,557049338,849504541,205908,313834,270.53,270.69,519742,1406553879,3171,1455,1595,574704345,771158595,212202,283728,270.83,271.8,495930,1345862940,3050,1.3,8.6,2.4,794,1112,351209,445665,937505490,1247929706,-0.26,-0.26,-0.12,-0.14,266.94,280.02,271.66,271.72
2025-01-09,22:00:00,SBER,271.69,271.7,271.6,271.7,0.0,1769,4805576,86,271.65,0.0037,50,36,2966523,1839053,1092,677,0.23,271.66,271.65,7,300,156,300,689,12357,268185360,7224913695,98862,2659341,271.27,271.68,2758203,7493099055,13046,636,12298,251736369,7212408215,92741,2654406,271.44,271.71,2747147,7464144585,12934,0.7,8.4,1.6,792,1115,345513,466570,923266310,1304941168,0.51,0.51,-0.15,-0.17,267.22,279.69,271.65,271.69
2025-01-09,22:05:00,SBER,271.7,271.77,271.7,271.76,0.0,3482,9462440,111,271.75,0.0221,75,36,8255850,1206590,3038,444,0.74,271.75,271.75,2,75,2,290,827,2464,413236918,1190451449,152589,438040,270.82,271.77,590629,1603688367,3291,745,2408,404153675,1194413341,148824,439202,271.56,271.95,588026,1598567017,3153,0.5,7.4,1.0,798,1111,348495,462768,931385742,1293976030,-0.3,-0.3,-0.14,-0.16,267.26,279.62,271.73,271.76
2025-01-09,22:10:00,SBER,271.77,271.78,271.75,271.77,0.0,2352,6392052,117,271.77,0.0,73,44,3783105,2608947,1392,960,0.18,271.77,271.77,3,18,247,295,730,473,331444866,272419718,122659,100842,270.22,270.15,223501,603864585,1203,646,433,302497628,272955020,111371,100366,271.61,271.96,211737,575452648,1079,0.4,7.4,0.7,800,1110,354790,460694,948484126,1288339017,-0.31,-0.31,-0.13,-0.15,267.34,279.65,271.76,271.78
2025-01-09,22:15:00,SBER,271.77,271.77,271.66,271.73,0.0001,3080,8368501,143,271.7,-0.0147,56,87,2037865,6330636,750,2330,-0.51,271.72,271.7,6,6,36,294,692,835,395443224,450595495,145765,167284,271.29,269.36,313049,846038719,1527,616,745,389894331,439838889,143594,161789,271.53,271.86,305383,829733221,1361,0.6,8.4,1.9,792,1117,357285,461965,955250557,1291799027,0.16,0.16,-0.13,-0.15,267.36,279.63,271.68,271.73
2025-01-09,22:20:00,SBER,271.73,271.74,271.6,271.63,0.0,6792,18452257,116,271.68,-0.0368,47,69,3806860,14645397,1401,5391,-0.59,271.72,271.66,8,16,259,298,543,700,297528950,408614639,110590,153413,269.04,266.35,264003,706143589,1243,467,659,292798670,391173886,107840,143898,271.51,271.84,251738,683972557,1126,0.8,8.0,2.4,790,1121,355944,463392,951598441,1295671218,-0.07,-0.07,-0.13,-0.15,267.34,279.61,271.64,271.71
2025-01-09,22:25:00,SBER,271.61,271.65,271.58,271.61,0.0,5558,15096558,80,271.62,0.0,43,37,13002502,2094056,4787,771,0.72,271.62,271.6,2,123,226,298,768,424,369624144,239932095,137789,88734,268.25,270.39,226523,609556240,1192,716,394,355251697,241668783,130860,88920,271.47,271.78,219780,596920480,1110,0.6,8.0,1.9,788,1126,354281,463978,947063206,1297243454,-0.47,-0.47,-0.13,-0.16,267.32,279.59,271.58,271.63
2025-01-09,22:30:00,SBER,271.61,271.7,271.58,271.7,0.0,2236,6073336,94,271.62,0.0331,49,45,3506739,2566596,1291,945,0.15,271.63,271.6,2,200,143,295,631,350,361408447,270922478,133687,100446,270.34,269.72,234133,632330925,981,560,328,359293535,260254961,132347,95737,271.48,271.84,228084,619548497,888,0.6,8.4,1.3,788,1122,355162,461912,949453240,1291618569,-0.36,-0.36,-0.13,-0.15,267.33,279.62,271.61,271.64
2025-01-09,22:35:00,SBER,271.68,271.73,271.61,271.73,0.0001,1976,5367879,99,271.65,0.0184,54,45,1179184,4188695,434,1542,-0.56,271.7,271.64,5,267,86,300,837,378,404309112,265699594,149223,98143,270.94,270.73,247366,670008707,1215,763,335,396502991,276476018,146014,101689,271.55,271.88,247703,672979010,1098,1.6,9.0,2.8,792,1120,355294,460695,949811172,1288291528,0.01,0.01,-0.13,-0.15,267.33,279.64,271.64,271.72
2025-01-09,22:40:00,SBER,271.73,271.73,271.65,271.7,0.0001,1612,4379622,83,271.69,-0.011,42,41,1404786,2974836,517,1095,-0.36,271.72,271.67,12,12,38,297,510,436,277446622,268635122,102447,99730,270.82,269.36,202177,546081744,946,449,397,283720825,268974085,104512,98917,271.47,271.92,203429,552694911,846,1.4,8.4,2.2,795,1116,352833,458567,943172386,1282480500,-0.07,-0.07,-0.13,-0.15,267.31,279.67,271.66,271.72
2025-01-09,22:45:00,SBER,271.72,271.78,271.63,271.63,0.0001,2376,6456167,79,271.72,-0.0331,41,38,4328870,2127296,1593,783,0.34,271.74,271.69,3,181,294,300,486,846,274948647,432110412,102484,159702,268.28,270.57,262186,707059060,1332,458,781,273291888,425699101,100645,156582,271.54,271.87,257227,698990990,1239,1.0,8.1,2.5,795,1116,353184,457522,944124732,1279582667,0.55,0.55,-0.13,-0.15,267.32,279.68,271.69,271.75
2025-01-09,22:50:00,SBER,271.64,271.79,271.63,271.77,0.0001,4395,11942185,108,271.72,0.0479,83,25,10439662,1502523,3842,553,0.75,271.72,271.7,1,274,7,296,577,560,317662125,352923101,119559,130029,265.69,271.42,249588,670585226,1137,526,496,311481846,344823757,114718,126833,271.52,271.87,241551,656305603,1022,1.0,8.7,2.4,795,1120,352662,458234,942706358,1281517924,-0.24,-0.24,-0.13,-0.15,267.31,279.66,271.67,271.74
2025-01-09,22:55:00,SBER,271.77,271.77,271.63,271.71,0.0001,2192,5955567,89,271.7,-0.0221,54,35,3852779,2102788,1418,774,0.29,271.71,271.68,4,4,134,300,568,601,297388501,342512541,109794,126147,270.86,271.52,235941,639901042,1169,515,546,299298560,335492394,110259,123388,271.45,271.9,233647,634790955,1061,1.2,8.8,2.1,794,1120,350587,460959,937111622,1288886293,-0.15,-0.15,-0.14,-0.16,267.3,279.61,271.66,271.71
2025-01-09,23:00:00,SBER,271.71,271.75,271.68,271.73,0.0,7871,21386634,90,271.71,0.0074,50,40,17582862,3803772,6471,1400,0.64,271.72,271.7,8,171,160,288,464,414,260493555,254482916,96808,93695,269.08,271.61,190503,514976472,878,418,369,244933212,241744693,90208,88904,271.52,271.92,179112,486677906,787,0.6,8.0,1.4,799,1120,349266,457404,933549608,1279183794,-0.39,-0.39,-0.13,-0.16,267.29,279.66,271.69,271.73
2025-01-09,23:05:00,SBER,271.74,272.0,271.71,271.97,0.0,27684,75269872,228,271.89,0.0846,173,55,71836761,3433111,26421,1263,0.91,271.89,271.82,10,286,90,297,1295,863,720841829,485403103,272421,178631,264.61,271.74,451052,1206244933,2158,1214,782,669358483,458477401,246404,168546,271.65,272.02,414950,1127835885,1996,0.6,7.8,1.5,806,1116,349103,454150,933117466,1270343395,-0.01,-0.01,-0.13,-0.15,267.29,279.72,271.76,271.8
2025-01-09,23:10:00,SBER,271.97,272.19,271.94,272.12,0.0001,10457,28451896,254,272.08,0.0552,162,92,21724363,6727533,7984,2473,0.53,272.1,272.04,13,137,229,298,1967,1621,1116157605,826422804,410892,304278,271.64,271.6,715170,1942580409,3588,1871,1470,1142984777,801983000,420583,294595,271.76,272.23,715178,1944967777,3341,0.8,8.6,2.2,821,1097,348133,438282,930559797,1227214930,0.05,0.05,-0.11,-0.14,267.3,280.01,272.03,272.09
2025-01-09,23:15:00,SBER,272.11,272.12,271.95,272.03,0.0001,5854,15925940,145,272.05,-0.0294,83,62,12503873,3422067,4596,1258,0.57,272.06,272.02,3,33,162,297,1352,838,563590997,422162365,209844,155669,268.58,271.19,365513,985753363,2190,1291,738,546570236,392480100,201042,144178,271.87,272.22,345220,939050336,2029,1.2,8.4,1.8,818,1101,333091,443069,889918837,1240242454,0.09,0.09,-0.14,-0.16,267.17,279.92,272.02,272.07
2025-01-09,23:20:00,SBER,272.03,272.13,272.03,272.12,0.0,6512,17718372,138,272.09,0.0331,93,45,16219229,1499142,5961,551,0.83,272.09,272.08,13,297,13,298,800,492,355456927,281321030,132440,103414,268.39,272.03,235854,636777957,1292,719,438,340740789,275673000,125322,101234,271.89,272.31,226556,616413789,1157,0.4,7.4,0.8,822,1102,335253,442226,895782817,1237941915,0.0,0.0,-0.14,-0.16,267.2,279.93,272.07,272.09
2025-01-09,23:25:00,SBER,272.13,272.13,272.08,272.12,0.0,8401,22859316,125,272.1,-0.0037,71,54,8465649,14393667,3111,5290,-0.26,272.12,272.09,2,2,89,299,855,533,367082944,311342476,135873,117320,270.17,265.38,253193,678425420,1388,784,474,351947313,306479214,129434,112559,271.91,272.28,241993,658426528,1258,0.7,7.5,1.3,821,1098,334935,438737,894923136,1228405437,0.09,0.09,-0.13,-0.16,267.19,279.99,272.09,272.12
2025-01-09,23:30:00,SBER,272.09,272.12,272.03,272.06,0.0001,4452,12111904,144,272.06,-0.011,53,91,1395707,10716196,513,3939,-0.77,272.07,272.05,3,13,98,300,627,470,305814985,258105578,112700,97560,271.35,264.56,210260,563920564,1097,577,378,295989502,254880805,108880,93619,271.85,272.25,202499,550870308,955,0.7,7.9,2.0,820,1099,333714,438010,891609457,1226416618,0.35,0.35,-0.14,-0.16,267.18,280.0,272.04,272.1
2025-01-09,23:35:00,SBER,272.06,272.12,272.03,272.12,0.0,3747,10195271,150,272.09,0.0221,116,34,7732892,2462379,2842,905,0.52,272.09,272.09,2,289,43,300,869,395,378897910,211057473,139629,77564,271.36,272.11,217193,589955384,1264,772,351,374379954,209488095,137704,76942,271.87,272.27,214646,583868049,1123,0.4,7.5,0.9,818,1099,333128,435643,890022562,1219968519,0.19,0.19,-0.13,-0.16,267.17,280.04,272.06,272.09
2025-01-09,23:40:00,SBER,272.12,272.13,272.08,272.1,0.0,4289,11670678,133,272.11,-0.0073,70,63,7004202,4666476,2574,1715,0.2,272.11,272.1,7,292,165,300,673,364,376450742,215880374,138759,79580,271.3,271.27,218339,592331117,1037,637,322,367097595,218796992,135016,80340,271.89,272.34,215356,585894587,959,0.5,7.7,0.9,818,1092,332112,432406,887284713,1211144642,-0.03,-0.03,-0.13,-0.15,267.16,280.09,272.09,272.11
2025-01-09,23:45:00,SBER,272.1,272.1,271.5,272.02,0.0001,22417,60923061,246,271.77,-0.0294,66,180,7145800,53777261,2628,19789,-0.77,271.91,271.75,4,4,19,292,2374,1145,944011162,639656340,348456,253816,270.91,252.02,602272,1583667503,3519,2237,1084,898871891,693332392,330800,254691,271.73,272.22,585491,1592204283,3321,1.5,12.5,3.1,801,1101,326891,409264,873051516,1147918416,-0.19,-0.19,-0.11,-0.14,267.08,280.48,271.88,271.96
2025-01-09,23:50:00,SBER,272.03,272.03,271.1,271.8,0.0002,38067,103351828,372,271.5,-0.0845,97,275,12257581,91094247,4509,33558,-0.76,271.85,271.45,2,2,164,299,2347,967,1213592649,748945899,447919,307852,270.94,243.28,755771,1962538548,3314,2330,988,1195472552,846349101,440455,309052,271.42,273.85,749507,2041821653,3318,1.7,15.4,3.6,777,1093,315910,383999,843357580,1075644102,0.21,0.21,-0.1,-0.12,266.96,280.1,271.82,271.92
2025-01-10,10:05:00,SBER,272.32,273.99,272.32,273.41,0.0001,212675,581316327,3924,273.34,0.4003,2277,1647,366920154,214396173,134226,78449,0.26,273.36,273.29,1,30,1,300,41796,58036,18668151823,24741926390,6904979,9085279,270.36,272.33,15990258,43410078213,99832,39626,55785,18310128884,24227359721,6705444,8858483,273.06,273.49,15563927,42537488606,95411,1.0,8.6,2.1,865,693,264592,217930,701496917,613020045,0.02,0.02,0.1,0.07,265.12,281.33,273.33,273.39
2025-01-10,10:10:00,SBER,273.43,273.51,272.78,272.85,0.0001,76765,209617119,1687,273.06,-0.2121,839,848,90449143,119167976,33117,43648,-0.14,273.12,273.02,1,8,278,300,27794,29936,12292044973,12991692983,4517949,4779380,272.07,271.83,9297329,25283737957,57730,26727,28993,12149224777,12823550016,4451313,4695770,272.94,273.09,9147083,24972774793,55720,1.0,8.6,2.0,874,738,255461,235759,677018375,662464663,0.03,0.03,0.04,0.01,265.02,280.99,273.02,273.07
2025-01-10,10:15:00,SBER,272.86,273.34,272.8,272.96,0.0001,45259,123596434,1057,273.09,0.0366,592,465,78502653,45093781,28744,16515,0.27,273.11,273.05,1,218,11,300,68994,21981,31115176622,10485128603,11414021,3843501,272.6,272.8,15257522,41600305226,90975,68350,21368,30991300582,10364126682,11351962,3793977,273.0,273.17,15145939,41355427264,89718,0.9,8.7,2.3,901,738,271740,243697,721176505,684497512,-0.13,-0.13,0.05,0.03,265.39,280.88,273.07,273.13
2025-01-10,10:20:00,SBER,272.96,273.42,272.91,272.95,0.0,34245,93556133,958,273.2,-0.0037,505,453,50894258,42661875,18626,15619,0.09,273.24,273.14,3,122,15,300,8497,9546,5288633773,5170402692,1941321,1895351,272.42,272.79,3836672,10459036465,18043,7917,8974,5210367704,5099740054,1908314,1865805,273.04,273.33,3774119,10310107758,16891,0.8,8.2,1.9,915,739,284154,250578,754576099,703358395,-0.05,-0.05,0.06,0.04,265.55,280.69,273.19,273.24
2025-01-10,10:25:00,SBER,272.97,273.35,272.95,273.29,0.0001,16305,44541236,504,273.18,0.1172,264,240,26872142,17669094,9837,6468,0.21,273.17,273.18,1,265,4,300,23791,3948,10417828791,2309246619,3822082,848457,272.57,272.17,4670539,12727075410,27739,23458,3648,10385967557,2277178828,3804163,833023,273.02,273.36,4637186,12663146385,27106,0.9,8.2,1.7,916,751,285455,250542,758061432,703402328,-0.06,-0.06,0.07,0.04,265.56,280.75,273.11,273.16
2025-01-10,10:30:00,SBER,273.28,273.95,273.2,273.95,0.0,68821,188305745,1434,273.62,0.2452,946,488,147622311,40683434,53950,14871,0.57,273.63,273.58,1,294,3,300,16165,13567,8655894159,6666750247,3192543,2438136,271.13,273.44,5630679,15322644406,29732,15365,12881,8546217640,6518545635,3125703,2381417,273.42,273.73,5507120,15064763276,28246,0.4,7.9,1.0,946,729,288136,254612,765483431,714672839,-0.22,-0.22,0.06,0.03,265.67,280.7,273.47,273.5
2025-01-10,10:35:00,SBER,273.95,274.0,273.51,273.52,0.0,64138,175603960,1362,273.79,-0.157,704,658,106266428,69337533,38806,25332,0.21,273.84,273.72,1,16,280,299,31251,12372,14568921407,5807211892,5342855,2127468,272.68,272.96,7470323,20376133299,43623,30506,11619,14435332898,5642506013,5276519,2060145,273.58,273.89,7336664,20077838911,42125,0.6,7.9,1.2,965,726,291812,245170,775826818,689432568,-0.12,-0.12,0.09,0.06,265.86,281.21,273.67,273.7
2025-01-10,10:40:00,SBER,273.53,273.55,273.23,273.28,0.0001,31893,87192278,809,273.39,-0.0914,352,457,27939570,59252707,10221,21672,-0.36,273.35,273.41,1,29,13,300,11056,26289,6024841000,12863753303,2211208,4717963,272.47,272.65,6929171,18888594304,37345,10558,25826,5956086570,12818785255,2180171,4687492,273.19,273.47,6867663,18774871826,36384,1.0,8.8,1.9,949,758,292697,251666,778168807,707699855,-0.05,-0.05,0.08,0.05,265.86,281.21,273.32,273.37
2025-01-10,10:45:00,SBER,273.3,273.54,272.82,272.98,0.0,42290,115479108,1046,273.06,-0.1171,415,631,37030476,78448632,13557,28733,-0.36,273.15,273.03,3,53,193,300,18945,27695,8863964001,12865538567,3250850,4712739,272.67,272.99,7963589,21729502568,46640,18501,27088,8778605372,12774908917,3214834,4673530,273.07,273.35,7888364,21553514289,45589,0.7,8.3,1.6,943,775,300120,253090,798196824,711628745,-0.03,-0.03,0.08,0.06,265.96,281.18,273.13,273.18
2025-01-10,10:50:00,SBER,272.98,273.14,272.84,273.07,0.0001,22189,60573957,527,272.99,0.033,280,247,27120010,33453946,9934,12255,-0.1,273.0,272.98,2,215,90,300,32404,29876,12572992275,13920790530,4610517,5099864,272.7,272.96,9710381,26493782805,62280,32037,29559,12519935349,13864770199,4586730,5076507,272.96,273.12,9663237,26384705549,61596,1.0,8.5,2.4,937,786,301904,256779,802901359,721801326,-0.07,-0.07,0.08,0.05,265.94,281.1,272.95,273.02
2025-01-10,10:55:00,SBER,273.08,273.1,272.62,273.05,0.0,37539,102425717,920,272.85,-0.011,259,661,21331948,81093769,7818,29721,-0.58,272.86,272.85,2,33,192,300,8032,7237,4349125034,3937239603,1596924,1451139,272.34,271.32,3048063,8286364637,15269,7678,6642,4282706916,3865800563,1570663,1416062,272.67,273.0,2986725,8148507480,14320,0.5,7.8,1.1,929,793,296236,259873,787525164,730318425,0.28,0.28,0.07,0.04,265.84,281.03,272.83,272.86
2025-01-10,11:00:00,SBER,273.08,273.1,272.77,272.93,0.0001,18475,50425939,524,272.94,-0.0549,224,300,17231881,33194058,6313,12162,-0.32,272.96,272.93,1,154,69,300,22495,28842,10213037561,12072166163,3743765,4427859,272.8,272.64,8171624,22285203725,51337,22180,28519,10181838847,11992499743,3730771,4392515,272.92,273.02,8123286,22174338591,50699,0.7,8.4,2.0,945,787,291595,271001,774792943,760834536,0.04,0.04,0.04,0.01,265.71,280.75,272.92,272.98
2025-01-10,11:05:00,SBER,272.91,273.38,272.87,273.18,0.0001,27413,74854044,604,273.06,0.0989,335,269,41239437,33614608,15102,12311,0.1,273.07,273.05,1,179,5,300,24398,40283,10240760791,18693906758,3754840,6846173,272.73,273.06,10601013,28934667550,64681,24099,39897,10172627754,18628481121,3725404,6819277,273.06,273.17,10544681,28801108876,63996,1.1,8.5,2.1,957,784,291934,279594,775744679,784445878,-0.05,-0.05,0.02,-0.01,265.73,280.57,273.04,273.1
2025-01-10,11:10:00,SBER,273.17,273.31,272.9,272.98,0.0001,14603,39870316,377,273.03,-0.0696,161,216,9990446,29879871,3658,10945,-0.5,273.11,273.0,4,70,230,300,13560,34533,4967232161,14558664812,1820768,5331140,272.81,273.09,7151908,19525896973,48093,13344,34305,4939964029,14515797709,1809723,5313762,272.97,273.17,7123485,19455761738,47649,1.0,8.5,2.7,961,787,292820,282634,778154430,792816344,-0.3,-0.3,0.02,-0.01,265.74,280.51,273.04,273.11
2025-01-10,11:15:00,SBER,272.98,273.11,272.71,272.72,0.0,27542,75143591,452,272.83,-0.0952,131,321,7609978,67533613,2789,24753,-0.8,272.86,272.83,1,49,299,300,10233,25542,4188991292,10578939412,1535891,3879767,272.74,272.67,5415658,14767930705,35775,10058,25217,4142486651,10502843188,1518304,3847542,272.84,272.98,5365846,14645329840,35275,0.8,8.3,1.8,952,801,293789,285984,780758684,801944831,0.17,0.17,0.01,-0.01,265.75,280.42,272.89,272.94
2025-01-10,11:20:00,SBER,272.71,272.72,271.23,271.4,0.0001,131811,358276892,2229,271.81,-0.4804,658,1571,111140300,247136591,40889,90922,-0.38,271.81,271.81,1,6,205,300,27194,51090,13474685638,29296435240,4974965,10810745,270.85,270.99,15785710,42771120878,78284,26110,50125,13180556545,29058056402,4853719,10686342,271.56,271.92,15540061,42238612947,76235,1.0,8.7,2.2,882,835,279044,295284,739853072,827069800,-0.02,-0.02,-0.03,-0.06,265.14,280.09,271.77,271.83
2025-01-10,11:25:00,SBER,271.37,272.0,271.04,271.09,0.0001,75417,204850943,1246,271.62,-0.1032,557,689,107238021,97612922,39458,35959,0.05,271.78,271.46,1,141,298,300,31326,60318,14373085478,38213833775,5320313,14059679,270.15,271.8,19379992,52586919253,91644,30659,59691,14281786798,38029644585,5262503,13982637,271.39,271.98,19245140,52311431384,90350,0.9,8.6,2.2,880,845,290747,298311,771084219,832940073,0.19,0.19,-0.01,-0.04,265.21,279.22,271.57,271.63
2025-01-10,11:30:00,SBER,271.1,271.29,270.82,271.19,0.0001,73649,199644853,1397,271.08,0.0332,613,784,103480483,96164369,38168,35481,0.04,271.12,271.03,1,86,44,299,15572,26496,8136979187,16516281776,3016015,6101277,269.79,270.7,9117292,24653260964,42068,14547,25908,7895765592,16364876959,2913741,6031574,270.98,271.32,8945315,24260642551,40455,0.9,8.3,1.9,860,875,288793,318520,764347106,888421056,-0.02,-0.02,-0.05,-0.08,264.68,278.92,271.08,271.14
2025-01-10,11:35:00,SBER,271.19,271.43,270.91,271.28,0.0001,34442,93374843,838,271.11,0.0332,387,451,38530455,54844388,14210,20232,-0.17,271.15,271.08,1,285,104,300,19641,22934,9511364004,11239920199,3515308,4152760,270.57,270.66,7668068,20751284203,42575,19081,22556,9430920487,11203164962,3478901,4131823,271.09,271.14,7610724,20634085449,41637,0.8,8.2,2.0,868,884,316145,317320,835115857,885203041,-0.02,-0.02,0.0,-0.03,264.16,278.96,271.07,271.13
2025-01-10,11:40:00,SBER,271.27,271.87,270.98,271.61,0.0001,45776,124294607,880,271.53,0.1253,497,383,85337502,38957106,31425,14351,0.37,271.56,271.46,1,247,58,300,26804,45131,21363357587,19700802446,7881153,7259608,271.07,271.38,15140761,41064160033,71935,26242,44609,21241388648,19562475105,7827333,7203010,271.37,271.59,15030343,40803863753,70851,1.1,8.7,2.4,899,874,327101,316541,864632545,883250780,0.0,0.0,0.02,-0.01,264.33,279.03,271.44,271.5
2025-01-10,11:45:00,SBER,271.61,271.75,271.29,271.56,0.0001,17408,47268242,494,271.53,-0.0184,223,271,25659030,21609212,9448,7960,0.09,271.58,271.47,1,36,187,300,34998,29663,31384315336,10723027903,11577240,3951419,271.09,271.37,15528659,42107343240,64661,34727,29377,31385455690,10677029786,11569854,3930120,271.27,271.67,15499974,42062485476,64104,1.1,8.5,2.3,905,882,326366,330016,862638520,920131861,0.28,0.28,-0.01,-0.03,264.32,278.81,271.46,271.52
2025-01-10,11:50:00,SBER,271.64,271.64,270.95,271.15,0.0001,53708,145589093,806,271.08,-0.1804,262,544,45766498,99822595,16887,36821,-0.37,271.02,271.1,1,1,122,300,13090,59703,9658236358,26752702180,3565144,9873245,270.91,270.96,13438389,36410938539,72793,12513,59398,9456033181,26646162307,3488282,9820832,271.08,271.32,13309114,36102195489,71911,0.9,8.2,2.1,882,896,338680,337095,895665852,939351566,-0.22,-0.22,0.0,-0.02,264.45,278.66,271.1,271.16
2025-01-10,11:55:00,SBER,271.15,271.58,271.08,271.49,0.0001,16990,46111953,442,271.41,0.1254,274,168,28994121,17117832,10683,6307,0.26,271.4,271.41,1,129,4,297,32496,63277,14984759453,44765639185,5527568,16480753,271.09,271.62,22008321,59750398639,95773,32206,62994,14948690903,44720700401,5509081,16462654,271.35,271.65,21971735,59669391304,95200,1.0,8.6,2.1,915,885,347756,338573,920212409,943931488,0.1,0.1,0.01,-0.01,264.61,278.79,271.38,271.44
2025-01-10,12:00:00,SBER,271.51,271.69,271.22,271.69,0.0001,12330,33482865,378,271.56,0.0663,163,215,16083747,17399118,5922,6408,-0.04,271.59,271.52,1,298,40,298,20234,70019,7656956075,47556349150,2823188,17505302,271.22,271.67,20328490,55213305226,90253,19911,69834,7611052431,47534124905,2804479,17496141,271.39,271.68,20300620,55145177336,89745,1.0,8.7,2.1,944,883,352861,336989,934067853,939151139,0.27,0.27,0.02,0.0,264.71,278.69,271.5,271.56
2025-01-10,12:05:00,SBER,271.69,271.78,271.5,271.6,0.0001,25048,68046657,436,271.67,-0.0331,208,228,41196661,26849996,15163,9885,0.21,271.69,271.62,1,25,58,300,4055,18552,2270606600,8528001273,841204,3139931,269.92,271.6,3981135,10798607874,22607,3792,18286,2209833333,8494766740,814147,3126342,271.43,271.72,3940489,10704600074,22078,0.9,8.5,2.0,969,881,362598,335422,960259520,934891900,0.11,0.11,0.04,0.01,264.83,278.72,271.61,271.67
2025-01-10,12:10:00,SBER,271.61,271.62,271.2,271.59,0.0001,15051,40854333,483,271.44,-0.0074,162,321,13716723,27137609,5052,9999,-0.33,271.51,271.4,1,5,142,300,12640,45431,4514181751,20938350606,1667928,7717307,270.65,271.32,9385235,25452532357,58071,12407,45141,4471000021,20918246777,1647966,7706819,271.3,271.43,9354785,25389246799,57548,1.1,8.4,2.6,956,894,366950,333811,971811132,930474626,-0.03,-0.03,0.05,0.02,264.83,278.74,271.44,271.51
2025-01-10,12:15:00,SBER,271.59,271.59,271.26,271.35,0.0001,14269,38725444,368,271.4,-0.0884,128,240,6867586,31857858,2530,11739,-0.65,271.45,271.38,1,1,278,300,12308,39298,4177934425,16616802272,1540874,6127514,271.14,271.18,7668388,20794736697,51606,12096,39098,4141943974,16611808289,1526610,6117124,271.32,271.56,7643734,20753752264,51194,1.3,9.5,3.1,955,903,373063,331896,988416772,925207378,-0.09,-0.09,0.06,0.03,264.95,278.76,271.44,271.52
2025-01-10,12:20:00,SBER,271.43,271.43,271.0,271.0,0.0001,21445,58136690,568,271.1,-0.1584,149,419,6759939,51376752,2493,18952,-0.77,271.16,271.09,2,2,288,300,9286,65654,4267356004,28161052822,1574636,10384106,271.01,271.19,11958742,32428408826,74940,8976,65345,4225493661,28104860702,1558490,10359165,271.13,271.3,11917655,32330354363,74321,1.0,9.3,2.4,927,918,369703,332171,979292310,925886786,0.14,0.14,0.05,0.03,264.89,278.74,271.15,271.21
2025-01-10,12:25:00,SBER,271.0,271.3,270.99,271.26,0.0001,22953,62216916,579,271.06,0.0959,194,385,13691806,48525110,5050,17903,-0.56,271.12,271.04,1,197,10,296,10670,42070,4887546184,19207156954,1806319,7085816,270.58,271.06,8892135,24094703139,52740,10277,41725,4817681204,19159438509,1777759,7063893,271.0,271.23,8841652,23977119713,52002,1.2,9.0,2.5,924,926,369552,337237,978645118,939618452,0.17,0.17,0.05,0.02,264.82,278.63,271.09,271.16
2025-01-10,12:30:00,SBER,271.26,271.71,271.18,271.25,0.0001,21272,57740531,604,271.44,-0.0037,310,294,31710738,26029792,11679,9593,0.1,271.52,271.34,1,47,162,300,27800,110212,11445274935,47705664174,4226410,17577506,270.8,271.4,21803916,59150939110,138012,27516,109840,11404552334,47665571671,4203960,17560935,271.28,271.43,21764895,59070124006,137356,1.6,9.1,3.1,945,917,373906,333652,990291736,930028304,0.04,0.04,0.06,0.03,264.85,278.74,271.31,271.4
2025-01-10,12:35:00,SBER,271.21,271.53,271.04,271.05,0.0001,21802,59130982,594,271.22,-0.059,205,389,17540109,41590873,6465,15337,-0.41,271.31,271.18,1,162,260,298,7071,63548,3371121829,26697778081,1248015,9845263,270.12,271.17,11093278,30068899910,70619,6757,63174,3311934668,26505138775,1222035,9769989,271.02,271.29,10992024,29817073444,69931,0.8,8.5,2.5,935,924,380355,334893,1007629625,933373292,0.18,0.18,0.06,0.04,264.92,278.71,271.14,271.2
2025-01-10,12:40:00,SBER,271.06,271.5,271.0,271.44,0.0001,26128,70842681,567,271.14,0.1402,242,325,28500495,42342186,10508,15620,-0.2,271.23,271.08,2,237,11,297,26321,28147,11436133274,11061636179,4219984,4080451,271.0,271.09,8300435,22497769454,54468,26000,27820,11339079690,11109218237,4180134,4094889,271.26,271.29,8275023,22448297927,53820,1.0,8.4,2.6,947,920,394330,336989,1045312759,939025660,-0.07,-0.07,0.08,0.05,265.08,278.66,271.23,271.3
2025-01-10,12:45:00,SBER,271.44,272.26,271.43,271.91,0.0001,60655,164904108,1102,271.87,0.1732,711,391,131328064,33576043,48309,12346,0.59,271.85,271.96,1,50,2,300,25247,64436,17212207848,28121659661,6353989,10337165,270.89,272.04,16691154,45333867509,89683,24696,63871,17180793265,27989753477,6325072,10287061,271.63,272.09,16612133,45170546742,88567,1.0,8.7,2.3,985,872,388457,329810,1029547622,919682717,0.07,0.07,0.08,0.06,265.03,278.85,271.93,271.99
2025-01-10,12:50:00,SBER,271.94,272.0,271.31,271.53,0.0,25178,68394377,2299,271.64,-0.1508,218,2081,10001940,58392437,3682,21496,-0.71,271.64,271.64,2,30,280,300,50095,80020,30005584856,35733936874,11053176,13153229,271.47,271.67,24206405,65739521730,130115,49700,77972,29920660396,35680092895,11020742,13130485,271.49,271.73,24151227,65600753291,127672,1.1,8.7,2.9,974,896,393267,338160,1042503714,942692649,0.28,0.28,0.08,0.05,265.09,278.77,271.64,271.72
2025-01-10,12:55:00,SBER,271.48,271.77,271.47,271.51,0.0,14139,38403927,1257,271.62,0.0111,211,1046,8757450,29646477,3224,10915,-0.54,271.63,271.61,1,14,1,299,11929,65019,8538051657,29482725547,3146680,10849005,271.34,271.76,13995685,38020777205,76948,11673,63905,8502856066,29438183523,3133243,10831849,271.38,271.77,13965092,37941039589,75578,0.5,8.2,1.6,975,902,408552,341648,1083867131,952282268,0.33,0.33,0.09,0.06,265.29,278.73,271.63,271.67
2025-01-10,13:00:00,SBER,271.51,271.51,270.27,270.49,0.0001,154094,417181569,3421,270.73,-0.3757,720,2701,95760807,321420761,35380,118714,-0.54,270.66,270.75,2,2,174,300,39672,34676,24502802619,16720779900,9053650,6204529,270.64,269.49,15258179,41223582519,74348,38562,32842,24289602798,16430644828,8966291,6060913,270.9,271.09,15027204,40720247626,71404,0.8,8.0,1.9,900,931,365916,348541,968363495,970807576,-0.07,-0.07,0.02,0.0,264.62,278.54,270.78,270.83
2025-01-10,13:05:00,SBER,270.45,271.54,270.29,271.31,0.0001,74083,200818880,1182,271.07,0.318,631,551,156081208,44737672,57564,16519,0.55,271.14,270.83,1,282,17,299,75545,32915,34513270372,18209520825,12775411,6720788,270.15,270.94,19496199,52722791197,108460,74849,32249,34350811932,18086855493,12691909,6670853,270.65,271.13,19362762,52437667426,107098,1.3,8.8,2.5,899,940,356721,345026,943209563,961217292,-0.2,-0.2,0.02,-0.01,264.41,278.59,270.74,270.81
2025-01-10,13:10:00,SBER,271.33,272.83,271.3,272.56,0.0001,113051,307706251,2037,272.18,0.4533,1275,762,196256117,111450133,72098,40953,0.28,272.21,272.14,1,245,1,300,51393,71792,25108086577,32616545176,9265608,11990769,270.98,272.01,21256377,57724631754,123185,50561,70750,24885213026,32374822650,9154230,11897028,271.84,272.13,21051258,57260035677,121311,1.3,9.2,2.5,960,857,371148,332649,982782733,927840314,-0.04,-0.04,0.05,0.03,264.79,278.93,272.07,272.14
2025-01-10,13:15:00,SBER,272.56,275.25,272.02,275.13,0.0001,373664,1024211830,5103,274.1,0.9429,3147,1956,658340229,365871602,240186,133478,0.29,274.1,274.11,1,290,55,300,73070,87525,53111885419,44853488746,19516041,16427545,272.14,273.04,35943586,97965374166,160595,70928,85225,52419942745,44318503108,19146254,16177739,273.79,273.95,35323993,96738445853,156153,1.0,9.1,2.3,1003,732,380881,272507,1010460340,763709405,0.0,0.0,0.17,0.14,265.27,280.44,273.7,273.76
2025-01-10,13:20:00,SBER,275.16,275.88,274.33,274.4,0.0001,237221,652632007,3016,275.12,-0.2762,1358,1658,285124789,367507218,103614,133607,-0.13,275.18,275.07,1,16,288,300,50098,34353,32144692238,18114371405,11716889,6636043,274.34,272.97,18352932,50259063643,84451,48606,32516,31746766161,17462181724,11545971,6343459,274.96,275.28,17889430,49208947885,81122,0.7,8.3,1.5,1061,664,398911,253512,1060750291,712733688,0.01,0.01,0.23,0.2,265.91,281.22,274.92,274.96
2025-01-10,13:25:00,SBER,274.41,275.12,274.14,274.21,0.0001,97893,268810514,1396,274.6,-0.0729,637,759,128576426,140234088,46807,51086,-0.04,274.69,274.51,1,41,293,300,31435,23990,15069481116,11720096643,5506219,4296908,273.68,272.76,9803127,26789577760,55425,30649,23183,14829999316,11496004456,5401687,4185440,274.54,274.67,9587127,26326003773,53832,0.9,8.2,2.0,1063,701,408285,291663,1086284892,818281407,0.03,0.03,0.17,0.14,266.06,280.56,274.56,274.61
2025-01-10,13:30:00,SBER,274.22,274.36,273.44,273.9,0.0001,78666,215463250,1168,273.9,-0.1167,505,663,75657060,139806190,27625,51041,-0.3,273.87,273.91,1,5,126,300,26221,28346,13025318951,13078547015,4772409,4801840,272.93,272.37,9574249,26103865967,54567,25554,27710,12865262296,12987710139,4700359,4738594,273.71,274.08,9438953,25852972436,53264,0.9,8.8,1.8,1044,741,400728,300748,1065543301,843212517,0.01,0.01,0.14,0.12,265.9,280.37,273.96,274.01
2025-01-10,13:35:00,SBER,273.89,275.0,273.66,274.31,0.0001,92547,253977706,1283,274.43,0.1533,681,602,131190684,122787022,47797,44750,0.03,274.47,274.38,1,78,18,300,48620,46092,24218501730,21766259799,8851214,7939976,273.62,274.14,16791190,45984761530,94712,47999,45310,24117575487,21449505594,8804161,7812479,273.93,274.55,16616640,45567081082,93309,0.7,8.3,1.4,1062,724,395095,326343,1050321886,913894251,0.22,0.22,0.1,0.07,265.83,280.05,274.4,274.44
2025-01-10,13:40:00,SBER,274.31,274.8,274.13,274.23,0.0001,37142,101931662,1010,274.44,-0.0292,433,577,45823506,56108156,16695,20447,-0.1,274.47,274.41,1,39,217,300,37014,65083,24670920481,28804604421,9010624,10503574,273.8,274.24,19514198,53475524903,102097,36534,64408,24628179059,28778703636,8986291,10484763,274.06,274.48,19471054,53406882695,100942,1.2,8.9,2.8,1079,728,387893,334124,1030452996,935546044,0.36,0.36,0.07,0.05,265.65,280.0,274.39,274.47
2025-01-10,13:45:00,SBER,274.22,274.78,274.22,274.67,0.0001,37578,103205733,691,274.64,0.1641,358,333,63240661,39965072,23027,14551,0.23,274.64,274.66,1,217,1,300,11771,49933,8497378613,20650853362,3112899,7519126,272.97,274.64,10632025,29148231976,61704,11416,49418,8464420718,20480588957,3086310,7455274,274.26,274.71,10541584,28945009675,60834,0.9,8.1,1.6,1093,721,383830,339217,1019443062,950100065,0.2,0.2,0.06,0.04,265.6,280.09,274.61,274.65
2025-01-10,13:50:00,SBER,274.69,275.66,274.65,275.62,0.0001,115686,318250122,1462,275.1,0.3386,994,468,262586786,55663336,95455,20231,0.65,275.09,275.14,1,300,11,300,18888,19858,13256889623,7967406143,4871371,2904594,272.14,274.3,7775965,21224295766,38746,18301,19160,13071487047,7813326328,4757291,2840157,274.77,275.1,7597448,20884813376,37461,0.6,7.8,1.3,1103,699,384940,337151,1022663057,944876612,0.11,0.11,0.07,0.04,265.67,280.28,275.01,275.05
2025-01-10,13:55:00,SBER,275.65,276.0,275.38,275.4,0.0,102236,281980313,1860,275.81,-0.0907,935,925,159713423,122266890,57892,44344,0.13,275.88,275.72,1,79,280,300,13370,19221,9825171733,10110967850,3594558,3680028,273.33,274.75,7274586,19936139583,32591,12479,18121,9665378990,9802903774,3509294,3554578,275.42,275.78,7063872,19468282764,30600,0.7,8.1,1.5,1126,656,386818,312161,1028371761,876535311,0.08,0.08,0.11,0.08,265.85,280.81,275.72,275.77
2025-01-10,14:00:00,SBER,275.4,276.25,275.38,276.18,0.0001,83175,229508641,1306,275.93,0.2832,900,406,200879777,28628864,72794,10381,0.75,275.96,275.78,3,285,11,300,36090,17722,19859442483,8809897587,7246896,3197376,274.04,275.54,10444272,28669340070,53812,35456,17099,19708360708,8742240645,7149893,3168050,275.65,275.95,10317943,28450601354,52555,0.7,7.8,1.6,1138,664,389223,336011,1035078741,942692294,-0.11,-0.11,0.07,0.05,265.93,280.57,275.69,275.74
2025-01-10,14:05:00,SBER,276.17,276.21,275.55,275.7,0.0001,55155,152159566,718,275.88,-0.1702,299,419,44535712,107623855,16145,39010,-0.41,275.85,275.89,1,1,201,299,12287,13268,8901704744,8233111275,3237974,2999370,274.92,274.49,6237344,17134816019,25555,11906,12733,8800588252,8062366817,3190175,2922313,275.87,275.89,6112488,16862955069,24639,1.5,11.1,3.1,1138,660,387969,306341,1031681026,861167537,-0.07,-0.07,0.12,0.09,265.92,281.12,275.74,275.82
2025-01-10,14:10:00,SBER,275.69,276.78,275.61,276.7,0.0001,108735,300519679,2125,276.38,0.3664,1285,840,200087258,100432421,72404,36331,0.33,276.35,276.44,1,285,1,300,21768,9868,11951496070,5956213316,4357443,2168421,274.28,274.68,6525864,17907709387,31636,20785,8684,11722065179,5777428437,4246296,2089974,276.05,276.44,6336270,17499493616,29469,1.0,8.4,2.2,1166,636,401286,309920,1068337575,871509925,0.04,0.04,0.13,0.1,266.23,281.21,276.22,276.28
2025-01-10,14:15:00,SBER,276.7,276.92,276.22,276.37,0.0001,83450,230838120,1316,276.62,-0.1193,568,748,104003589,126834531,37582,45868,-0.1,276.74,276.52,1,51,168,300,17500,33669,10146144124,16481532316,3679413,5978011,275.75,275.7,9657424,26627676441,51169,16965,32734,9963890015,16265305348,3605273,5877431,276.37,276.74,9482704,26229195364,49699,0.9,8.0,1.7,1179,619,405868,310810,1081321015,874235630,0.27,0.27,0.13,0.11,266.42,281.28,276.52,276.56
2025-01-10,14:20:00,SBER,276.37,276.49,275.91,276.0,0.0,68673,189677628,1027,276.2,-0.1339,405,622,64815948,124861680,23467,45206,-0.32,276.2,276.21,1,33,197,300,8095,11130,4168705392,5633597539,1522667,2052429,273.78,274.48,3575096,9802302932,19225,7635,10443,4066958414,5487570116,1473924,1985635,275.93,276.36,3459559,9554528531,18078,0.6,8.0,1.1,1169,646,399048,315956,1062653652,888230929,0.09,0.09,0.12,0.09,266.29,281.13,276.16,276.19
2025-01-10,14:25:00,SBER,276.0,276.87,275.83,276.81,0.0001,36663,101304415,784,276.31,0.2935,503,281,67969351,33335064,24592,12071,0.34,276.39,276.16,1,290,22,300,10716,11014,5758308169,5458674415,2098527,1980028,274.4,275.69,4078555,11216982584,21730,10321,10630,5609167064,5386659172,2031812,1949425,276.07,276.32,3981237,10995826236,20951,0.7,8.3,1.4,1175,646,417390,316837,1112899375,890556165,0.02,0.02,0.14,0.11,266.63,281.08,276.14,276.17
2025-01-10,14:30:00,SBER,276.84,276.89,276.51,276.51,0.0001,29534,81708784,652,276.66,-0.1192,246,406,26548008,55160776,9594,19940,-0.35,276.71,276.63,1,6,295,300,7301,39216,3934109811,17489388186,1427636,6324558,275.57,276.53,7752194,21423497997,46517,7037,38666,3923850780,17420309030,1419676,6295660,276.39,276.7,7715336,21344159811,45703,0.8,8.5,2.0,1194,623,421839,314811,1125352514,885111408,0.07,0.07,0.15,0.12,266.77,281.16,276.6,276.66
2025-01-10,14:35:00,SBER,276.51,276.57,275.61,275.7,0.0001,51747,142848130,990,276.05,-0.2929,334,656,26310140,116537990,9529,42218,-0.63,276.11,276.04,2,35,263,299,26180,44429,12276634034,24912708705,4452579,9041523,275.72,275.54,13494102,37189342739,70609,25570,43883,12171150850,24763395166,4410516,8964667,275.96,276.23,13375183,36934546016,69453,0.9,8.6,2.1,1178,663,420589,324424,1121801425,911714038,0.0,0.0,0.13,0.1,266.72,281.03,276.01,276.07
2025-01-10,14:40:00,SBER,275.7,276.17,275.61,276.0,0.0001,31657,87310939,572,275.8,0.1088,295,277,58097393,29213546,21064,10593,0.33,275.81,275.78,1,17,81,299,17561,42270,8579137601,28299560242,3113630,10254608,275.53,275.97,13368238,36878697843,59831,17244,41912,8480621948,28212553971,3075572,10218571,275.74,276.09,13294143,36693175919,59156,1.1,8.6,2.4,1175,681,421781,350136,1124888914,982992003,-0.2,-0.2,0.09,0.07,266.7,280.75,275.77,275.84
2025-01-10,14:45:00,SBER,275.98,276.07,275.22,275.39,0.0001,46315,127680940,889,275.68,-0.2138,310,579,44914710,82766231,16289,30026,-0.3,275.74,275.65,3,110,287,300,13402,24347,6512688574,10822748294,2369618,3939102,274.84,274.75,6308720,17335436868,37749,12989,23837,6440564940,10697396652,2336750,3879738,275.62,275.72,6216488,17137961592,36826,1.0,8.6,2.1,1182,687,424224,353292,1131494498,991927266,0.06,0.06,0.09,0.07,266.72,280.77,275.74,275.8
2025-01-10,14:50:00,SBER,275.39,276.38,275.39,276.0,0.0001,31116,85820340,690,275.81,0.2215,370,320,46187482,39632858,16746,14370,0.08,275.81,275.8,1,184,1,300,23658,18090,11629493787,8662639619,4221443,3144480,275.49,275.49,7365923,20292133406,41748,23285,17688,11530681771,8581881160,4180881,3109273,275.8,276.01,7290154,20112562931,40973,1.3,8.8,2.8,1187,685,426967,362654,1138968994,1018152349,0.02,0.02,0.08,0.06,266.76,280.75,275.84,275.91
2025-01-10,14:55:00,SBER,276.0,276.12,275.28,275.38,0.0001,29288,80746221,659,275.7,-0.2246,224,435,16088919,64657302,5836,23452,-0.6,275.68,275.7,1,27,289,300,18813,16925,8432735381,7633781670,3065595,2773889,275.08,275.2,5839484,16066517051,35738,18510,16485,8411052972,7569710332,3053445,2743005,275.46,275.96,5796450,15980763304,34995,0.8,8.6,2.0,1187,689,430648,375818,1149293324,1054946024,-0.1,-0.1,0.07,0.04,266.87,280.71,275.74,275.79
2025-01-10,15:00:00,SBER,275.43,275.94,275.25,275.62,0.0001,27033,74468809,564,275.47,0.069,267,297,44124485,30344325,16017,11016,0.18,275.49,275.46,1,237,163,300,50267,21126,29680268927,9943844947,10780747,3611049,275.31,275.37,14391796,39624113874,71393,49909,20805,29611489637,9892438534,10751140,3588802,275.43,275.65,14339942,39503928171,70714,0.8,8.5,2.7,1172,705,435967,376975,1163809317,1058184608,-0.12,-0.12,0.07,0.05,266.94,280.7,275.47,275.54
2025-01-10,15:05:00,SBER,275.62,276.29,275.62,276.24,0.0,23258,64217914,647,276.11,0.2249,401,246,38259080,25958834,13856,9402,0.19,276.12,276.1,3,219,3,299,19596,33975,12656363154,16290125300,4594630,5899451,275.46,276.13,10494081,28946488454,53571,19035,33620,12595544596,16240636170,4568335,5879332,275.71,276.23,10447667,28836180766,52655,0.9,8.1,1.9,1202,676,436178,374498,1164435029,1051412299,-0.07,-0.07,0.08,0.05,266.96,280.75,276.11,276.16
2025-01-10,15:10:00,SBER,276.24,277.45,276.24,277.08,0.0,148351,410891823,2570,276.97,0.3041,1940,630,321837568,89054255,116207,32144,0.57,276.95,277.05,1,217,1,300,21471,19081,13763063144,9546877582,5027366,3455580,273.76,276.27,8482946,23309940727,40552,19927,18018,13564197732,9341286699,4903506,3369876,276.62,277.2,8273382,22905484431,37945,0.7,7.9,1.4,1232,610,475458,346938,1273742796,975575015,-0.15,-0.15,0.15,0.13,267.78,281.2,276.94,276.98
2025-01-10,15:15:00,SBER,277.09,277.8,276.82,277.69,0.0,116502,323138136,4799,277.37,0.2165,2375,2424,235883876,87254260,85022,31480,0.46,277.44,277.17,1,289,117,300,31936,29110,16146599431,12756544052,5870062,4616018,275.07,276.35,10486080,28903143484,61046,28550,28275,15896162131,12523822701,5737686,4515129,277.05,277.37,10252815,28419984833,56825,1.1,8.5,2.2,1246,603,443268,336396,1185265034,946760510,-0.07,-0.07,0.14,0.11,267.38,281.44,277.13,277.19
2025-01-10,15:20:00,SBER,277.69,277.83,276.94,277.38,0.0,85857,238117445,2640,277.34,-0.1116,1366,1274,114855580,123261865,41415,44442,-0.04,277.33,277.35,1,8,249,300,18981,15992,9167628758,8475763733,3323121,3073833,275.87,275.74,6396954,17643392492,34973,16994,15314,8986261397,8024120543,3242039,2891428,277.18,277.51,6133467,17010381940,32308,0.9,8.3,2.0,1261,587,453338,389688,1212880872,1094790664,-0.11,-0.11,0.08,0.05,267.54,280.96,277.29,277.35
2025-01-10,15:25:00,SBER,277.39,277.4,277.06,277.09,0.0,31150,86370060,1236,277.27,-0.1082,915,321,60584372,25785687,21847,9303,0.4,277.31,277.18,2,152,99,298,19602,39092,10308019983,20147403722,3737497,7269182,275.8,277.16,11006679,30455423705,58694,18685,38588,10291340230,20027192085,3715306,7222166,277.0,277.3,10937472,30318532316,57273,0.8,8.2,2.2,1258,600,446238,429125,1193440078,1204118687,0.01,0.01,0.02,0.0,267.44,280.6,277.16,277.22
2025-01-10,15:30:00,SBER,277.1,277.45,276.91,276.96,0.0001,48017,133102373,745,277.2,-0.0505,351,394,55358480,77743894,19964,28053,-0.17,277.29,277.13,2,180,56,297,13743,33592,6548022996,16487766687,2372565,5950708,275.99,277.07,8323273,23035789683,47335,13325,33175,6407133390,16362294508,2313281,5901549,276.97,277.25,8214830,22769427898,46500,0.6,8.1,1.6,1264,608,458548,434680,1227488891,1219775089,-0.08,-0.08,0.03,0.0,267.69,280.61,277.15,277.2
2025-01-10,15:35:00,SBER,276.96,277.5,276.95,277.39,0.0001,38732,107402281,691,277.3,0.1553,460,231,79388973,28013308,28628,10104,0.48,277.31,277.25,1,242,2,300,27144,5220,12275430560,2517069747,4441955,909302,276.35,276.81,5351257,14792500307,32364,26758,4832,12187129667,2425440912,4398257,874112,277.09,277.47,5272369,14612570579,31590,0.8,8.2,1.4,1270,613,469151,442273,1256920848,1241062058,-0.15,-0.15,0.03,0.01,267.89,280.61,277.23,277.27
2025-01-10,15:40:00,SBER,277.42,277.45,277.0,277.15,0.0001,27216,75436708,692,277.18,-0.0973,257,435,26149895,49286812,9435,17781,-0.31,277.16,277.19,3,21,93,300,11976,54507,6089325675,22125833221,2202497,7986044,276.47,277.06,10188541,28215158896,66483,11552,54058,6021241617,21924073455,2173593,7908402,277.02,277.23,10081995,27945315072,65610,0.8,8.2,2.1,1273,623,465114,462429,1245632599,1297120599,0.2,0.2,0.0,-0.02,267.81,280.51,277.15,277.21
2025-01-10,15:45:00,SBER,277.16,277.3,276.65,276.66,0.0,26516,73448168,647,277.0,-0.1804,190,457,12869959,60578209,4644,21872,-0.65,277.13,276.97,2,9,300,300,4287,35373,3840268888,18273039202,1388372,6595942,276.6,277.03,7984314,22113308090,39660,4084,34893,3816999518,18202086218,1378539,6565379,276.89,277.24,7943918,22019085736,38977,0.7,7.8,1.6,1259,645,462941,500892,1239661764,1403858646,0.22,0.22,-0.04,-0.06,267.78,280.27,276.96,277.0
2025-01-10,15:50:00,SBER,276.65,277.32,276.52,276.89,0.0,36335,100635410,624,276.97,0.0868,331,293,46780624,53854786,16887,19448,-0.07,277.02,276.92,1,132,7,300,17479,10859,8311918783,8694491600,3007655,3149319,276.36,276.08,6156974,17006410384,28338,17174,10469,8208217385,8616868324,2965652,3109600,276.78,277.11,6075252,16825085709,27643,0.6,8.2,1.6,1253,647,463216,498463,1240169779,1397047833,0.22,0.22,-0.04,-0.06,267.73,280.28,276.93,276.97
2025-01-10,15:55:00,SBER,276.88,277.09,276.87,276.9,0.0001,8457,23423980,278,276.98,0.0072,125,153,6004870,17419110,2168,6289,-0.49,276.98,276.98,1,68,1,299,4411,60219,2337566604,31584306984,845268,11402428,276.55,277.0,12247696,33921873589,64630,4245,60025,2294901806,31564542102,829111,11391203,276.79,277.1,12220314,33859443909,64270,0.9,8.5,2.1,1254,646,472094,511545,1264564411,1433256929,0.05,0.05,-0.04,-0.06,267.86,280.18,276.94,277.0
2025-01-10,16:00:00,SBER,276.91,277.1,276.57,276.8,0.0001,22098,61183410,780,276.87,-0.0397,430,350,26202145,34981264,9463,12635,-0.14,276.89,276.86,5,49,262,299,8698,10151,3950380379,5598898740,1429668,2026383,276.31,276.3,3456051,9549279120,18849,8224,9793,3948551826,5488083290,1427168,1981351,276.67,276.99,3408519,9436635116,18017,1.0,8.6,2.3,1247,653,466016,527308,1247686911,1476967057,-0.4,-0.4,-0.06,-0.08,267.73,280.1,276.84,276.9
2025-01-10,16:05:00,SBER,276.8,276.84,276.27,276.47,0.0001,56094,155086218,1402,276.48,-0.1192,625,777,50128389,104957830,18130,37964,-0.35,276.49,276.47,3,27,204,299,30139,42214,14064295820,23365527696,5092290,8450222,276.19,276.51,13542512,37429823517,72353,29263,41592,13936839899,23240410589,5041282,8397278,276.45,276.76,13438560,37177250489,70855,0.8,8.2,2.2,1235,675,463143,546094,1238677331,1529019867,-0.04,-0.04,-0.08,-0.1,267.45,279.99,276.52,276.58
2025-01-10,16:10:00,SBER,276.55,276.59,276.0,276.07,0.0001,46562,128601704,880,276.19,-0.1736,337,543,27528516,101073188,9964,36598,-0.57,276.28,276.17,1,1,265,299,9007,17494,4358281142,9074971778,1580764,3301444,275.71,274.88,4882208,13433252920,26501,8434,17143,4271554775,9016882741,1547065,3259909,276.11,276.6,4806974,13288437516,25577,1.1,8.3,2.3,1229,689,460285,548870,1230714780,1536648118,-0.19,-0.19,-0.09,-0.11,267.38,279.97,276.24,276.3
2025-01-10,16:15:00,SBER,276.07,277.0,276.06,276.76,0.0001,57513,159061275,826,276.57,0.2499,492,334,109962992,49098284,39760,17753,0.38,276.57,276.56,1,112,2,300,87711,7583,39438495259,5134003605,14272701,1859923,276.32,276.03,16132624,44572498865,95294,87168,7150,39262359784,4983869861,14202491,1800627,276.45,276.79,16003118,44246229645,94318,0.7,8.6,1.6,1256,681,465230,551493,1244316820,1543873905,-0.2,-0.2,-0.08,-0.11,267.46,279.94,276.5,276.54
2025-01-10,16:20:00,SBER,276.76,277.29,276.75,277.18,0.0001,73222,202912791,1159,277.12,0.1518,850,309,156268487,46644303,56390,16832,0.54,277.12,277.12,2,205,2,300,84555,5845,38350794419,3480554515,13850040,1263335,276.9,275.51,15113375,41831348935,90400,83833,5401,38164517425,3396341251,13778071,1224851,276.99,277.29,15002922,41560858677,89234,0.9,8.2,2.0,1288,645,472426,526892,1264324354,1475937718,-0.17,-0.17,-0.05,-0.08,267.62,280.12,277.09,277.15
2025-01-10,16:25:00,SBER,277.18,277.3,276.98,277.29,0.0001,84809,235139052,964,277.26,0.0397,659,305,194100184,41038868,70004,14805,0.65,277.27,277.2,1,214,33,300,43137,9595,18870991973,4760291154,6817155,1718710,276.82,276.97,8535865,23631283127,52732,42544,9172,18645988536,4643310775,6730596,1674619,277.03,277.28,8405215,23289299311,51716,0.8,8.2,1.5,1299,639,478269,509959,1280641653,1429047346,-0.48,-0.48,-0.03,-0.05,267.76,280.23,277.17,277.21
2025-01-10,16:30:00,SBER,277.29,277.7,277.25,277.37,0.0,167526,464748884,6558,277.42,0.0289,6208,350,406539530,58209355,146546,20980,0.75,277.41,277.45,1,149,253,299,19253,6929,7359489175,3901872567,2678833,1415979,274.73,275.56,4094812,11261361743,26182,13344,6445,6992258660,3724334898,2522439,1341500,277.2,277.62,3863939,10716593559,19789,0.5,7.9,0.9,1304,621,475418,406484,1273330745,1142208234,-0.4,-0.4,0.08,0.06,267.83,281.02,277.41,277.44
2025-01-10,16:35:00,SBER,277.38,277.4,277.0,277.19,0.0001,30520,84588374,816,277.16,-0.0685,475,341,36532890,48055485,13180,17340,-0.14,277.18,277.14,1,1,62,300,22126,8985,10132181970,5115560476,3657228,1852299,277.05,276.17,5509527,15247742447,31111,21577,8568,10006843518,5003425488,3611637,1804054,277.07,277.34,5415691,15010269007,30145,0.8,8.2,1.2,1308,645,482652,411019,1293259665,1155045258,0.11,0.11,0.08,0.06,267.95,281.02,277.15,277.18
2025-01-10,16:40:00,SBER,277.18,277.54,277.11,277.53,0.0,39504,109534497,796,277.27,0.1263,597,199,83669976,25864521,30174,9330,0.53,277.29,277.22,1,299,28,300,4033,2370,2145772182,1499440044,776700,541091,276.27,277.11,1317791,3645212227,6403,3469,2150,2055164359,1445118767,741767,520875,277.06,277.44,1262642,3500283126,5619,0.5,7.7,0.8,1314,643,491166,417517,1316717429,1173096207,-0.24,-0.24,0.08,0.06,268.08,280.97,277.21,277.23
2025-01-10,16:45:00,SBER,277.54,277.69,277.25,277.35,0.0001,34168,94832096,814,277.55,-0.0685,535,279,56629557,38202539,20402,13766,0.19,277.57,277.51,1,120,167,298,81903,11700,35943582317,5200878202,12961301,1876324,277.31,277.18,14837625,41144460520,93603,81367,11330,35864124273,5109382504,12930108,1840430,277.37,277.62,14770538,40973506777,92697,1.3,8.6,2.6,1325,618,493007,402975,1321683960,1132928038,-0.1,-0.1,0.1,0.08,268.09,281.14,277.45,277.52
2025-01-10,16:50:00,SBER,277.34,277.5,277.1,277.12,0.0001,34560,95832417,499,277.29,-0.0793,219,280,39408769,56423648,14209,20351,-0.18,277.35,277.25,1,86,233,299,14916,35600,8005064746,16579600003,2896290,5987993,276.39,276.88,8884283,24584664749,50516,14597,35350,7926019786,16484592327,2858910,5943921,277.24,277.34,8802831,24410612113,49947,1.0,8.5,2.2,1317,631,497420,414412,1333872302,1164677313,0.29,0.29,0.09,0.07,268.16,281.04,277.29,277.35
2025-01-10,16:55:00,SBER,277.12,277.19,277.11,277.13,0.0,11567,32059552,327,277.16,0.0036,191,136,13503761,18555791,4872,6695,-0.16,277.17,277.16,1,90,23,299,2211,1741,1133563071,922976540,410464,337084,276.17,273.81,747548,2056539611,3952,1967,1586,1128810810,882392346,407742,318143,276.84,277.36,725885,2011203156,3553,0.5,7.8,1.1,1310,643,499246,426258,1339083416,1197579353,-0.17,-0.17,0.08,0.06,268.22,280.95,277.15,277.18
2025-01-10,17:00:00,SBER,277.12,277.12,276.76,276.9,0.0,27729,76790342,558,276.93,-0.0794,193,365,16121654,60668688,5822,21907,-0.58,276.91,276.94,1,1,170,299,5671,10698,2253594917,5026878309,816656,1820589,275.95,276.11,2637245,7280473226,16369,5421,10407,2204317897,4993464266,796657,1802686,276.7,277.0,2599343,7197782164,15828,0.6,8.2,1.8,1296,657,484422,428445,1298339385,1203625022,0.0,0.0,0.06,0.04,268.02,280.93,276.88,276.92
2025-01-10,17:05:00,SBER,276.94,277.35,276.93,277.11,0.0,21541,59683395,399,277.07,0.0614,269,130,48125798,11557597,17371,4170,0.61,277.05,277.16,1,109,1,298,7873,12673,3805140394,5772366929,1375250,2083141,276.69,277.1,3458391,9577507324,20546,7634,12489,3750928318,5765886719,1354143,2079514,277.0,277.27,3433657,9516815038,20123,0.5,8.3,1.5,1308,642,488419,423736,1309454742,1190268415,0.02,0.02,0.07,0.05,268.1,280.9,277.1,277.14
2025-01-10,17:10:00,SBER,277.11,277.23,277.01,277.03,0.0,6373,17662872,250,277.15,-0.0289,123,127,5246597,12416275,1893,4480,-0.41,277.16,277.15,1,143,287,293,1946,11867,926254485,5571297552,335283,2012176,276.26,276.88,2347459,6497552037,13813,1825,11723,918587366,5560006978,331700,2005397,276.93,277.25,2337097,6478594344,13548,0.5,7.8,1.6,1308,643,489968,423276,1313768937,1188947764,-0.04,-0.04,0.07,0.05,268.13,280.89,277.13,277.17
2025-01-10,17:15:00,SBER,277.03,277.03,276.75,276.96,0.0,19798,54805850,464,276.83,-0.0253,169,295,14086440,40719409,5089,14709,-0.49,276.8,276.83,3,3,47,296,7065,4087,3226680663,2186447431,1166652,791200,276.58,276.35,1957852,5413128095,11152,6841,3810,3203366722,2149893470,1157491,776110,276.75,277.01,1933601,5353260193,10651,0.7,8.1,1.8,1263,663,482272,424813,1292419486,1193198357,-0.06,-0.06,0.06,0.04,267.99,280.88,276.8,276.85
2025-01-10,17:20:00,SBER,276.95,277.29,276.94,277.26,0.0,11575,32078885,379,277.14,0.1119,248,131,21093210,10985675,7611,3964,0.32,277.14,277.14,1,253,1,300,7708,3924,3586317475,1783649082,1296365,643634,276.64,277.12,1939999,5369966557,11632,7494,3719,3561641552,1725421694,1285809,622192,277.0,277.31,1908001,5287063247,11213,0.6,7.9,1.2,1285,643,481691,431241,1290903529,1211231289,-0.02,-0.02,0.06,0.03,267.99,280.87,277.15,277.18
2025-01-10,17:25:00,SBER,277.24,277.29,276.94,277.29,0.0001,11628,32228205,320,277.16,0.018,147,173,16641859,15586346,6004,5624,0.03,277.18,277.14,1,271,59,300,58870,5667,24091553010,2684667100,8697503,971419,276.99,276.37,9668922,26776220110,64537,58684,5467,24052941923,2676317019,8681372,965234,277.06,277.27,9646606,26729258943,64151,0.8,8.1,2.0,1286,647,483507,433743,1295855545,1218210048,0.02,0.02,0.05,0.03,268.01,280.86,277.13,277.19
2025-01-10,17:30:00,SBER,277.29,277.6,277.25,277.58,0.0,41196,114283100,668,277.41,0.1046,489,179,94673813,19609287,34126,7070,0.66,277.42,277.36,1,268,29,299,9637,3978,4636369602,1858232166,1676712,671408,276.52,276.77,2348120,6494601769,13615,9307,3700,4538324805,1785567672,1637343,643291,277.18,277.57,2280634,6323892478,13007,0.7,7.5,1.4,1297,631,489453,429934,1312273536,1207830558,-0.23,-0.23,0.06,0.04,268.11,280.93,277.37,277.41
2025-01-10,17:35:00,SBER,277.59,277.84,277.38,277.82,0.0,69469,192908435,1094,277.69,0.0829,821,273,156978976,35929459,56528,12941,0.63,277.7,277.64,1,228,44,300,9498,5309,4750072895,2534620125,1718376,920951,276.43,275.22,2639327,7284693021,14807,8860,4936,4589424425,2407867925,1654140,866859,277.45,277.77,2520999,6997292350,13796,0.7,7.8,1.4,1312,608,488649,413659,1310296850,1162795110,-0.18,-0.18,0.08,0.06,268.14,281.1,277.65,277.69
2025-01-10,17:40:00,SBER,277.82,279.01,277.77,278.79,0.0,269269,749690698,11091,278.42,0.3491,10078,1013,623883386,125807313,224107,45162,0.66,278.39,278.57,1,192,2,300,78432,46696,39113345652,22951779598,14101128,8253911,277.38,278.07,22355039,62065125250,125128,69645,45077,38513858972,22671656298,13834721,8132389,278.39,278.78,21967110,61185515270,114722,1.1,8.7,2.4,1349,538,510618,316440,1371780779,892790330,-0.21,-0.21,0.24,0.21,268.64,282.21,278.43,278.5
2025-01-10,17:45:00,SBER,278.8,279.14,278.51,278.77,0.0001,90853,253421410,1335,278.94,-0.0108,676,659,104463463,148957947,37446,53407,-0.18,278.97,278.91,1,53,106,300,35613,30741,20025699168,13988755971,7209348,5033796,277.77,277.9,12243144,34014455139,66354,34908,29931,19896033640,13560534141,7137760,4861278,278.74,278.95,11999038,33456567781,64839,1.1,8.3,2.4,1372,515,506381,323447,1360129171,913050788,0.02,0.02,0.22,0.2,268.6,282.32,278.82,278.89
2025-01-10,17:50:00,SBER,278.84,279.09,278.3,278.48,0.0,52860,147403108,1093,278.86,-0.1291,564,529,74092253,73310856,26561,26299,0.0,278.95,278.76,2,51,241,300,27055,36947,12901283093,17265571952,4636052,6203595,278.28,278.32,10839647,30166855045,64002,26272,36474,12774774333,17156754275,4583875,6152994,278.69,278.84,10736869,29931528609,62746,1.0,8.2,2.0,1379,526,507814,367539,1364179146,1036501096,-0.06,-0.06,0.16,0.14,268.64,282.01,278.78,278.84
2025-01-10,17:55:00,SBER,278.48,278.98,278.46,278.98,0.0,31903,88929400,822,278.75,0.1795,485,337,51768177,37161224,18568,13335,0.16,278.8,278.67,3,279,6,300,28454,20260,13395240061,9542588143,4813442,3429508,278.29,278.25,8242950,22937828205,48714,27928,19863,13312307736,9471852559,4777777,3397301,278.63,278.81,8175078,22784160296,47791,0.6,8.2,2.2,1385,534,513965,371742,1381295887,1048323155,-0.01,-0.01,0.16,0.14,268.75,282.0,278.73,278.8
2025-01-10,18:00:00,SBER,278.97,279.53,278.91,279.29,0.0,180758,504808123,3375,279.27,0.1147,2848,527,418383025,86425098,149805,30953,0.66,279.29,279.21,1,186,238,300,28945,22982,13389632177,11356870779,4842148,4075167,276.52,278.68,8917315,24746502956,51927,26519,22155,13035830761,11131616331,4672461,3985229,278.99,279.32,8657690,24167447092,48674,0.7,7.7,1.5,1407,501,526430,319029,1416452674,901352899,-0.2,-0.2,0.25,0.22,269.06,282.57,279.19,279.23
2025-01-10,18:05:00,SBER,279.24,279.45,278.4,278.89,0.0001,85288,237870867,1427,278.9,-0.1253,689,738,78239379,159631488,28036,57252,-0.34,279.07,278.82,1,32,120,300,34726,64860,19330417699,41372537427,6937951,14852123,278.62,278.56,21790074,60702955126,99586,33893,64155,19091268583,41210543290,6847250,14761959,278.82,279.17,21609209,60301811873,98048,1.0,8.4,2.2,1397,521,523187,301134,1407477781,851309018,-0.03,-0.03,0.27,0.25,269.02,282.7,278.9,278.97
2025-01-10,18:10:00,SBER,278.89,279.16,278.46,278.61,0.0,62213,173427293,3127,278.76,-0.1004,439,2688,58222998,115204295,20882,41331,-0.33,278.82,278.74,1,152,66,300,46987,120983,21142353640,85465568667,7590958,30652018,278.52,278.83,38242976,106607922308,167970,46502,118248,21085282368,85331437409,7569060,30588530,278.57,278.97,38157590,106416719778,164750,1.4,9.1,2.3,1385,536,510402,306488,1375694857,866288889,0.07,0.07,0.25,0.23,269.54,282.65,278.76,278.83
2025-01-10,18:15:00,SBER,278.61,279.32,278.6,278.67,0.0001,63035,175840054,1119,278.96,0.0215,627,492,89623164,86216890,32120,30915,0.02,279.03,278.88,1,192,273,300,65017,66779,29347826749,47871794501,10536425,17176978,278.54,278.7,27713403,77219621251,131796,64360,66269,29221160540,47744690516,10482593,17112474,278.76,279.01,27595067,76965851056,130629,1.2,8.8,2.7,1392,526,503383,312249,1357796046,882468148,-0.06,-0.06,0.23,0.21,269.73,282.62,278.91,278.98
2025-01-10,18:20:00,SBER,278.68,279.0,278.54,278.58,0.0001,46844,130550336,745,278.69,-0.0359,393,352,60983899,69566436,21880,24964,-0.07,278.72,278.67,1,102,122,300,21485,33920,9312001366,21759400825,3347874,7813465,278.15,278.49,11161339,31071402191,55405,21034,33478,9206095237,21653715570,3304008,7764631,278.63,278.88,11068639,30859810807,54512,0.9,8.3,2.2,1380,545,502610,318900,1355767805,900985750,-0.18,-0.18,0.22,0.2,269.74,282.53,278.66,278.72
2025-01-10,18:25:00,SBER,278.54,278.54,277.71,278.19,0.0001,138219,384311786,1508,278.05,-0.1257,547,961,126551584,257760202,45519,92700,-0.34,278.02,278.06,2,2,52,300,91693,71601,40101741984,45511083315,14440349,16371617,277.71,277.99,30811966,85612825300,163294,90926,70890,39871739982,45198611441,14341753,16237906,278.01,278.35,30579659,85070351424,161816,1.0,8.7,2.2,1334,580,478935,326746,1289561835,922766087,-0.02,-0.02,0.19,0.17,269.25,282.41,278.06,278.12
2025-01-10,18:30:00,SBER,278.13,278.58,278.1,278.48,0.0001,31353,87288589,532,278.41,0.1258,313,219,59110611,28177978,21231,10122,0.35,278.42,278.38,1,154,4,300,22541,45592,10457204698,26401229164,3764143,9483161,277.81,278.4,13247304,36858433862,68133,22183,45315,10336421074,26325416248,3715163,9451180,278.22,278.54,13166343,36661837322,67498,0.8,8.3,1.8,1360,569,489175,327878,1318008598,925983911,-0.17,-0.17,0.2,0.17,269.43,282.42,278.4,278.45
2025-01-10,18:35:00,SBER,278.48,278.49,278.1,278.3,0.0,22340,62163870,781,278.26,-0.0646,500,281,22942114,39221755,8244,14096,-0.26,278.29,278.25,1,1,132,299,24539,38782,11815171135,21244765710,4250543,7635985,277.97,278.22,11886528,33059936845,63321,24000,38464,11754712491,21195226152,4226006,7612813,278.15,278.42,11838819,32949938643,62464,0.7,8.3,2.0,1355,582,503701,331579,1358313899,936337801,-0.04,-0.04,0.21,0.18,269.67,282.39,278.23,278.29
2025-01-10,18:40:00,SBER,278.29,278.31,277.78,277.97,0.0001,72652,201981623,1078,278.01,-0.115,548,530,63428286,138553337,22815,49837,-0.37,278.01,278.01,2,6,227,297,101490,67184,44318082688,47018858343,15944380,16916389,277.95,277.95,32860769,91336941031,168674,100898,66783,44227087354,46911355990,15906634,16859858,278.04,278.24,32766492,91138443344,167681,1.2,9.2,2.6,1342,592,504194,334007,1359388743,942904594,0.11,0.11,0.2,0.18,269.61,282.3,278.04,278.11
2025-01-10,19:10:00,SBER,278.15,278.21,277.6,277.94,0.0001,56724,157630662,1316,277.89,-0.0755,829,487,64111700,93518962,23068,33656,-0.19,277.92,277.87,1,44,142,298,58237,33465,24069532284,16355584836,8668303,5894922,277.67,277.45,14563225,40425117120,91702,57248,33035,23928968709,16226755080,8613454,5834191,277.81,278.13,14447645,40155723789,90283,1.1,8.7,2.2,1333,604,510452,325617,1376292582,919488312,0.09,0.09,0.22,0.2,269.62,282.38,277.87,277.93
2025-01-10,19:15:00,SBER,277.93,278.49,277.92,278.43,0.0,34655,96471906,503,278.38,0.1799,350,153,74953516,21518390,26925,7730,0.55,278.38,278.38,2,141,9,300,25588,7443,11780053562,3607524078,4239022,1296715,277.9,278.2,5535737,15387577640,33031,25290,7207,11700115279,3552991714,4205065,1275931,278.24,278.46,5480996,15253106994,32497,0.7,8.0,1.2,1357,580,517295,323127,1395174933,912442907,-0.07,-0.07,0.23,0.21,269.71,282.38,278.31,278.34
2025-01-10,19:20:00,SBER,278.43,278.89,278.33,278.88,0.0,32833,91478158,595,278.62,0.1616,412,183,70623848,20854310,25348,7485,0.54,278.62,278.61,1,279,14,299,17327,10859,6697833015,4469885626,2412620,1604549,277.62,278.58,4017169,11167718641,28186,17032,10555,6657307199,4407394835,2390870,1581019,278.45,278.77,3971889,11064702034,27587,0.5,7.8,1.1,1371,559,518585,317241,1398898650,895872961,-0.19,-0.19,0.24,0.22,269.75,282.4,278.65,278.68
2025-01-10,19:25:00,SBER,278.89,278.9,278.08,278.68,0.0001,39467,109951772,794,278.59,-0.0753,424,370,53213753,56738020,19098,20369,-0.03,278.64,278.55,3,20,111,300,48807,19722,21452369620,9151035873,7709449,3289044,278.26,278.23,10998493,30603405494,68529,48350,19312,21359855769,9046960924,7671156,3246339,278.44,278.68,10917495,30406816693,67662,0.9,8.4,1.9,1370,564,527090,325357,1422616619,918557698,-0.06,-0.06,0.24,0.21,269.86,282.33,278.58,278.64
2025-01-10,19:30:00,SBER,278.68,278.69,278.22,278.44,0.0001,18558,51665642,370,278.4,-0.0861,186,184,24061152,27604490,8643,9915,-0.07,278.39,278.41,3,11,190,297,40365,40347,18976898419,15557847729,6818491,5589920,278.32,278.32,12408411,34534746148,80712,40162,40100,18970673706,15511942799,6815464,5570196,278.35,278.48,12385660,34482616505,80262,0.8,8.5,2.1,1361,576,504517,323376,1360727576,913008290,0.0,0.0,0.22,0.2,269.71,282.34,278.44,278.5
2025-01-10,19:35:00,SBER,278.42,278.75,278.07,278.75,0.0,35505,98862067,3401,278.45,0.1185,219,3182,48461204,50400863,17399,18106,-0.02,278.53,278.37,1,290,128,294,10244,22683,5192553695,6050882026,1867825,2174072,278.0,278.32,4041897,11243435721,32927,10052,19462,5123604535,6043544985,1841896,2169808,278.17,278.53,4011704,11167149520,29514,1.0,8.4,1.9,1361,578,501939,298110,1353951506,841450263,0.01,0.01,0.25,0.23,269.74,282.26,278.45,278.5
2025-01-10,19:40:00,SBER,278.76,279.0,278.52,278.85,0.0001,32794,91443224,543,278.84,0.0323,373,170,63026399,28416825,22601,10193,0.38,278.87,278.79,2,180,51,300,8568,50123,5789281221,19728157092,2081591,7082817,278.12,278.54,9164408,25517438313,58691,8373,49765,5703857868,19639097782,2049436,7043960,278.31,278.81,9093396,25342955650,58138,0.7,8.6,1.8,1370,557,506841,297956,1367517014,840993812,-0.07,-0.07,0.26,0.24,269.81,282.25,278.73,278.78
2025-01-10,19:45:00,SBER,278.85,278.85,278.52,278.79,0.0001,10051,28010284,255,278.68,-0.0215,103,152,9228236,18782048,3311,6740,-0.34,278.71,278.67,2,2,153,290,12102,30161,9715880201,12832218158,3491243,4609217,278.29,278.4,8100460,22548098359,42263,11970,29997,9701031458,12826614965,3484351,4601332,278.42,278.76,8085683,22527646424,41967,1.3,8.6,2.2,1369,561,516792,302573,1395240228,853911288,0.06,0.06,0.26,0.24,269.94,282.22,278.68,278.74
2025-01-10,19:50:00,SBER,278.79,278.8,278.68,278.8,0.0001,5725,15959810,220,278.77,0.0036,118,102,6063759,9896051,2175,3550,-0.24,278.79,278.76,1,2,114,297,19806,2253,17206671154,662736977,6180755,238880,278.39,277.44,6419635,17869408131,22059,19653,2116,17195846597,643274043,6176084,230606,278.43,278.95,6406690,17839120641,21769,0.7,7.9,1.3,1372,561,506928,303706,1367721858,857073401,-0.57,-0.57,0.25,0.23,269.81,282.2,278.76,278.8
2025-01-10,19:55:00,SBER,278.79,278.8,278.6,278.62,0.0001,9364,26095662,240,278.68,-0.061,103,137,9707995,16387667,3483,5881,-0.26,278.73,278.65,4,5,240,291,6139,19294,3942090254,8269551245,1416933,2969017,278.21,278.53,4385950,12211641499,25433,6011,19149,3930236034,8249886750,1412000,2958964,278.35,278.81,4370964,12180122785,25160,0.9,8.2,1.9,1370,567,505162,309829,1362856639,874132405,-0.08,-0.08,0.24,0.22,269.79,282.13,278.68,278.73
2025-01-10,20:00:00,SBER,278.67,278.67,278.22,278.44,0.0001,7905,22007372,295,278.4,-0.0825,114,181,5367099,16640273,1928,5977,-0.51,278.38,278.41,3,3,159,300,24067,33645,12921391545,13377371386,4645198,4804014,278.17,278.46,9449212,26298762932,57712,23880,33534,12905884256,13351695134,4638929,4792316,278.21,278.61,9431245,26257579390,57414,0.9,8.4,2.0,1357,583,502513,312092,1355490652,880523718,-0.23,-0.23,0.23,0.21,269.74,282.14,278.41,278.47
2025-01-10,20:05:00,SBER,278.44,278.75,278.44,278.47,0.0001,6636,18485565,245,278.56,0.0108,132,113,11090455,7395110,3981,2655,0.2,278.58,278.54,4,165,4,300,11130,34699,7934687975,15082963235,2852319,5413352,278.18,278.63,8265671,23017651211,45829,10992,34547,7918119225,15078721869,2844925,5411322,278.32,278.65,8256247,22996841094,45539,0.7,8.4,2.2,1360,575,502977,311472,1356805706,878765196,0.25,0.25,0.24,0.21,269.75,282.13,278.53,278.59
2025-01-10,20:10:00,SBER,278.47,278.55,278.44,278.52,0.0,4508,12554181,169,278.49,0.018,87,82,6619828,5934353,2377,2131,0.05,278.5,278.48,5,269,31,300,3098,41743,2621232653,18402288100,942979,6606842,277.97,278.53,7549821,21023520753,44841,2993,41639,2608892097,18404109896,937993,6606755,278.14,278.57,7544748,21013001993,44632,0.6,7.9,1.3,1359,581,503719,305206,1358894799,861144399,0.1,0.1,0.25,0.22,269.77,282.15,278.47,278.51
2025-01-10,20:15:00,SBER,278.52,278.52,278.32,278.37,0.0,8359,23273205,226,278.42,-0.0539,86,140,4876210,18396996,1751,6608,-0.58,278.48,278.4,1,1,262,297,12112,5096,5542649063,2048291776,1991754,737109,278.28,277.88,2728863,7590940839,17208,11986,4973,5572373380,2018062036,2002256,724671,278.3,278.48,2726927,7590435417,16959,0.7,7.6,1.7,1359,585,491483,306931,1325996492,865949597,-0.02,-0.02,0.23,0.21,269.79,282.13,278.44,278.49
2025-01-10,20:20:00,SBER,278.4,278.4,278.03,278.27,0.0,10259,28542248,289,278.22,-0.0467,99,190,10385625,18156623,3733,6526,-0.27,278.21,278.22,3,3,247,290,34699,37155,15340244992,14998707211,5516440,5392848,278.08,278.12,10909288,30338952203,71854,34573,37020,15323552134,14984947613,5508613,5382736,278.17,278.39,10891349,30308499748,71593,0.8,8.1,1.9,1338,601,483209,309429,1303362673,872910820,-0.02,-0.02,0.22,0.2,269.73,282.1,278.22,278.27
2025-01-10,20:25:00,SBER,278.28,278.43,278.15,278.3,0.0001,7671,21348601,230,278.3,0.0072,123,107,11086096,10262505,3983,3688,0.04,278.34,278.27,4,184,31,295,12614,6097,5887276872,1879336371,2119349,676398,277.79,277.84,2795747,7766613244,18711,12467,5959,5834838752,1911631677,2097856,686305,278.13,278.54,2784161,7746470429,18426,0.8,8.2,2.3,1341,597,498012,305267,1344208933,861155435,-0.26,-0.26,0.24,0.22,269.91,282.1,278.26,278.33
2025-01-10,20:30:00,SBER,278.3,278.32,278.06,278.11,0.0,12114,33698006,237,278.17,-0.0683,111,126,14257591,19440416,5126,6988,-0.15,278.14,278.2,1,5,170,300,2083,4982,881866467,2001885654,318215,721484,277.13,277.47,1039699,2883752122,7065,1956,4844,876105644,1971074326,315285,708050,277.88,278.38,1023335,2847179970,6800,0.7,7.7,1.2,1335,605,496957,294140,1341274337,829711193,-0.19,-0.19,0.26,0.24,269.9,282.08,278.17,278.21
2025-01-10,20:35:00,SBER,278.12,278.55,278.07,278.5,0.0,18307,50947423,329,278.29,0.1366,241,88,37453396,13494027,13456,4851,0.47,278.34,278.17,1,256,98,299,29764,8435,12517628681,2414921849,4499942,867316,278.17,278.44,5367258,14932550530,38199,29645,8282,12462122320,2375139262,4477863,852743,278.31,278.53,5330606,14837261582,37927,0.6,8.5,1.4,1340,600,494218,293179,1333778979,827009448,0.16,0.16,0.26,0.23,269.88,282.08,278.27,278.31
2025-01-10,20:40:00,SBER,278.5,278.53,278.47,278.51,0.0,4587,12774847,173,278.5,0.0036,79,94,6174443,6600404,2217,2370,-0.03,278.5,278.5,1,148,18,300,36727,1521,16981743124,595517251,6100022,214879,278.39,277.14,6314901,17577260376,38248,36615,1387,16982310901,584821627,6099630,209874,278.42,278.65,6309504,17567132528,38002,0.5,8.0,0.8,1358,585,492079,292195,1327983371,824297628,-0.04,-0.04,0.25,0.23,269.87,282.1,278.49,278.51
2025-01-10,20:45:00,SBER,278.51,278.51,278.27,278.32,0.0,5513,15348450,182,278.4,-0.0682,79,103,5417946,9930504,1946,3567,-0.29,278.41,278.4,1,1,255,292,17909,3716,7088666216,1522460924,2548976,548232,278.1,277.7,3097208,8611127141,21625,17792,3611,7088666822,1504484408,2547927,540320,278.21,278.44,3088247,8593151230,21403,0.5,7.4,1.3,1356,595,490633,294359,1324017845,830316940,-0.13,-0.13,0.25,0.23,269.86,282.08,278.38,278.41
2025-01-10,20:50:00,SBER,278.31,278.38,278.25,278.25,0.0,5182,14421789,161,278.31,-0.0216,61,100,2950214,11471575,1060,4122,-0.59,278.32,278.3,11,73,182,300,4624,1840,1890241101,722388918,680130,262300,277.92,275.41,942430,2612630019,6464,4538,1750,1877413339,717903016,674841,257824,278.2,278.45,932665,2595316356,6288,0.6,7.8,1.8,1350,601,488437,296332,1317974689,835802483,0.37,0.37,0.24,0.22,269.84,282.05,278.3,278.35
2025-01-10,20:55:00,SBER,278.28,278.31,278.03,278.22,0.0001,10552,29350972,280,278.16,-0.0216,108,172,11101644,18249328,3991,6561,-0.24,278.17,278.15,1,74,27,293,36830,7312,13892698143,3255312451,4997072,1173823,278.02,277.33,6170895,17148010594,44142,36631,7211,13860503293,3246872354,4983346,1166850,278.14,278.26,6150196,17107375647,43842,0.9,8.6,2.5,1339,611,491439,295865,1326323342,834483334,-0.08,-0.08,0.25,0.23,269.88,282.05,278.15,278.22
2025-01-10,21:00:00,SBER,278.2,278.3,278.2,278.22,0.0,3572,9938348,134,278.23,0.0072,54,80,2259307,7679042,812,2760,-0.55,278.24,278.23,6,22,6,299,732,50780,339924380,19491735282,122413,7005166,277.69,278.25,7127579,19831659663,51512,625,50696,322344851,19442610198,115921,6986379,278.07,278.29,7102300,19764955049,51321,0.5,7.3,1.1,1346,610,493983,307793,1333409076,867776502,0.06,0.06,0.23,0.21,269.93,281.93,278.23,278.26
2025-01-10,21:05:00,SBER,278.23,278.45,278.22,278.45,0.0,8192,22802103,193,278.35,0.0791,127,66,17277071,5525032,6207,1985,0.52,278.35,278.34,6,297,7,300,2818,2292,1434090149,946628685,516624,340919,277.59,277.67,857543,2380718834,5110,2662,2246,1411863799,938338285,507605,336564,278.14,278.8,844169,2350202084,4908,0.4,7.5,1.4,1355,601,495574,307753,1337849163,867760065,0.05,0.05,0.23,0.21,269.96,281.97,278.33,278.37
2025-01-10,21:10:00,SBER,278.45,278.61,278.45,278.5,0.0,10777,30019545,307,278.55,0.018,204,103,24938864,5080681,8953,1824,0.66,278.55,278.55,2,122,2,300,23592,2918,9291391638,1380627947,3338876,496138,278.28,278.27,3835014,10672019585,26510,23422,2811,9276391630,1369238549,3331541,491348,278.44,278.67,3822889,10645630179,26233,0.7,7.8,1.9,1373,585,496495,301667,1340494496,850755351,-0.17,-0.17,0.24,0.22,269.99,282.02,278.51,278.57
2025-01-10,21:15:00,SBER,278.45,278.56,278.43,278.56,0.0001,2327,6481627,97,278.54,0.0395,46,51,2679610,3802018,962,1365,-0.17,278.55,278.54,11,93,24,299,34724,35525,16045451100,14091316053,5762760,5059536,278.43,278.51,10822296,30136767154,70249,34662,35453,16041205757,14082059892,5760982,5055265,278.45,278.56,10816247,30123265650,70115,0.7,8.1,1.4,1369,587,495690,301338,1338286254,849837583,0.04,0.04,0.24,0.22,269.98,282.02,278.51,278.54
2025-01-10,21:20:00,SBER,278.56,278.6,278.55,278.58,0.0,8440,23510993,207,278.57,0.0072,149,58,18820144,4690850,6756,1684,0.6,278.57,278.55,6,172,16,300,13851,16393,6212526062,4435672673,2234297,1592570,278.05,278.52,3826867,10648198736,30244,13710,16312,6219682454,4416598751,2233729,1584971,278.44,278.65,3818700,10636281206,30022,0.5,7.5,1.4,1373,585,493001,302688,1330844804,853607599,-0.45,-0.45,0.24,0.22,269.95,282.01,278.54,278.58
2025-01-10,21:25:00,SBER,278.59,278.8,278.58,278.76,0.0,13429,37429744,274,278.72,0.061,215,59,35054666,2375078,12577,852,0.87,278.72,278.77,4,90,32,297,2586,1163,1264324936,541090676,456189,194283,277.15,278.51,650472,1805415612,3749,2489,1040,1231312785,528484627,442044,189486,278.55,278.9,631530,1759797412,3529,0.7,7.9,1.9,1388,568,490744,296147,1324641452,835397041,-0.14,-0.14,0.25,0.23,269.92,282.09,278.69,278.75
2025-01-10,21:30:00,SBER,278.77,278.94,278.75,278.84,0.0,49472,137963069,333,278.87,0.0251,204,129,34207318,103755751,12268,37204,-0.5,278.83,278.88,4,250,33,300,17718,7675,7864785746,3814770065,2822232,1380405,278.67,276.35,4202637,11679555812,25393,17583,7515,7823945253,3730875787,2806715,1337511,278.76,278.94,4144226,11554821040,25098,0.7,7.6,1.7,1399,560,497105,289156,1342366898,815906140,0.02,0.02,0.26,0.24,270.03,282.17,278.82,278.86
2025-01-10,21:35:00,SBER,278.86,278.92,278.86,278.91,0.0,10305,28739210,235,278.89,0.0179,141,94,9398589,19340621,3370,6935,-0.35,278.89,278.88,2,73,2,300,1487,1745,648454243,814609115,233482,296523,277.73,274.72,530005,1463063358,3232,1322,1632,636141417,786754008,228288,282003,278.66,278.99,510291,1422895425,2954,0.5,7.5,1.5,1401,557,490809,290416,1324853887,819437300,-0.11,-0.11,0.26,0.24,269.93,282.16,278.86,278.9
2025-01-10,21:40:00,SBER,278.91,278.93,278.87,278.93,0.0,5503,15347208,124,278.89,0.0072,79,45,7996083,7351126,2867,2636,0.04,278.9,278.87,1,271,6,300,2249,700,785355333,328541460,283480,119796,277.04,274.25,403276,1113896793,2949,2172,618,633192979,319448955,227255,114479,278.63,279.05,341734,952641934,2790,0.6,7.3,1.5,1401,556,506153,293546,1367782497,828220159,-0.05,-0.05,0.27,0.25,270.21,282.14,278.87,278.91
2025-01-10,21:45:00,SBER,278.93,279.2,278.93,279.09,0.0,51414,143490978,660,279.09,0.0574,509,151,128833219,14657759,46162,5252,0.8,279.09,279.09,3,112,3,300,34297,2335,14970787059,1075903384,5388338,386727,277.84,278.21,5775065,16046690443,36632,34014,2097,14885481137,1037807102,5335264,371647,279.0,279.25,5706911,15923288240,36111,0.4,7.1,1.1,1418,543,546344,269566,1479856320,761339579,-0.19,-0.19,0.34,0.32,270.86,282.44,279.06,279.09
2025-01-10,21:50:00,SBER,279.08,279.2,278.92,278.93,0.0001,19374,54068667,361,279.08,-0.0537,141,220,26003574,28065093,9316,10058,-0.04,279.13,279.03,1,133,229,300,10715,24493,5748886386,11039924059,2066258,3964493,278.23,278.47,6030751,16788810446,35208,10534,24302,5851991196,10903924961,2097370,3906955,279.02,279.09,6004325,16755916158,34836,0.8,7.8,1.4,1418,547,526664,282374,1424940316,797227178,0.07,0.07,0.3,0.28,270.54,282.34,279.03,279.07
2025-01-10,21:55:00,SBER,278.96,278.99,278.9,278.93,0.0001,12479,34810480,169,278.95,-0.0108,104,65,26063368,8747112,9343,3136,0.5,278.96,278.93,1,215,171,299,1160,12080,671225867,6185178347,241558,2219791,277.87,278.64,2461349,6856404214,13240,1083,11964,653601664,6176887785,234462,2213930,278.77,279.0,2448392,6830489450,13047,0.8,7.5,1.4,1407,559,493734,302910,1333091899,854668532,0.2,0.2,0.24,0.22,270.0,282.15,278.92,278.96
2025-01-10,22:00:00,SBER,278.97,279.05,278.9,278.94,0.0,7286,20326648,186,278.98,-0.0108,105,81,9398976,10927673,3369,3917,-0.08,278.98,278.98,11,48,282,300,15926,5083,6261836216,2023837787,2247480,726685,278.62,278.5,2974165,8285674004,21009,15847,4977,6270101262,2011947469,2247871,720972,278.94,279.06,2968843,8282048731,20824,0.6,7.9,2.0,1411,552,487978,298809,1317086254,843219827,-0.07,-0.07,0.24,0.22,269.91,282.19,278.97,279.03
2025-01-10,22:05:00,SBER,278.94,279.0,278.9,278.99,0.0,5465,15243671,138,278.93,0.0179,62,76,3461925,11781746,1241,4224,-0.55,278.96,278.92,4,281,118,300,1340,3462,671589416,1251291265,241090,451237,278.56,277.3,692327,1922880681,4802,1265,3379,665928886,1252180202,238963,448648,278.67,279.1,687611,1918109089,4644,0.6,7.8,2.0,1404,557,488274,293707,1317961091,828544846,0.23,0.23,0.25,0.23,269.92,282.1,278.92,278.98
2025-01-10,22:10:00,SBER,278.99,279.16,278.97,279.14,0.0001,10599,29579692,243,279.08,0.0538,179,64,21369842,8209850,7657,2942,0.44,279.09,279.06,3,74,28,298,4663,10348,1938815584,4289394625,699269,1537405,277.26,279.0,2236674,6228210210,15011,4535,10229,1906539843,4266409694,683493,1528547,278.94,279.12,2212040,6172949537,14764,1.2,8.3,2.1,1417,545,487292,293866,1315345963,828987934,-0.11,-0.11,0.25,0.23,269.93,282.1,279.04,279.1
2025-01-10,22:15:00,SBER,279.13,279.17,279.07,279.09,0.0,18900,52759177,222,279.15,-0.0143,123,99,35662955,17096222,12775,6125,0.35,279.16,279.12,7,33,274,299,4648,2197,1882379816,1062893655,678788,382783,277.31,277.68,1061571,2945273471,6845,4520,2076,1849522560,1058796277,662896,379063,279.01,279.32,1041959,2908318837,6596,0.5,7.3,0.9,1420,542,491012,277620,1325807328,783566104,-0.57,-0.57,0.28,0.26,270.01,282.24,279.13,279.15
2025-01-10,22:20:00,SBER,279.09,279.15,279.07,279.11,0.0,12083,33724694,165,279.11,0.0072,80,85,12131038,21593656,4346,7737,-0.28,279.13,279.1,1,44,16,298,3529,3948,1973478433,2180925151,708190,781227,278.67,279.17,1489417,4154403585,7477,3429,3854,1940501644,2205871908,695717,789635,278.92,279.35,1485352,4146373553,7283,0.4,7.0,0.9,1417,547,493918,273437,1333966357,771902833,0.13,0.13,0.29,0.27,270.08,282.3,279.1,279.12
2025-01-10,22:25:00,SBER,279.11,279.13,278.9,278.91,0.0,9407,26246730,181,279.01,-0.0717,65,116,4838636,21408094,1734,7673,-0.63,279.04,279.01,2,13,189,297,10571,41417,4893393027,17793676651,1754933,6380339,278.84,278.88,8135272,22687069679,51988,10484,41311,4909144415,17721318906,1759747,6351240,278.97,279.02,8110987,22630463321,51795,0.6,7.5,1.4,1409,554,481902,282327,1300630404,796720652,-0.3,-0.3,0.26,0.24,269.89,282.2,279.01,279.05
2025-01-10,22:30:00,SBER,278.91,278.98,278.88,278.98,0.0,4202,11720246,142,278.92,0.0251,76,66,6164278,5555968,2210,1992,0.05,278.93,278.91,3,251,59,299,3751,1466,1558627638,459944104,560146,165828,278.25,277.36,725974,2018571743,5217,3662,1379,1535456351,453956510,550915,162674,278.71,279.06,713589,1989412861,5041,0.6,7.6,1.5,1399,562,487748,290058,1316817112,818300514,0.24,0.24,0.25,0.23,269.98,282.12,278.91,278.95
2025-01-10,22:35:00,SBER,278.98,279.09,278.93,278.98,0.0001,9220,25725633,187,279.02,0.0,107,80,14331471,11394161,5136,4084,0.11,279.04,279.0,3,31,228,299,1937,1154,847157670,459720218,305486,166436,277.31,276.21,471922,1306877889,3091,1954,1030,805462050,436858947,288834,156478,278.87,279.18,445312,1242320997,2984,0.9,8.2,2.1,1391,553,487403,289137,1315885020,815739429,-0.11,-0.11,0.26,0.23,269.98,282.13,278.98,279.04
2025-01-10,22:40:00,SBER,278.98,279.0,278.92,278.93,0.0,2224,6203885,124,278.95,-0.0179,50,74,2580438,3623447,925,1299,-0.17,278.97,278.94,6,12,294,300,502,682,206410139,205368838,74718,74220,276.25,276.7,148938,411778977,1184,429,594,196090902,213229774,70349,76383,278.74,279.16,146732,409320676,1023,0.4,7.2,0.9,1387,560,494260,290118,1334934068,818464485,-0.2,-0.2,0.26,0.24,270.09,282.11,278.93,278.96
2025-01-10,22:45:00,SBER,278.94,279.0,278.88,278.94,0.0,6085,16973430,157,278.94,0.0,64,93,9283434,7689996,3328,2757,0.09,278.95,278.93,3,137,69,299,3245,841,1349247544,381133542,486187,138386,277.52,275.41,624573,1730381086,4086,3195,743,1351237862,373446881,484719,133801,278.77,279.11,618520,1724684744,3938,0.8,7.8,1.5,1386,559,493275,287886,1332227298,812217327,-0.09,-0.09,0.26,0.24,270.08,282.13,278.92,278.96
2025-01-10,22:50:00,SBER,278.91,279.11,278.88,279.1,0.0001,26870,74984539,238,279.06,0.0681,170,68,64602528,10382010,23148,3722,0.72,279.08,278.94,5,298,21,298,4295,1421,1629640630,544199062,606134,197201,268.86,275.96,803335,2173839692,5716,4234,1294,1619670849,533507333,580749,191130,278.89,279.13,771879,2153178182,5528,0.9,8.3,2.0,1386,554,492417,282483,1329867767,797133913,0.13,0.13,0.27,0.25,270.07,282.19,278.94,279.0
2025-01-10,22:55:00,SBER,279.1,279.27,278.88,278.97,0.0001,22841,63747912,394,279.09,-0.0466,235,159,34546145,29201767,12375,10466,0.08,279.16,279.02,1,115,235,298,7129,3045,1400388262,1423201978,503746,510925,277.99,278.55,1014671,2823590241,10174,6979,2866,1351138447,1361358744,484364,487441,278.95,279.29,971805,2712497192,9845,2.1,9.3,3.6,1392,536,491458,264056,1327271565,745775197,0.05,0.05,0.3,0.28,270.07,282.43,279.07,279.17
2025-01-10,23:00:00,SBER,279.03,279.04,278.89,279.0,0.0001,1649,4600401,120,278.98,-0.0108,66,54,2935129,1665272,1052,597,0.28,279.0,278.94,1,97,38,292,974,1249,469206294,700827883,168907,251484,277.79,278.68,420391,1170034178,2223,890,1166,462288009,674813489,165855,241748,278.73,279.14,407603,1137101498,2056,1.9,8.9,3.4,1380,550,489643,272018,1322190906,768117307,-0.2,-0.2,0.29,0.27,270.03,282.38,278.92,279.01
2025-01-10,23:05:00,SBER,279.01,279.2,279.01,279.19,0.0,5365,14973935,238,279.1,0.0645,144,94,8766819,6207116,3141,2224,0.17,279.11,279.1,1,292,1,297,1071,790,557111224,356092349,201396,127945,276.62,278.32,329341,913203573,1861,1009,668,549692370,363773693,197046,130251,278.97,279.29,327297,913466064,1677,0.4,8.4,1.4,1390,540,489451,272845,1321660442,770442617,0.3,0.3,0.28,0.26,270.03,282.37,279.07,279.11
2025-01-10,23:10:00,SBER,279.19,279.2,279.0,279.04,0.0001,4192,11700390,135,279.11,-0.0537,45,90,4839717,6860674,1734,2458,-0.17,279.11,279.12,6,8,269,300,952,1416,527543258,907869219,190585,326041,276.8,278.45,516626,1435412477,2368,882,1327,519822041,908395366,186436,325289,278.82,279.26,511725,1428217407,2209,0.7,8.4,1.8,1390,538,491153,269335,1326393142,760526471,-0.04,-0.04,0.29,0.27,270.06,282.37,279.07,279.12
2025-01-10,23:15:00,SBER,279.04,279.07,278.66,278.84,0.0001,14344,40005549,363,278.9,-0.0717,104,259,10943338,29062211,3923,10421,-0.45,278.95,278.88,3,4,266,300,1442,1408,607992901,897636818,220739,328411,275.44,273.33,549150,1505629720,2850,1311,1254,595045436,815213334,213615,292130,278.56,279.06,505745,1410258770,2565,0.7,8.1,1.4,1379,551,490327,268088,1324113833,756986553,-0.05,-0.05,0.29,0.27,270.05,282.37,278.96,279.0
2025-01-10,23:20:00,SBER,278.82,278.88,278.66,278.83,0.0001,4678,13040675,149,278.77,0.0036,91,58,7231737,5808938,2594,2084,0.11,278.79,278.74,2,248,4,298,1270,1150,618955818,764247436,223428,274912,277.03,278.0,498340,1383203254,2420,1173,1067,604750413,753987359,217162,270308,278.48,278.94,487470,1358737772,2240,1.1,8.5,1.9,1364,566,485583,289714,1311101402,817417495,0.27,0.27,0.25,0.23,270.01,282.15,278.74,278.79
2025-01-10,23:25:00,SBER,278.83,278.89,278.8,278.86,0.0,5569,15529769,142,278.86,0.0108,97,45,13508089,2021680,4844,725,0.74,278.86,278.85,1,111,34,298,475,757,273971936,544683174,100349,195467,273.02,278.66,295816,818655110,1232,437,655,268766218,529880489,96529,189935,278.43,278.98,286464,798646707,1092,0.5,8.1,1.8,1372,561,485914,291736,1312163890,823065487,-0.07,-0.07,0.25,0.23,270.04,282.13,278.82,278.87
2025-01-10,23:30:00,SBER,278.86,279.03,278.85,279.03,0.0001,14267,39794558,209,278.93,0.061,144,65,35253673,4540885,12639,1628,0.77,278.93,278.92,9,271,10,295,712,867,344335568,431394499,127714,155574,269.61,277.29,283288,775730068,1579,604,788,331046565,422766287,118854,151471,278.53,279.11,270325,753812852,1392,0.8,8.2,2.2,1376,556,483371,288814,1305294607,814923150,-0.26,-0.26,0.25,0.23,270.04,282.16,278.89,278.95
2025-01-10,23:35:00,SBER,279.03,279.04,278.75,278.8,0.0001,12178,33961269,219,278.87,-0.0824,71,148,5169294,28791975,1853,10325,-0.7,278.97,278.86,6,10,224,293,1229,1583,517358603,1816703896,186547,654250,277.33,277.68,840797,2334062500,2812,1116,1521,484471458,1805337167,173838,646858,278.69,279.09,820696,2289808626,2637,1.0,8.6,2.5,1375,554,479257,283231,1293916703,799346703,-0.19,-0.19,0.26,0.24,269.98,282.22,278.91,278.98
2025-01-10,23:40:00,SBER,278.8,278.96,278.8,278.89,0.0001,4922,13726514,186,278.88,0.0323,125,61,11417397,2309117,4094,828,0.66,278.88,278.88,6,15,6,300,589,793,153775711,609307767,57869,218572,265.73,278.77,276441,763083478,1382,433,731,139581360,592420147,50101,212294,278.6,279.06,262395,732001507,1164,0.8,10.0,3.4,1369,559,482857,283737,1303873925,800719590,-0.43,-0.43,0.26,0.24,270.03,282.2,278.82,278.91
2025-01-10,23:45:00,SBER,278.89,279.03,278.83,278.96,0.0001,22296,62192211,280,278.94,0.0251,159,121,44003927,18188284,15774,6522,0.41,278.96,278.88,2,86,99,298,749,1421,424689142,594272357,157910,217758,268.94,272.9,375668,1018961500,2170,582,1286,370925179,578302701,133170,207176,278.54,279.14,340346,949227881,1868,1.5,10.1,3.2,1368,556,484720,279142,1309189775,787773536,-0.33,-0.33,0.27,0.25,270.09,282.21,278.86,278.95
2025-01-10,23:50:00,SBER,278.94,278.99,278.47,278.77,0.0001,31457,87688837,579,278.76,-0.0609,237,342,16597696,71091141,5953,25504,-0.62,278.81,278.75,2,30,275,298,962,920,295698894,313496457,109021,124292,271.23,252.23,233313,609195351,1882,851,885,296391891,351441671,106761,125736,277.62,279.51,232497,647833562,1736,1.5,10.7,2.9,1352,552,473436,253436,1278374771,715663750,-0.16,-0.16,0.3,0.28,270.02,282.39,278.79,278.87
